defect_type,image_name,original_width,original_height,original_defect_pixels,cropped_defect_pixels,retention_ratio,loss_ratio,fully_lost
aotu,000000.png,1024,1024,1624,99,0.060961,0.939039,False
aotu,000001.png,1024,1024,1191,74,0.062133,0.937867,False
aotu,000002.png,1024,1024,857,54,0.063011,0.936989,False
aotu,000003.png,1024,1024,41685,2616,0.062756,0.937244,False
aotu,000004.png,1024,1024,49299,3081,0.062496,0.937504,False
aotu,000005.png,1024,1024,11117,621,0.055860,0.944140,False
aotu,000006.png,1024,1024,44548,2791,0.062652,0.937348,False
aotu,000007.png,1024,1024,21503,776,0.036088,0.963912,False
aotu,000008.png,1024,1024,39508,2462,0.062316,0.937684,False
aotu,000009.png,1024,1024,24351,1512,0.062092,0.937908,False
aotu,000010.png,1024,1024,370,22,0.059459,0.940541,False
aotu,000011.png,1024,1024,640,37,0.057813,0.942187,False
aotu,000012.png,1024,1024,1413,86,0.060863,0.939137,False
aotu,000013.png,1024,1024,3507,222,0.063302,0.936698,False
aotu,000014.png,1024,1024,1484,92,0.061995,0.938005,False
aotu,000015.png,1024,1024,1500,96,0.064000,0.936000,False
aotu,000016.png,1024,1024,1748,107,0.061213,0.938787,False
aotu,000017.png,1024,1024,850,53,0.062353,0.937647,False
aotu,000018.png,1024,1024,356,20,0.056180,0.943820,False
aotu,000019.png,1024,1024,3671,230,0.062653,0.937347,False
aotu,000020.png,1024,1024,2343,149,0.063594,0.936406,False
aotu,000021.png,1024,1024,1918,119,0.062044,0.937956,False
aotu,000022.png,1024,1024,3640,228,0.062637,0.937363,False
aotu,000023.png,1024,1024,2534,156,0.061563,0.938437,False
aotu,000024.png,1024,1024,33139,1247,0.037629,0.962371,False
aotu,000025.png,1024,1024,7258,158,0.021769,0.978231,False
aotu,000026.png,1024,1024,18251,1141,0.062517,0.937483,False
aotu,000027.png,1024,1024,14473,359,0.024805,0.975195,False
aotu,000028.png,1024,1024,1777,110,0.061902,0.938098,False
aotu,000029.png,1024,1024,200,12,0.060000,0.940000,False
aotu,000030.png,1024,1024,8905,558,0.062661,0.937339,False
aotu,000031.png,1024,1024,22113,1392,0.062949,0.937051,False
aotu,000032.png,1024,1024,18081,1133,0.062662,0.937338,False
aotu,000033.png,1024,1024,11206,690,0.061574,0.938426,False
aotu,000034.png,1024,1024,20033,1252,0.062497,0.937503,False
aotu,000035.png,1024,1024,24178,826,0.034163,0.965837,False
aotu,000036.png,1024,1024,14682,431,0.029356,0.970644,False
aotu,000037.png,1024,1024,4339,56,0.012906,0.987094,False
aotu,000038.png,1024,1024,31974,1348,0.042159,0.957841,False
aotu,000039.png,1024,1024,20363,621,0.030496,0.969504,False
aotu,000040.png,1024,1024,34735,2164,0.062300,0.937700,False
aotu,000041.png,1024,1024,11102,686,0.061791,0.938209,False
aotu,000042.png,1024,1024,27074,1679,0.062015,0.937985,False
aotu,000043.png,1024,1024,44917,2808,0.062515,0.937485,False
aotu,000044.png,1024,1024,36585,2284,0.062430,0.937570,False
aotu,000045.png,1024,1024,23644,1476,0.062426,0.937574,False
aotu,000046.png,1024,1024,12400,782,0.063065,0.936935,False
aotu,000047.png,1024,1024,19539,1203,0.061569,0.938431,False
aotu,000048.png,1024,1024,49896,3102,0.062169,0.937831,False
aotu,000049.png,1024,1024,66313,4148,0.062552,0.937448,False
aotu,000050.png,1024,1024,42749,2674,0.062551,0.937449,False
aotu,000051.png,1024,1024,47698,2960,0.062057,0.937943,False
aotu,000052.png,1024,1024,12763,798,0.062524,0.937476,False
aotu,000053.png,1024,1024,12763,552,0.043250,0.956750,False
aotu,000054.png,1024,1024,18199,1135,0.062366,0.937634,False
aotu,000055.png,1024,1024,13994,886,0.063313,0.936687,False
aotu,000056.png,1024,1024,890,56,0.062921,0.937079,False
aotu,000057.png,1024,1024,2492,155,0.062199,0.937801,False
aotu,000058.png,1024,1024,1094,69,0.063071,0.936929,False
aotu,000059.png,1024,1024,21376,1343,0.062827,0.937173,False
aotu,000060.png,1024,1024,74538,4662,0.062545,0.937455,False
aotu,000061.png,1024,1024,64858,4060,0.062598,0.937402,False
aotu,000062.png,1024,1024,26894,1375,0.051127,0.948873,False
aotu,000063.png,1024,1024,55786,3487,0.062507,0.937493,False
aotu,000064.png,1024,1024,30421,1707,0.056113,0.943887,False
aotu,000065.png,1024,1024,27997,1249,0.044612,0.955388,False
aotu,000066.png,1024,1024,16378,550,0.033582,0.966418,False
aotu,000067.png,1024,1024,23935,1327,0.055442,0.944558,False
aotu,000068.png,1024,1024,52554,3278,0.062374,0.937626,False
aotu,000069.png,1024,1024,27140,1132,0.041710,0.958290,False
aotu,000070.png,1024,1024,16108,517,0.032096,0.967904,False
aotu,000071.png,1024,1024,18434,637,0.034556,0.965444,False
aotu,000072.png,1024,1024,46831,2929,0.062544,0.937456,False
aotu,000073.png,1024,1024,53880,2585,0.047977,0.952023,False
aotu,000074.png,1024,1024,59420,3177,0.053467,0.946533,False
aotu,000075.png,1024,1024,19886,1244,0.062557,0.937443,False
aotu,000076.png,1024,1024,24484,1542,0.062980,0.937020,False
aotu,000077.png,1024,1024,23435,1454,0.062044,0.937956,False
aotu,000078.png,1024,1024,6725,421,0.062602,0.937398,False
aotu,000079.png,1024,1024,16611,793,0.047739,0.952261,False
bianxing,000000.png,1024,1024,17571,1083,0.061636,0.938364,False
bianxing,000001.png,1024,1024,58512,3667,0.062671,0.937329,False
bianxing,000002.png,1024,1024,23036,509,0.022096,0.977904,False
bianxing,000003.png,768,288,1702,0,0.000000,1.000000,True
bianxing,000004.png,768,288,4967,784,0.157842,0.842158,False
bianxing,000005.png,768,288,4164,921,0.221182,0.778818,False
bianxing,000006.png,1024,1024,10155,632,0.062235,0.937765,False
bianxing,000007.png,1024,1024,55362,3458,0.062462,0.937538,False
bianxing,000008.png,1024,1024,25474,1583,0.062142,0.937858,False
bianxing,000009.png,1024,1024,68047,4240,0.062310,0.937690,False
bianxing,000010.png,1024,1024,60406,3786,0.062676,0.937324,False
bianxing,000011.png,1024,1024,29907,690,0.023072,0.976928,False
bianxing,000012.png,1024,1024,76848,3397,0.044204,0.955796,False
bianxing,000013.png,1024,1024,32473,1254,0.038617,0.961383,False
bianxing,000014.png,1024,1024,16571,249,0.015026,0.984974,False
bianxing,000015.png,1024,1024,6057,0,0.000000,1.000000,True
bianxing,000016.png,1024,1024,12391,769,0.062061,0.937939,False
bianxing,000017.png,1024,1024,34587,2149,0.062133,0.937867,False
bianxing,000018.png,1024,1024,53554,3336,0.062292,0.937708,False
bianxing,000019.png,1024,1024,11249,706,0.062761,0.937239,False
bianxing,000020.png,1024,1024,29130,1809,0.062101,0.937899,False
bianxing,000021.png,1024,1024,110513,6904,0.062472,0.937528,False
bianxing,000022.png,1024,1024,31123,1760,0.056550,0.943450,False
bianxing,000023.png,1024,1024,65084,3535,0.054314,0.945686,False
bianxing,000024.png,1024,1024,163910,9390,0.057288,0.942712,False
bianxing,000025.png,1024,1024,60260,2675,0.044391,0.955609,False
bianxing,000026.png,1024,1024,55568,2776,0.049957,0.950043,False
bianxing,000027.png,1024,1024,49003,2404,0.049058,0.950942,False
bianxing,000028.png,1024,1024,87303,3313,0.037948,0.962052,False
bianxing,000029.png,1024,1024,92255,4034,0.043727,0.956273,False
bianxing,000030.png,1024,1024,33512,2091,0.062396,0.937604,False
bianxing,000031.png,1024,1024,29528,1173,0.039725,0.960275,False
bianxing,000032.png,1024,1024,21918,313,0.014281,0.985719,False
bianxing,000033.png,1024,1024,10002,620,0.061988,0.938012,False
bianxing,000034.png,1024,1024,78809,4403,0.055869,0.944131,False
bianxing,000035.png,1024,1024,90838,4361,0.048009,0.951991,False
bianxing,000036.png,1024,1024,23631,507,0.021455,0.978545,False
bianxing,000037.png,1024,1024,78961,3243,0.041071,0.958929,False
bianxing,000038.png,952,576,2865,0,0.000000,1.000000,True
bianxing,000039.png,952,576,41468,1954,0.047121,0.952879,False
fabai,000000.png,1024,1024,2280,79,0.034649,0.965351,False
fabai,000001.png,1024,1024,1235,77,0.062348,0.937652,False
fabai,000002.png,1024,1024,2810,179,0.063701,0.936299,False
fabai,000003.png,1024,1024,2701,62,0.022954,0.977046,False
fabai,000004.png,1024,1024,4102,264,0.064359,0.935641,False
fabai,000005.png,400,288,17502,9628,0.550109,0.449891,False
fabai,000006.png,1024,1024,8442,527,0.062426,0.937574,False
fabai,000007.png,1024,1024,5300,196,0.036981,0.963019,False
fabai,000008.png,1024,1024,17303,977,0.056464,0.943536,False
fabai,000009.png,1024,1024,2228,139,0.062388,0.937612,False
fabai,000010.png,1024,1024,4365,282,0.064605,0.935395,False
fabai,000011.png,1024,1024,26892,1636,0.060836,0.939164,False
fabai,000012.png,1024,1024,18600,682,0.036667,0.963333,False
fabai,000013.png,1024,1024,5348,330,0.061705,0.938295,False
fabai,000014.png,1024,1024,2085,134,0.064269,0.935731,False
fabai,000015.png,1024,1024,18158,1123,0.061846,0.938154,False
fabai,000016.png,1024,1024,13482,841,0.062379,0.937621,False
fabai,000017.png,1024,1024,10827,153,0.014131,0.985869,False
fabai,000018.png,1024,1024,7244,456,0.062949,0.937051,False
fabai,000019.png,1024,1024,2820,11,0.003901,0.996099,False
fabai,000020.png,1024,1024,12357,774,0.062637,0.937363,False
fabai,000021.png,1024,1024,19940,586,0.029388,0.970612,False
fabai,000022.png,1024,1024,22404,1408,0.062846,0.937154,False
fabai,000023.png,1024,1024,26542,1664,0.062693,0.937307,False
fabai,000024.png,1024,1024,2975,99,0.033277,0.966723,False
fabai,000025.png,1024,1024,14543,670,0.046070,0.953930,False
fabai,000026.png,1024,1024,2654,99,0.037302,0.962698,False
fabai,000027.png,1024,1024,6391,366,0.057268,0.942732,False
fabai,000028.png,1024,1024,3125,171,0.054720,0.945280,False
fabai,000029.png,1024,1024,2237,138,0.061690,0.938310,False
fabai,000030.png,1024,1024,6636,375,0.056510,0.943490,False
fabai,000031.png,600,576,22537,4428,0.196477,0.803523,False
fabai,000032.png,600,576,47667,9362,0.196404,0.803596,False
fabai,000033.png,688,288,44372,18802,0.423736,0.576264,False
fabai,000034.png,688,288,40765,16860,0.413590,0.586410,False
fabai,000035.png,688,288,38528,16335,0.423977,0.576023,False
fabai,000036.png,688,288,40392,16531,0.409264,0.590736,False
fabai,000037.png,1024,1024,11148,659,0.059114,0.940886,False
fabai,000038.png,1024,1024,10589,312,0.029465,0.970535,False
fabai,000039.png,1024,1024,22175,1229,0.055423,0.944577,False
fabai,000040.png,1024,1024,7740,60,0.007752,0.992248,False
fabai,000041.png,1024,1024,1692,96,0.056738,0.943262,False
fabai,000042.png,1024,1024,19053,1134,0.059518,0.940482,False
fabai,000043.png,1024,1024,303192,17878,0.058966,0.941034,False
fabai,000044.png,1024,1024,370322,22461,0.060653,0.939347,False
fabai,000045.png,1024,1024,325885,19999,0.061368,0.938632,False
fabai,000046.png,688,288,26609,12089,0.454320,0.545680,False
fabai,000047.png,688,288,46102,18988,0.411869,0.588131,False
fabai,000048.png,688,288,18064,0,0.000000,1.000000,True
fabai,000049.png,688,288,36991,6833,0.184721,0.815279,False
fabai,000050.png,688,288,43283,12670,0.292725,0.707275,False
fabai,000051.png,1024,1024,2376,149,0.062710,0.937290,False
fabai,000052.png,1024,1024,13915,876,0.062954,0.937046,False
fabai,000053.png,1024,1024,19108,1195,0.062539,0.937461,False
fabai,000054.png,1024,1024,345925,20257,0.058559,0.941441,False
fabai,000055.png,1024,1024,420651,23807,0.056596,0.943404,False
fabai,000056.png,1024,1024,369565,21505,0.058190,0.941810,False
fabai,000057.png,1024,1024,413755,23710,0.057304,0.942696,False
fabai,000058.png,1024,1024,439044,24713,0.056288,0.943712,False
fabai,000059.png,1024,1024,352578,20780,0.058937,0.941063,False
fabai,000060.png,1024,1024,438705,24760,0.056439,0.943561,False
fabai,000061.png,950,800,171844,17595,0.102389,0.897611,False
fabai,000062.png,950,800,170039,17371,0.102159,0.897841,False
fabai,000063.png,950,800,169976,17381,0.102256,0.897744,False
fabai,000064.png,950,800,167953,17186,0.102326,0.897674,False
fabai,000065.png,950,800,56461,5775,0.102283,0.897717,False
fabai,000066.png,950,800,25605,2613,0.102050,0.897950,False
fabai,000067.png,1024,1024,10198,493,0.048343,0.951657,False
fabai,000068.png,1024,1024,2536,112,0.044164,0.955836,False
fabai,000069.png,1024,1024,15098,943,0.062459,0.937541,False
fabai,000070.png,950,800,175663,17873,0.101746,0.898254,False
fabai,000071.png,950,800,31825,3267,0.102655,0.897345,False
fabai,000072.png,950,800,178202,18169,0.101957,0.898043,False
fabai,000073.png,950,800,74457,7603,0.102113,0.897887,False
fabai,000074.png,950,800,164682,16532,0.100387,0.899613,False
fabai,000075.png,950,800,16979,1498,0.088227,0.911773,False
fabai,000076.png,950,800,164308,16419,0.099928,0.900072,False
fabai,000077.png,950,800,165775,16633,0.100335,0.899665,False
fabai,000078.png,950,800,141451,14145,0.099999,0.900001,False
fabai,000079.png,950,800,133560,13453,0.100726,0.899274,False
fabai,000080.png,1024,1024,730,8,0.010959,0.989041,False
fabai,000081.png,1024,1024,8307,339,0.040809,0.959191,False
fabai,000082.png,1024,1024,2038,57,0.027969,0.972031,False
fabai,000083.png,800,288,40214,17459,0.434152,0.565848,False
fabai,000084.png,800,288,56771,20835,0.367001,0.632999,False
fabai,000085.png,800,288,55906,20174,0.360856,0.639144,False
fabai,000086.png,800,288,3289,0,0.000000,1.000000,True
fabai,000087.png,400,288,15814,9145,0.578285,0.421715,False
fabai,000088.png,400,288,21904,13392,0.611395,0.388605,False
fabai,000089.png,400,288,14753,7977,0.540704,0.459296,False
fabai,000090.png,720,288,12054,2100,0.174216,0.825784,False
fabai,000091.png,720,288,25754,3980,0.154539,0.845461,False
fabai,000092.png,720,288,237,145,0.611814,0.388186,False
fabai,000093.png,720,288,11729,1077,0.091824,0.908176,False
fabai,000094.png,600,576,15419,3029,0.196446,0.803554,False
fabai,000095.png,400,288,20932,11446,0.546818,0.453182,False
fabai,000096.png,400,288,21790,12287,0.563883,0.436117,False
fabai,000097.png,950,800,169888,16440,0.096770,0.903230,False
fabai,000098.png,950,800,169334,16412,0.096921,0.903079,False
fabai,000099.png,950,800,83259,8200,0.098488,0.901512,False
fabai,000100.png,950,800,170224,16485,0.096843,0.903157,False
fabai,000101.png,950,800,170164,16481,0.096854,0.903146,False
fabai,000102.png,950,800,130685,12615,0.096530,0.903470,False
fabai,000103.png,950,800,109126,10205,0.093516,0.906484,False
fabai,000104.png,952,576,108713,13157,0.121025,0.878975,False
fabai,000105.png,688,288,50644,19657,0.388141,0.611859,False
fabai,000106.png,800,288,5095,2058,0.403925,0.596075,False
fabai,000107.png,800,288,16450,0,0.000000,1.000000,True
guoxi,000000.png,952,576,12041,0,0.000000,1.000000,True
guoxi,000001.png,952,576,146161,18811,0.128701,0.871299,False
guoxi,000002.png,600,576,40165,7925,0.197311,0.802689,False
guoxi,000003.png,600,576,131360,25833,0.196658,0.803342,False
guoxi,000004.png,600,576,98599,19434,0.197101,0.802899,False
guoxi,000005.png,600,576,64189,12662,0.197261,0.802739,False
guoxi,000006.png,600,576,42166,8363,0.198335,0.801665,False
guoxi,000007.png,600,576,100037,19832,0.198247,0.801753,False
guoxi,000008.png,600,576,93950,18580,0.197765,0.802235,False
guoxi,000009.png,600,576,95676,18820,0.196706,0.803294,False
guoxi,000010.png,952,576,103945,10279,0.098889,0.901111,False
guoxi,000011.png,768,288,61227,19568,0.319598,0.680402,False
guoxi,000012.png,768,288,54627,19356,0.354330,0.645670,False
guoxi,000013.png,952,576,5773,184,0.031873,0.968127,False
guoxi,000014.png,952,576,10050,663,0.065970,0.934030,False
guoxi,000015.png,952,576,73035,7389,0.101171,0.898829,False
guoxi,000016.png,600,576,18734,3707,0.197876,0.802124,False
guoxi,000017.png,600,576,100614,19882,0.197607,0.802393,False
guoxi,000018.png,952,576,216813,32775,0.151167,0.848833,False
guoxi,000019.png,688,288,7137,2623,0.367521,0.632479,False
guoxi,000020.png,448,288,29969,18699,0.623945,0.376055,False
guoxi,000021.png,952,576,55040,2920,0.053052,0.946948,False
guoxi,000022.png,952,576,114505,13250,0.115715,0.884285,False
guoxi,000023.png,952,576,255315,33273,0.130321,0.869679,False
guoxi,000024.png,448,288,26278,16413,0.624591,0.375409,False
guoxi,000025.png,448,288,23512,14241,0.605691,0.394309,False
guoxi,000026.png,448,288,16571,6449,0.389174,0.610826,False
guoxi,000027.png,448,288,5864,0,0.000000,1.000000,True
guoxi,000028.png,952,576,12170,0,0.000000,1.000000,True
guoxi,000029.png,952,576,86997,7771,0.089325,0.910675,False
guoxi,000030.png,600,576,131354,25857,0.196850,0.803150,False
guoxi,000031.png,600,576,9567,1897,0.198286,0.801714,False
guoxi,000032.png,600,576,50130,9846,0.196409,0.803591,False
guoxi,000033.png,800,288,18344,7048,0.384213,0.615787,False
guoxi,000034.png,800,288,10327,3555,0.344243,0.655757,False
guoxi,000035.png,800,288,20078,7464,0.371750,0.628250,False
guoxi,000036.png,800,288,47519,25664,0.540079,0.459921,False
guoxi,000037.png,800,288,49008,24845,0.506958,0.493042,False
guoxi,000038.png,800,288,69880,29225,0.418217,0.581783,False
guoxi,000039.png,800,288,71758,30160,0.420302,0.579698,False
guoxi,000040.png,720,288,7482,0,0.000000,1.000000,True
guoxi,000041.png,720,288,52780,19936,0.377719,0.622281,False
guoxi,000042.png,720,288,3311,0,0.000000,1.000000,True
guoxi,000043.png,720,288,31628,15629,0.494151,0.505849,False
guoxi,000044.png,720,288,332,261,0.786145,0.213855,False
guoxi,000045.png,952,576,1365,0,0.000000,1.000000,True
guoxi,000046.png,600,576,15138,2985,0.197186,0.802814,False
guoxi,000047.png,688,288,844,668,0.791469,0.208531,False
guoxi,000048.png,600,576,115375,22732,0.197027,0.802973,False
guoxi,000049.png,600,576,121020,23796,0.196629,0.803371,False
guoxi,000050.png,600,576,52890,10443,0.197448,0.802552,False
guoxi,000051.png,600,576,131469,25880,0.196852,0.803148,False
guoxi,000052.png,288,288,8213,5486,0.667965,0.332035,False
guoxi,000053.png,288,288,2411,1763,0.731232,0.268768,False
guoxi,000054.png,288,288,14242,9845,0.691265,0.308735,False
guoxi,000055.png,288,288,13132,9831,0.748629,0.251371,False
guoxi,000056.png,600,576,80042,15805,0.197459,0.802541,False
guoxi,000057.png,600,576,126702,24933,0.196785,0.803215,False
guoxi,000058.png,600,576,125322,24724,0.197284,0.802716,False
guoxi,000059.png,600,576,129887,25488,0.196232,0.803768,False
guoxi,000060.png,600,576,125779,24707,0.196432,0.803568,False
guoxi,000061.png,600,576,124859,24518,0.196366,0.803634,False
guoxi,000062.png,600,576,119576,23553,0.196971,0.803029,False
guoxi,000063.png,600,576,78808,15523,0.196972,0.803028,False
guoxi,000064.png,600,576,3104,621,0.200064,0.799936,False
guoxi,000065.png,600,576,123733,24357,0.196851,0.803149,False
guoxi,000066.png,600,576,120714,23776,0.196961,0.803039,False
guoxi,000067.png,600,576,86857,17111,0.197002,0.802998,False
guoxi,000068.png,600,576,106879,21146,0.197850,0.802150,False
guoxi,000069.png,600,576,96426,19003,0.197073,0.802927,False
guoxi,000070.png,600,576,144259,28396,0.196840,0.803160,False
guoxi,000071.png,600,576,40608,8012,0.197301,0.802699,False
guoxi,000072.png,600,576,134175,26485,0.197391,0.802609,False
guoxi,000073.png,600,576,126514,24877,0.196634,0.803366,False
guoxi,000074.png,600,576,25207,4982,0.197644,0.802356,False
huashang,000000.png,1024,1024,10964,640,0.058373,0.941627,False
huashang,000001.png,1024,1024,14844,872,0.058744,0.941256,False
huashang,000002.png,1024,1024,9189,525,0.057134,0.942866,False
huashang,000003.png,1024,1024,12388,772,0.062318,0.937682,False
huashang,000004.png,1024,1024,12031,704,0.058516,0.941484,False
huashang,000005.png,1024,1024,9238,526,0.056939,0.943061,False
huashang,000006.png,1024,1024,12555,732,0.058303,0.941697,False
huashang,000007.png,1024,1024,11339,705,0.062175,0.937825,False
huashang,000008.png,1024,1024,12779,780,0.061038,0.938962,False
huashang,000009.png,1024,1024,14028,825,0.058811,0.941189,False
huashang,000010.png,1024,1024,13844,865,0.062482,0.937518,False
huashang,000011.png,1024,1024,16213,975,0.060137,0.939863,False
huashang,000012.png,1024,1024,16343,931,0.056966,0.943034,False
huashang,000013.png,952,576,9527,1260,0.132256,0.867744,False
huashang,000014.png,952,576,10582,1507,0.142412,0.857588,False
huashang,000015.png,952,576,9274,1244,0.134138,0.865862,False
huashang,000016.png,952,576,3799,345,0.090813,0.909187,False
huashang,000017.png,952,576,4734,562,0.118716,0.881284,False
huashang,000018.png,952,576,3104,229,0.073776,0.926224,False
huashang,000019.png,952,576,1123,26,0.023152,0.976848,False
huashang,000020.png,952,576,6044,740,0.122435,0.877565,False
huashang,000021.png,952,576,936,188,0.200855,0.799145,False
huashang,000022.png,952,576,12802,1568,0.122481,0.877519,False
huashang,000023.png,952,576,16706,2086,0.124865,0.875135,False
huashang,000024.png,952,576,8323,963,0.115703,0.884297,False
huashang,000025.png,952,576,7462,888,0.119003,0.880997,False
huashang,000026.png,952,576,12854,1471,0.114439,0.885561,False
huashang,000027.png,952,576,11935,1399,0.117218,0.882782,False
huashang,000028.png,952,576,3430,483,0.140816,0.859184,False
huashang,000029.png,952,576,2826,441,0.156051,0.843949,False
huashang,000030.png,952,576,2255,247,0.109534,0.890466,False
huashang,000031.png,952,576,5189,296,0.057044,0.942956,False
huashang,000032.png,952,576,1388,120,0.086455,0.913545,False
huashang,000033.png,952,576,3889,315,0.080998,0.919002,False
huashang,000034.png,952,576,4298,161,0.037459,0.962541,False
huashang,000035.png,952,576,3852,358,0.092939,0.907061,False
huashang,000036.png,952,576,2116,0,0.000000,1.000000,True
huashang,000037.png,952,576,4229,552,0.130527,0.869473,False
huashang,000038.png,952,576,6239,881,0.141209,0.858791,False
huashang,000039.png,952,576,7653,1105,0.144388,0.855612,False
huashang,000040.png,952,576,9211,937,0.101726,0.898274,False
huashang,000041.png,952,576,3910,467,0.119437,0.880563,False
huashang,000042.png,952,576,5896,581,0.098541,0.901459,False
huashang,000043.png,952,576,2939,129,0.043892,0.956108,False
huashang,000044.png,952,576,5216,255,0.048888,0.951112,False
huashang,000045.png,952,576,3252,151,0.046433,0.953567,False
huashang,000046.png,952,576,3875,336,0.086710,0.913290,False
huashang,000047.png,952,576,17394,2463,0.141601,0.858399,False
huashang,000048.png,952,576,6789,852,0.125497,0.874503,False
huashang,000049.png,952,576,10280,1209,0.117607,0.882393,False
huashang,000050.png,952,576,7577,1014,0.133826,0.866174,False
huashang,000051.png,952,576,3423,11,0.003214,0.996786,False
huashang,000052.png,952,576,9083,734,0.080810,0.919190,False
huashang,000053.png,952,576,4986,650,0.130365,0.869635,False
huashang,000054.png,952,576,8809,1304,0.148030,0.851970,False
huashang,000055.png,952,576,11502,1663,0.144584,0.855416,False
huashang,000056.png,952,576,7727,1028,0.133040,0.866960,False
huashang,000057.png,952,576,7227,894,0.123703,0.876297,False
huashang,000058.png,1024,1024,5503,322,0.058514,0.941486,False
huashang,000059.png,1024,1024,7253,456,0.062871,0.937129,False
huashang,000060.png,1024,1024,4467,263,0.058876,0.941124,False
huashang,000061.png,1024,1024,4274,256,0.059897,0.940103,False
huashang,000062.png,1024,1024,7757,484,0.062395,0.937605,False
huashang,000063.png,1024,1024,7933,466,0.058742,0.941258,False
huashang,000064.png,1024,1024,7219,398,0.055132,0.944868,False
huashang,000065.png,1024,1024,8649,550,0.063591,0.936409,False
huashang,000066.png,1024,1024,6126,348,0.056807,0.943193,False
huashang,000067.png,1024,1024,8480,497,0.058608,0.941392,False
huashang,000068.png,1024,1024,4168,238,0.057102,0.942898,False
huashang,000069.png,1024,1024,4628,263,0.056828,0.943172,False
huashang,000070.png,1024,1024,6646,384,0.057779,0.942221,False
huashang,000071.png,1024,1024,5461,315,0.057682,0.942318,False
huashang,000072.png,1024,1024,8261,476,0.057620,0.942380,False
huashang,000073.png,1024,1024,6386,379,0.059349,0.940651,False
huashang,000074.png,1024,1024,1422,89,0.062588,0.937412,False
huashang,000075.png,1024,1024,5029,298,0.059256,0.940744,False
huashang,000076.png,1024,1024,8609,518,0.060170,0.939830,False
huashang,000077.png,1024,1024,7046,407,0.057763,0.942237,False
huashang,000078.png,1024,1024,5488,321,0.058491,0.941509,False
huashang,000079.png,1024,1024,11830,692,0.058495,0.941505,False
huashang,000080.png,1024,1024,6152,378,0.061443,0.938557,False
huashang,000081.png,1024,1024,5663,330,0.058273,0.941727,False
huashang,000082.png,1024,1024,11170,647,0.057923,0.942077,False
huashang,000083.png,1024,1024,7033,407,0.057870,0.942130,False
huashang,000084.png,1024,1024,11366,661,0.058156,0.941844,False
huashang,000085.png,1024,1024,10436,611,0.058547,0.941453,False
huashang,000086.png,1024,1024,10621,609,0.057339,0.942661,False
huashang,000087.png,952,576,12523,1363,0.108840,0.891160,False
huashang,000088.png,952,576,6958,837,0.120293,0.879707,False
huashang,000089.png,952,576,7258,835,0.115045,0.884955,False
huashang,000090.png,952,576,12371,1498,0.121090,0.878910,False
huashang,000091.png,952,576,13490,1570,0.116383,0.883617,False
huashang,000092.png,952,576,13996,1934,0.138182,0.861818,False
huashang,000093.png,952,576,5599,819,0.146276,0.853724,False
huashang,000094.png,952,576,10616,1434,0.135079,0.864921,False
huashang,000095.png,952,576,4894,550,0.112383,0.887617,False
huashang,000096.png,952,576,10326,1376,0.133256,0.866744,False
huashang,000097.png,952,576,3540,200,0.056497,0.943503,False
huashang,000098.png,952,576,9823,1352,0.137636,0.862364,False
huashang,000099.png,952,576,2940,193,0.065646,0.934354,False
huashang,000100.png,952,576,5796,808,0.139406,0.860594,False
huashang,000101.png,952,576,6066,806,0.132872,0.867128,False
huashang,000102.png,952,576,8558,888,0.103763,0.896237,False
huashang,000103.png,952,576,7164,964,0.134562,0.865438,False
huashang,000104.png,952,576,12150,1498,0.123292,0.876708,False
huashang,000105.png,952,576,4441,278,0.062599,0.937401,False
huashang,000106.png,1024,1024,4690,270,0.057569,0.942431,False
huashang,000107.png,1024,1024,5882,326,0.055423,0.944577,False
huashang,000108.png,1024,1024,8516,493,0.057891,0.942109,False
huashang,000109.png,1024,1024,10825,613,0.056628,0.943372,False
huashang,000110.png,1024,1024,4323,248,0.057368,0.942632,False
huashang,000111.png,1024,1024,5479,297,0.054207,0.945793,False
huashang,000112.png,1024,1024,5395,337,0.062465,0.937535,False
huashang,000113.png,1024,1024,8369,483,0.057713,0.942287,False
huashang,000114.png,1024,1024,2524,112,0.044374,0.955626,False
huashang,000115.png,1024,1024,4452,257,0.057727,0.942273,False
huashang,000116.png,1024,1024,6111,336,0.054983,0.945017,False
huashang,000117.png,1024,1024,1872,116,0.061966,0.938034,False
huashang,000118.png,1024,1024,500,23,0.046000,0.954000,False
huashang,000119.png,1024,1024,6121,358,0.058487,0.941513,False
huashang,000120.png,1024,1024,6979,381,0.054592,0.945408,False
huashang,000121.png,1024,1024,2080,110,0.052885,0.947115,False
huashang,000122.png,1024,1024,2035,91,0.044717,0.955283,False
huashang,000123.png,1024,1024,5227,302,0.057777,0.942223,False
huashang,000124.png,1024,1024,2684,141,0.052534,0.947466,False
huashang,000125.png,1024,1024,4702,276,0.058698,0.941302,False
huashang,000126.png,1024,1024,7014,382,0.054463,0.945537,False
huashang,000127.png,1024,1024,3331,173,0.051936,0.948064,False
huashang,000128.png,1024,1024,8723,486,0.055715,0.944285,False
huashang,000129.png,1024,1024,10718,615,0.057380,0.942620,False
huashang,000130.png,1024,1024,4936,281,0.056929,0.943071,False
huashang,000131.png,1024,1024,5737,330,0.057521,0.942479,False
huashang,000132.png,1024,1024,6259,364,0.058156,0.941844,False
huashang,000133.png,1024,1024,6494,374,0.057592,0.942408,False
huashang,000134.png,1024,1024,1978,0,0.000000,1.000000,True
huashang,000135.png,1024,1024,10138,591,0.058296,0.941704,False
huashang,000136.png,1024,1024,11029,646,0.058573,0.941427,False
huashang,000137.png,1024,1024,3266,182,0.055726,0.944274,False
huashang,000138.png,1024,1024,3196,162,0.050688,0.949312,False
huashang,000139.png,1024,1024,9293,526,0.056602,0.943398,False
huashang,000140.png,1024,1024,6087,352,0.057828,0.942172,False
huashang,000141.png,1024,1024,4867,280,0.057530,0.942470,False
huashang,000142.png,1024,1024,5244,298,0.056827,0.943173,False
huashang,000143.png,1024,1024,2694,140,0.051967,0.948033,False
huashang,000144.png,1024,1024,6281,343,0.054609,0.945391,False
huashang,000145.png,1024,1024,2183,108,0.049473,0.950527,False
huashang,000146.png,1024,1024,10343,612,0.059170,0.940830,False
huashang,000147.png,1024,1024,3503,167,0.047673,0.952327,False
huashang,000148.png,1024,1024,3795,238,0.062714,0.937286,False
huashang,000149.png,1024,1024,6028,327,0.054247,0.945753,False
huashang,000150.png,1024,1024,9617,562,0.058438,0.941562,False
huashang,000151.png,1024,1024,8689,503,0.057889,0.942111,False
huashang,000152.png,1024,1024,5796,327,0.056418,0.943582,False
huashang,000153.png,952,576,2006,198,0.098704,0.901296,False
huashang,000154.png,952,576,4522,388,0.085803,0.914197,False
huashang,000155.png,952,576,2297,199,0.086635,0.913365,False
huashang,000156.png,952,576,1420,124,0.087324,0.912676,False
huashang,000157.png,952,576,6043,939,0.155386,0.844614,False
huashang,000158.png,952,576,4454,610,0.136956,0.863044,False
huashang,000159.png,952,576,8048,1029,0.127858,0.872142,False
huashang,000160.png,952,576,7336,887,0.120911,0.879089,False
huashang,000161.png,952,576,11064,1504,0.135936,0.864064,False
huashang,000162.png,952,576,4862,351,0.072193,0.927807,False
huashang,000163.png,952,576,5294,564,0.106536,0.893464,False
huashang,000164.png,952,576,5389,694,0.128781,0.871219,False
huashang,000165.png,952,576,6403,760,0.118694,0.881306,False
huashang,000166.png,952,576,6251,847,0.135498,0.864502,False
huashang,000167.png,952,576,7299,1134,0.155364,0.844636,False
huashang,000168.png,952,576,7826,895,0.114362,0.885638,False
huashang,000169.png,952,576,4756,587,0.123423,0.876577,False
huashang,000170.png,952,576,6837,741,0.108381,0.891619,False
huashang,000171.png,952,576,5173,609,0.117727,0.882273,False
huashang,000172.png,952,576,8229,1013,0.123101,0.876899,False
huashang,000173.png,952,576,11853,1392,0.117439,0.882561,False
huashang,000174.png,952,576,8011,934,0.116590,0.883410,False
huashang,000175.png,952,576,7937,928,0.116921,0.883079,False
huashang,000176.png,952,576,7513,851,0.113270,0.886730,False
huashang,000177.png,952,576,6115,931,0.152249,0.847751,False
huashang,000178.png,952,576,2136,146,0.068352,0.931648,False
huashang,000179.png,952,576,1420,95,0.066901,0.933099,False
huashang,000180.png,952,576,2334,181,0.077549,0.922451,False
huashang,000181.png,952,576,4672,417,0.089255,0.910745,False
huashang,000182.png,952,576,1319,108,0.081880,0.918120,False
huashang,000183.png,952,576,2485,211,0.084909,0.915091,False
huashang,000184.png,952,576,2570,255,0.099222,0.900778,False
huashang,000185.png,952,576,3579,211,0.058955,0.941045,False
huashang,000186.png,1024,1024,991,43,0.043391,0.956609,False
huashang,000187.png,1024,1024,697,25,0.035868,0.964132,False
huashang,000188.png,952,576,7214,973,0.134877,0.865123,False
huashang,000189.png,952,576,9122,1074,0.117737,0.882263,False
huashang,000190.png,952,576,563,12,0.021314,0.978686,False
huashang,000191.png,952,576,19143,2413,0.126051,0.873949,False
huashang,000192.png,952,576,7201,843,0.117067,0.882933,False
huashang,000193.png,952,576,8563,1004,0.117249,0.882751,False
huashang,000194.png,952,576,6865,782,0.113911,0.886089,False
huashang,000195.png,952,576,3111,97,0.031180,0.968820,False
huashang,000196.png,952,576,1921,155,0.080687,0.919313,False
huashang,000197.png,952,576,2742,255,0.092998,0.907002,False
huashang,000198.png,952,576,2336,194,0.083048,0.916952,False
huashang,000199.png,1024,1024,3309,0,0.000000,1.000000,True
huashang,000200.png,1024,1024,4997,192,0.038423,0.961577,False
huashang,000201.png,1024,1024,7997,466,0.058272,0.941728,False
huashang,000202.png,1024,1024,7861,457,0.058135,0.941865,False
huashang,000203.png,1024,1024,6171,321,0.052018,0.947982,False
huashang,000204.png,952,576,12419,1601,0.128915,0.871085,False
huashang,000205.png,952,576,12462,1463,0.117397,0.882603,False
huashang,000206.png,952,576,9667,1141,0.118030,0.881970,False
huashang,000207.png,952,576,9718,1225,0.126055,0.873945,False
huashang,000208.png,952,576,16136,1875,0.116200,0.883800,False
huashang,000209.png,952,576,8487,987,0.116296,0.883704,False
huashang,000210.png,952,576,20979,2330,0.111063,0.888937,False
huashang,000211.png,952,576,10156,1195,0.117664,0.882336,False
huashang,000212.png,952,576,7242,865,0.119442,0.880558,False
huashang,000213.png,952,576,2778,226,0.081353,0.918647,False
huashang,000214.png,952,576,3071,207,0.067405,0.932595,False
huashang,000215.png,952,576,2102,185,0.088011,0.911989,False
huashang,000216.png,952,576,4251,397,0.093390,0.906610,False
huashang,000217.png,952,576,164,0,0.000000,1.000000,True
huashang,000218.png,952,576,3166,227,0.071699,0.928301,False
huashang,000219.png,952,576,1526,128,0.083879,0.916121,False
huashang,000220.png,952,576,4593,408,0.088831,0.911169,False
huashang,000221.png,1024,1024,3983,224,0.056239,0.943761,False
huashang,000222.png,1024,1024,5145,310,0.060253,0.939747,False
huashang,000223.png,1024,1024,469,0,0.000000,1.000000,True
huashang,000224.png,1024,1024,6129,370,0.060369,0.939631,False
huashang,000225.png,1024,1024,3973,249,0.062673,0.937327,False
huashang,000226.png,952,576,4436,628,0.141569,0.858431,False
huashang,000227.png,952,576,10164,1350,0.132822,0.867178,False
huashang,000228.png,952,576,1330,0,0.000000,1.000000,True
huashang,000229.png,952,576,6389,903,0.141337,0.858663,False
huashang,000230.png,952,576,5166,664,0.128533,0.871467,False
huashang,000231.png,952,576,6009,811,0.134964,0.865036,False
huashang,000232.png,952,576,997,0,0.000000,1.000000,True
huashang,000233.png,952,576,5237,261,0.049838,0.950162,False
huashang,000234.png,952,576,6353,839,0.132064,0.867936,False
huashang,000235.png,952,576,10228,1324,0.129449,0.870551,False
huashang,000236.png,952,576,4292,349,0.081314,0.918686,False
huashang,000237.png,952,576,5868,608,0.103613,0.896387,False
huashang,000238.png,952,576,345,0,0.000000,1.000000,True
huashang,000239.png,952,576,3538,445,0.125777,0.874223,False
huashang,000240.png,1024,1024,3556,142,0.039933,0.960067,False
huashang,000241.png,1024,1024,545,0,0.000000,1.000000,True
huashang,000242.png,952,576,5584,686,0.122851,0.877149,False
huashang,000243.png,952,576,5234,715,0.136607,0.863393,False
huashang,000244.png,952,576,5641,727,0.128878,0.871122,False
huashang,000245.png,952,576,6431,815,0.126730,0.873270,False
huashang,000246.png,952,576,4880,647,0.132582,0.867418,False
huashang,000247.png,952,576,6323,720,0.113870,0.886130,False
huashang,000248.png,952,576,7824,901,0.115158,0.884842,False
huashang,000249.png,952,576,10095,1178,0.116691,0.883309,False
huashang,000250.png,952,576,7867,917,0.116563,0.883437,False
huashang,000251.png,952,576,7272,818,0.112486,0.887514,False
huashang,000252.png,952,576,6353,789,0.124193,0.875807,False
huashang,000253.png,952,576,8814,813,0.092240,0.907760,False
huashang,000254.png,952,576,6965,889,0.127638,0.872362,False
huashang,000255.png,952,576,7055,581,0.082353,0.917647,False
huashang,000256.png,952,576,10223,1450,0.141837,0.858163,False
huashang,000257.png,952,576,3605,226,0.062691,0.937309,False
huashang,000258.png,952,576,4943,327,0.066154,0.933846,False
huashang,000259.png,952,576,7627,1173,0.153796,0.846204,False
huashang,000260.png,952,576,9201,941,0.102271,0.897729,False
huashang,000261.png,952,576,2432,200,0.082237,0.917763,False
huashang,000262.png,952,576,4828,488,0.101077,0.898923,False
huashang,000263.png,952,576,1674,136,0.081243,0.918757,False
huashang,000264.png,952,576,1522,130,0.085414,0.914586,False
huashang,000265.png,952,576,4200,374,0.089048,0.910952,False
huashang,000266.png,952,576,2371,128,0.053986,0.946014,False
huashang,000267.png,952,576,1500,66,0.044000,0.956000,False
huashang,000268.png,952,576,2366,207,0.087489,0.912511,False
huashang,000269.png,952,576,1696,145,0.085495,0.914505,False
huashang,000270.png,952,576,2383,184,0.077214,0.922786,False
huashang,000271.png,952,576,1781,140,0.078608,0.921392,False
huashang,000272.png,952,576,1646,144,0.087485,0.912515,False
huashang,000273.png,952,576,1670,125,0.074850,0.925150,False
huashang,000274.png,952,576,3465,314,0.090620,0.909380,False
huashang,000275.png,952,576,881,25,0.028377,0.971623,False
huashang,000276.png,952,576,8907,1045,0.117323,0.882677,False
huashang,000277.png,952,576,22535,2692,0.119459,0.880541,False
huashang,000278.png,952,576,7585,875,0.115359,0.884641,False
huashang,000279.png,952,576,8040,935,0.116294,0.883706,False
huashang,000280.png,952,576,19802,2424,0.122412,0.877588,False
huashang,000281.png,952,576,6400,748,0.116875,0.883125,False
huashang,000282.png,952,576,10476,1393,0.132971,0.867029,False
huashang,000283.png,952,576,5518,554,0.100399,0.899601,False
huashang,000284.png,952,576,2216,176,0.079422,0.920578,False
huashang,000285.png,952,576,3240,238,0.073457,0.926543,False
huashang,000286.png,952,576,2143,165,0.076995,0.923005,False
huashang,000287.png,952,576,1522,137,0.090013,0.909987,False
huashang,000288.png,952,576,887,0,0.000000,1.000000,True
huashang,000289.png,952,576,1656,64,0.038647,0.961353,False
huashang,000290.png,952,576,1670,130,0.077844,0.922156,False
huashang,000291.png,952,576,4762,551,0.115708,0.884292,False
huashang,000292.png,952,576,6695,776,0.115907,0.884093,False
huashang,000293.png,952,576,7706,883,0.114586,0.885414,False
huashang,000294.png,952,576,15534,1898,0.122184,0.877816,False
huashang,000295.png,952,576,12544,1487,0.118543,0.881457,False
huashang,000296.png,952,576,4837,559,0.115568,0.884432,False
huashang,000297.png,952,576,5208,578,0.110983,0.889017,False
huashang,000298.png,952,576,12324,1494,0.121227,0.878773,False
huashang,000299.png,952,576,12919,1577,0.122068,0.877932,False
huashang,000300.png,952,576,7207,838,0.116276,0.883724,False
huashang,000301.png,952,576,7382,872,0.118125,0.881875,False
huashang,000302.png,952,576,5786,694,0.119945,0.880055,False
huashang,000303.png,952,576,11385,1300,0.114185,0.885815,False
huashang,000304.png,952,576,10166,1194,0.117450,0.882550,False
huashang,000305.png,952,576,12884,1475,0.114483,0.885517,False
huashang,000306.png,952,576,5009,585,0.116790,0.883210,False
huashang,000307.png,952,576,3907,489,0.125160,0.874840,False
huashang,000308.png,952,576,8297,966,0.116428,0.883572,False
huashang,000309.png,952,576,10295,1275,0.123847,0.876153,False
huashang,000310.png,952,576,10887,1241,0.113989,0.886011,False
huashang,000311.png,952,576,10310,1198,0.116198,0.883802,False
huashang,000312.png,952,576,5057,971,0.192011,0.807989,False
huashang,000313.png,952,576,10125,1165,0.115062,0.884938,False
huashang,000314.png,952,576,20122,2319,0.115247,0.884753,False
huashang,000315.png,952,576,4513,534,0.118325,0.881675,False
huashang,000316.png,952,576,13513,1581,0.116998,0.883002,False
huashang,000317.png,952,576,8284,1270,0.153308,0.846692,False
huashang,000318.png,952,576,8878,1088,0.122550,0.877450,False
huashang,000319.png,952,576,10994,1397,0.127069,0.872931,False
huashang,000320.png,952,576,19936,2676,0.134230,0.865770,False
huashang,000321.png,952,576,4225,409,0.096805,0.903195,False
huashang,000322.png,952,576,3565,318,0.089201,0.910799,False
huashang,000323.png,952,576,3796,291,0.076660,0.923340,False
huashang,000324.png,952,576,3525,315,0.089362,0.910638,False
huashang,000325.png,952,576,1970,181,0.091878,0.908122,False
huashang,000326.png,952,576,3407,281,0.082477,0.917523,False
huashang,000327.png,952,576,2548,213,0.083595,0.916405,False
huashang,000328.png,952,576,3070,285,0.092834,0.907166,False
huashang,000329.png,952,576,2256,194,0.085993,0.914007,False
liangying,000000.png,1024,1024,66104,4107,0.062129,0.937871,False
liangying,000001.png,1024,1024,159515,9440,0.059179,0.940821,False
liangying,000002.png,1024,1024,516831,29657,0.057382,0.942618,False
liangying,000003.png,1024,1024,370,22,0.059459,0.940541,False
liangying,000004.png,1024,1024,55464,3445,0.062112,0.937888,False
liangying,000005.png,1024,1024,71454,3023,0.042307,0.957693,False
liangying,000006.png,1024,1024,303513,18848,0.062099,0.937901,False
liangying,000007.png,1024,1024,105559,6318,0.059853,0.940147,False
liangying,000008.png,1024,1024,329549,18376,0.055761,0.944239,False
liangying,000009.png,1024,1024,14973,601,0.040139,0.959861,False
liangying,000010.png,1024,1024,61975,3390,0.054699,0.945301,False
liangying,000011.png,1024,1024,15162,945,0.062327,0.937673,False
liangying,000012.png,1024,1024,3644,218,0.059824,0.940176,False
liangying,000013.png,1024,1024,124499,6898,0.055406,0.944594,False
liangying,000014.png,1024,1024,122176,7583,0.062066,0.937934,False
liangying,000015.png,1024,1024,52456,2908,0.055437,0.944563,False
liangying,000016.png,1024,1024,34943,2186,0.062559,0.937441,False
liangying,000017.png,1024,1024,30203,639,0.021157,0.978843,False
liangying,000018.png,1024,1024,116429,7271,0.062450,0.937550,False
liangying,000019.png,1024,1024,21537,127,0.005897,0.994103,False
liangying,000020.png,1024,1024,45267,1078,0.023814,0.976186,False
liangying,000021.png,1024,1024,25617,570,0.022251,0.977749,False
liangying,000022.png,1024,1024,101515,4894,0.048210,0.951790,False
liangying,000023.png,1024,1024,35736,2232,0.062458,0.937542,False
liangying,000024.png,1024,1024,269640,16873,0.062576,0.937424,False
liangying,000025.png,1024,1024,215438,12184,0.056555,0.943445,False
liangying,000026.png,1024,1024,136430,6968,0.051074,0.948926,False
liangying,000027.png,1024,1024,43488,1472,0.033848,0.966152,False
liangying,000028.png,1024,1024,199749,10593,0.053032,0.946968,False
liangying,000029.png,1024,1024,932,0,0.000000,1.000000,True
liangying,000030.png,1024,1024,296236,17914,0.060472,0.939528,False
liangying,000031.png,1024,1024,489918,28959,0.059110,0.940890,False
liangying,000032.png,1024,1024,214580,11785,0.054921,0.945079,False
liangying,000033.png,1024,1024,380485,22999,0.060447,0.939553,False
liangying,000034.png,1024,1024,139516,8662,0.062086,0.937914,False
liangying,000035.png,1024,1024,201629,12549,0.062238,0.937762,False
liangying,000036.png,1024,1024,386557,23825,0.061634,0.938366,False
liangying,000037.png,1024,1024,474562,27247,0.057415,0.942585,False
liangying,000038.png,1024,1024,105850,6499,0.061398,0.938602,False
liangying,000039.png,1024,1024,320356,19971,0.062340,0.937660,False
liangying,000040.png,1024,1024,227176,14192,0.062471,0.937529,False
liangying,000041.png,1024,1024,172656,10799,0.062546,0.937454,False
liangying,000042.png,1024,1024,232357,14525,0.062512,0.937488,False
liangying,000043.png,1024,1024,247763,15523,0.062653,0.937347,False
liangying,000044.png,1024,1024,95651,5922,0.061913,0.938087,False
liangying,000045.png,1024,1024,27189,1678,0.061716,0.938284,False
liangying,000046.png,1024,1024,117845,5976,0.050711,0.949289,False
liangying,000047.png,1024,1024,452271,24360,0.053862,0.946138,False
liangying,000048.png,1024,1024,51786,2130,0.041131,0.958869,False
liangying,000049.png,1024,1024,78847,4014,0.050909,0.949091,False
liangying,000050.png,1024,1024,27450,298,0.010856,0.989144,False
liangying,000051.png,1024,1024,60236,2762,0.045853,0.954147,False
liangying,000052.png,1024,1024,33502,664,0.019820,0.980180,False
liangying,000053.png,1024,1024,74450,3799,0.051028,0.948972,False
liangying,000054.png,1024,1024,64777,3393,0.052380,0.947620,False
liangying,000055.png,1024,1024,47681,2416,0.050670,0.949330,False
liangying,000056.png,1024,1024,349035,17902,0.051290,0.948710,False
liangying,000057.png,1024,1024,6597,154,0.023344,0.976656,False
pengshang,000000.png,768,288,86,66,0.767442,0.232558,False
pengshang,000001.png,1024,1024,241,12,0.049793,0.950207,False
pengshang,000002.png,1024,1024,394,26,0.065990,0.934010,False
pengshang,000003.png,1024,1024,294,19,0.064626,0.935374,False
pengshang,000004.png,1024,1024,223,1,0.004484,0.995516,False
pengshang,000005.png,1024,1024,370,23,0.062162,0.937838,False
pengshang,000006.png,1024,1024,212,14,0.066038,0.933962,False
pengshang,000007.png,1024,1024,574,35,0.060976,0.939024,False
pengshang,000008.png,1024,1024,574,35,0.060976,0.939024,False
pengshang,000009.png,1024,1024,162,10,0.061728,0.938272,False
pengshang,000010.png,1024,1024,135,8,0.059259,0.940741,False
pengshang,000011.png,1024,1024,225,16,0.071111,0.928889,False
pengshang,000012.png,1024,1024,133,0,0.000000,1.000000,True
pengshang,000013.png,1024,1024,1234,45,0.036467,0.963533,False
pengshang,000014.png,1024,1024,282,18,0.063830,0.936170,False
shuiyin,000000.png,1024,1024,11109,608,0.054730,0.945270,False
shuiyin,000001.png,1024,1024,4429,119,0.026868,0.973132,False
shuiyin,000002.png,1024,1024,9577,575,0.060040,0.939960,False
shuiyin,000003.png,1024,1024,28740,1679,0.058420,0.941580,False
shuiyin,000004.png,1024,1024,1844,93,0.050434,0.949566,False
shuiyin,000005.png,1024,1024,8106,455,0.056131,0.943869,False
shuiyin,000006.png,1024,1024,10510,658,0.062607,0.937393,False
shuiyin,000007.png,1024,1024,25406,1446,0.056916,0.943084,False
shuiyin,000008.png,1024,1024,8806,510,0.057915,0.942085,False
shuiyin,000009.png,1024,1024,10346,587,0.056737,0.943263,False
shuiyin,000010.png,1024,1024,3290,0,0.000000,1.000000,True
shuiyin,000011.png,1024,1024,10735,631,0.058780,0.941220,False
shuiyin,000012.png,1024,1024,4869,183,0.037585,0.962415,False
shuiyin,000013.png,1024,1024,7852,452,0.057565,0.942435,False
shuiyin,000014.png,1024,1024,14029,793,0.056526,0.943474,False
shuiyin,000015.png,1024,1024,5706,319,0.055906,0.944094,False
shuiyin,000016.png,1024,1024,17219,988,0.057378,0.942622,False
shuiyin,000017.png,1024,1024,9619,612,0.063624,0.936376,False
shuiyin,000018.png,1024,1024,7202,357,0.049570,0.950430,False
shuiyin,000019.png,1024,1024,5892,288,0.048880,0.951120,False
shuiyin,000020.png,1024,1024,19401,1114,0.057420,0.942580,False
shuiyin,000021.png,1024,1024,14923,667,0.044696,0.955304,False
shuiyin,000022.png,1024,1024,4164,194,0.046590,0.953410,False
shuiyin,000023.png,1024,1024,14877,914,0.061437,0.938563,False
shuiyin,000024.png,1024,1024,15745,856,0.054366,0.945634,False
shuiyin,000025.png,1024,1024,3732,0,0.000000,1.000000,True
shuiyin,000026.png,1024,1024,18712,1103,0.058946,0.941054,False
shuiyin,000027.png,1024,1024,13050,767,0.058774,0.941226,False
shuiyin,000028.png,1024,1024,20707,1205,0.058193,0.941807,False
shuiyin,000029.png,1024,1024,10631,606,0.057003,0.942997,False
shuiyin,000030.png,1024,1024,14088,740,0.052527,0.947473,False
shuiyin,000031.png,1024,1024,5496,286,0.052038,0.947962,False
shuiyin,000032.png,1024,1024,60336,1437,0.023817,0.976183,False
shuiyin,000033.png,1024,1024,71960,3786,0.052613,0.947387,False
shuiyin,000034.png,1024,1024,6530,374,0.057274,0.942726,False
shuiyin,000035.png,1024,1024,8517,530,0.062228,0.937772,False
shuiyin,000036.png,1024,1024,9525,558,0.058583,0.941417,False
shuiyin,000037.png,1024,1024,13993,797,0.056957,0.943043,False
shuiyin,000038.png,1024,1024,15193,704,0.046337,0.953663,False
shuiyin,000039.png,1024,1024,7592,331,0.043599,0.956401,False
shuiyin,000040.png,1024,1024,17605,1019,0.057881,0.942119,False
shuiyin,000041.png,1024,1024,3957,0,0.000000,1.000000,True
shuiyin,000042.png,1024,1024,10496,628,0.059832,0.940168,False
shuiyin,000043.png,1024,1024,3982,141,0.035409,0.964591,False
shuiyin,000044.png,1024,1024,9445,592,0.062679,0.937321,False
shuiyin,000045.png,1024,1024,16877,891,0.052794,0.947206,False
shuiyin,000046.png,1024,1024,3775,235,0.062252,0.937748,False
shuiyin,000047.png,1024,1024,13048,715,0.054798,0.945202,False
shuiyin,000048.png,1024,1024,5211,227,0.043562,0.956438,False
shuiyin,000049.png,1024,1024,8424,482,0.057217,0.942783,False
shuiyin,000050.png,1024,1024,9887,618,0.062506,0.937494,False
shuiyin,000051.png,1024,1024,13142,723,0.055014,0.944986,False
shuiyin,000052.png,1024,1024,7359,425,0.057752,0.942248,False
shuiyin,000053.png,1024,1024,4524,271,0.059903,0.940097,False
shuiyin,000054.png,1024,1024,17763,1000,0.056297,0.943703,False
shuiyin,000055.png,1024,1024,13071,746,0.057073,0.942927,False
shuiyin,000056.png,1024,1024,7710,447,0.057977,0.942023,False
shuiyin,000057.png,1024,1024,20111,1121,0.055741,0.944259,False
shuiyin,000058.png,1024,1024,3628,227,0.062569,0.937431,False
shuiyin,000059.png,1024,1024,1541,0,0.000000,1.000000,True
shuiyin,000060.png,1024,1024,8370,479,0.057228,0.942772,False
shuiyin,000061.png,1024,1024,6877,378,0.054966,0.945034,False
shuiyin,000062.png,1024,1024,7466,444,0.059470,0.940530,False
shuiyin,000063.png,1024,1024,23333,1386,0.059401,0.940599,False
shuiyin,000064.png,1024,1024,9218,358,0.038837,0.961163,False
shuiyin,000065.png,1024,1024,8892,450,0.050607,0.949393,False
shuiyin,000066.png,1024,1024,18565,1042,0.056127,0.943873,False
shuiyin,000067.png,1024,1024,12833,737,0.057430,0.942570,False
shuiyin,000068.png,1024,1024,12904,763,0.059129,0.940871,False
shuiyin,000069.png,1024,1024,5696,234,0.041081,0.958919,False
shuiyin,000070.png,1024,1024,8011,457,0.057047,0.942953,False
shuiyin,000071.png,1024,1024,11602,596,0.051370,0.948630,False
shuiyin,000072.png,1024,1024,18272,1022,0.055933,0.944067,False
shuiyin,000073.png,1024,1024,12587,685,0.054421,0.945579,False
shuiyin,000074.png,1024,1024,5722,260,0.045439,0.954561,False
shuiyin,000075.png,1024,1024,16347,1007,0.061602,0.938398,False
shuiyin,000076.png,1024,1024,8962,453,0.050547,0.949453,False
shuiyin,000077.png,1024,1024,12648,791,0.062540,0.937460,False
shuiyin,000078.png,1024,1024,4381,225,0.051358,0.948642,False
shuiyin,000079.png,1024,1024,4415,287,0.065006,0.934994,False
shuiyin,000080.png,1024,1024,20069,1268,0.063182,0.936818,False
shuiyin,000081.png,1024,1024,1708,0,0.000000,1.000000,True
shuiyin,000082.png,1024,1024,4086,261,0.063877,0.936123,False
shuiyin,000083.png,1024,1024,5621,337,0.059954,0.940046,False
shuiyin,000084.png,1024,1024,10420,615,0.059021,0.940979,False
shuiyin,000085.png,1024,1024,3416,135,0.039520,0.960480,False
shuiyin,000086.png,1024,1024,1250,24,0.019200,0.980800,False
shuiyin,000087.png,1024,1024,5860,264,0.045051,0.954949,False
shuiyin,000088.png,1024,1024,2802,0,0.000000,1.000000,True
shuiyin,000089.png,1024,1024,5713,130,0.022755,0.977245,False
shuiyin,000090.png,1024,1024,8036,356,0.044301,0.955699,False
shuiyin,000091.png,1024,1024,5091,173,0.033982,0.966018,False
yashang,000000.png,1024,1024,1111,73,0.065707,0.934293,False
yashang,000001.png,1024,1024,3899,245,0.062837,0.937163,False
yashang,000002.png,1024,1024,3067,194,0.063254,0.936746,False
yashang,000003.png,1024,1024,1073,45,0.041938,0.958062,False
yashang,000004.png,1024,1024,2936,186,0.063351,0.936649,False
yashang,000005.png,1024,1024,1558,99,0.063543,0.936457,False
yashang,000006.png,1024,1024,2364,148,0.062606,0.937394,False
yashang,000007.png,1024,1024,3039,194,0.063837,0.936163,False
yashang,000008.png,1024,1024,1097,66,0.060164,0.939836,False
yashang,000009.png,1024,1024,1913,120,0.062729,0.937271,False
yashang,000010.png,1024,1024,1309,83,0.063407,0.936593,False
yashang,000011.png,1024,1024,1449,90,0.062112,0.937888,False
yashang,000012.png,1024,1024,950,59,0.062105,0.937895,False
yashang,000013.png,1024,1024,2298,144,0.062663,0.937337,False
yashang,000014.png,1024,1024,2039,127,0.062285,0.937715,False
yashang,000015.png,1024,1024,1984,125,0.063004,0.936996,False
yashang,000016.png,1024,1024,1902,122,0.064143,0.935857,False
yashang,000017.png,1024,1024,1236,79,0.063916,0.936084,False
yashang,000018.png,1024,1024,1956,121,0.061861,0.938139,False
yashang,000019.png,1024,1024,1179,72,0.061069,0.938931,False
yashang,000020.png,1024,1024,2933,179,0.061030,0.938970,False
yashang,000021.png,624,576,1646,318,0.193196,0.806804,False
yashang,000022.png,952,576,1321,0,0.000000,1.000000,True
yashang,000023.png,768,288,234,0,0.000000,1.000000,True
yashang,000024.png,768,288,2704,0,0.000000,1.000000,True
yashang,000025.png,768,288,549,430,0.783242,0.216758,False
yashang,000026.png,768,288,650,514,0.790769,0.209231,False
yashang,000027.png,768,288,882,0,0.000000,1.000000,True
yashang,000028.png,1024,1024,2031,127,0.062531,0.937469,False
yashang,000029.png,1024,1024,912,57,0.062500,0.937500,False
yashang,000030.png,1024,1024,690,44,0.063768,0.936232,False
yashang,000031.png,1024,1024,744,50,0.067204,0.932796,False
yashang,000032.png,1024,1024,1278,80,0.062598,0.937402,False
yashang,000033.png,1024,1024,906,54,0.059603,0.940397,False
yashang,000034.png,1024,1024,1325,80,0.060377,0.939623,False
yashang,000035.png,1024,1024,692,45,0.065029,0.934971,False
yashang,000036.png,1024,1024,450,26,0.057778,0.942222,False
yashang,000037.png,1024,1024,1161,72,0.062016,0.937984,False
yashang,000038.png,1024,1024,1664,105,0.063101,0.936899,False
yashang,000039.png,1024,1024,725,43,0.059310,0.940690,False
yashang,000040.png,1024,1024,2589,164,0.063345,0.936655,False
yashang,000041.png,1024,1024,753,47,0.062417,0.937583,False
yashang,000042.png,1024,1024,3369,211,0.062630,0.937370,False
yashang,000043.png,1024,1024,985,61,0.061929,0.938071,False
yashang,000044.png,1024,1024,296,19,0.064189,0.935811,False
yashang,000045.png,1024,1024,680,44,0.064706,0.935294,False
yashang,000046.png,1024,1024,881,55,0.062429,0.937571,False
yashang,000047.png,1024,1024,725,46,0.063448,0.936552,False
yashang,000048.png,1024,1024,1480,92,0.062162,0.937838,False
yashang,000049.png,1024,1024,872,55,0.063073,0.936927,False
yashang,000050.png,1024,1024,2697,170,0.063033,0.936967,False
yashang,000051.png,1024,1024,718,45,0.062674,0.937326,False
yashang,000052.png,1024,1024,718,11,0.015320,0.984680,False
yashang,000053.png,1024,1024,991,62,0.062563,0.937437,False
yashang,000054.png,1024,1024,1767,111,0.062818,0.937182,False
yashang,000055.png,1024,1024,535,33,0.061682,0.938318,False
yashang,000056.png,1024,1024,1064,65,0.061090,0.938910,False
yashang,000057.png,1024,1024,1558,94,0.060334,0.939666,False
yashang,000058.png,1024,1024,724,45,0.062155,0.937845,False
yashang,000059.png,1024,1024,1038,66,0.063584,0.936416,False
yashang,000060.png,1024,1024,2582,160,0.061967,0.938033,False
yashang,000061.png,1024,1024,1043,65,0.062320,0.937680,False
yashang,000062.png,1024,1024,788,47,0.059645,0.940355,False
yashang,000063.png,1024,1024,1255,79,0.062948,0.937052,False
yashang,000064.png,1024,1024,1259,82,0.065131,0.934869,False
yashang,000065.png,1024,1024,859,53,0.061700,0.938300,False
yashang,000066.png,1024,1024,688,45,0.065407,0.934593,False
yashang,000067.png,1024,1024,1607,100,0.062228,0.937772,False
yashang,000068.png,1024,1024,2083,131,0.062890,0.937110,False
yashang,000069.png,1024,1024,876,56,0.063927,0.936073,False
yashang,000070.png,1024,1024,1517,93,0.061305,0.938695,False
yashang,000071.png,1024,1024,582,36,0.061856,0.938144,False
yashang,000072.png,1024,1024,596,38,0.063758,0.936242,False
yashang,000073.png,1024,1024,2613,161,0.061615,0.938385,False
yashang,000074.png,1024,1024,919,57,0.062024,0.937976,False
yashang,000075.png,1024,1024,891,57,0.063973,0.936027,False
yashang,000076.png,1024,1024,1676,105,0.062649,0.937351,False
yashang,000077.png,1024,1024,717,45,0.062762,0.937238,False
yashang,000078.png,1024,1024,867,56,0.064591,0.935409,False
yashang,000079.png,1024,1024,436,28,0.064220,0.935780,False
yashang,000080.png,1024,1024,840,51,0.060714,0.939286,False
yashang,000081.png,1024,1024,689,45,0.065312,0.934688,False
yashang,000082.png,1024,1024,725,45,0.062069,0.937931,False
yashang,000083.png,1024,1024,1150,0,0.000000,1.000000,True
yashang,000084.png,1024,1024,692,42,0.060694,0.939306,False
yashang,000085.png,1024,1024,725,47,0.064828,0.935172,False
yashang,000086.png,1024,1024,394,24,0.060914,0.939086,False
yashang,000087.png,1024,1024,839,53,0.063170,0.936830,False
yashang,000088.png,1024,1024,2079,130,0.062530,0.937470,False
yashang,000089.png,1024,1024,2242,141,0.062890,0.937110,False
yashang,000090.png,1024,1024,590,36,0.061017,0.938983,False
yashang,000091.png,1024,1024,756,46,0.060847,0.939153,False
yashang,000092.png,1024,1024,595,39,0.065546,0.934454,False
yashang,000093.png,688,288,818,0,0.000000,1.000000,True
yashang,000094.png,688,288,3681,0,0.000000,1.000000,True
yashang,000095.png,1024,1024,1185,77,0.064979,0.935021,False
yashang,000096.png,1024,1024,1042,61,0.058541,0.941459,False
yashang,000097.png,1024,1024,1250,57,0.045600,0.954400,False
yashang,000098.png,1024,1024,643,40,0.062208,0.937792,False
yashang,000099.png,720,288,1044,0,0.000000,1.000000,True
yashang,000100.png,720,288,2677,0,0.000000,1.000000,True
yashang,000101.png,720,288,452,0,0.000000,1.000000,True
yashang,000102.png,720,288,1292,0,0.000000,1.000000,True
yashang,000103.png,720,288,690,0,0.000000,1.000000,True
yashang,000104.png,720,288,515,0,0.000000,1.000000,True
yashang,000105.png,720,288,610,0,0.000000,1.000000,True
yashang,000106.png,720,288,732,0,0.000000,1.000000,True
yashang,000107.png,448,288,504,0,0.000000,1.000000,True
yashang,000108.png,448,288,948,0,0.000000,1.000000,True
yashang,000109.png,448,288,798,0,0.000000,1.000000,True
yashang,000110.png,952,576,789,148,0.187579,0.812421,False
yashang,000111.png,768,288,682,548,0.803519,0.196481,False
yashang,000112.png,768,288,1974,0,0.000000,1.000000,True
yashang,000113.png,768,288,1145,0,0.000000,1.000000,True
yashang,000114.png,1024,1024,2239,139,0.062081,0.937919,False
yashang,000115.png,1024,1024,1225,76,0.062041,0.937959,False
yashang,000116.png,1024,1024,994,61,0.061368,0.938632,False
yashang,000117.png,1024,1024,56,0,0.000000,1.000000,True
yashang,000118.png,1024,1024,789,48,0.060837,0.939163,False
yashang,000119.png,1024,1024,1074,65,0.060521,0.939479,False
yashang,000120.png,1024,1024,1359,86,0.063282,0.936718,False
yashang,000121.png,1024,1024,2515,154,0.061233,0.938767,False
yashang,000122.png,1024,1024,860,51,0.059302,0.940698,False
yashang,000123.png,1024,1024,1318,78,0.059181,0.940819,False
yashang,000124.png,1024,1024,1556,97,0.062339,0.937661,False
yashang,000125.png,688,288,1594,0,0.000000,1.000000,True
yashang,000126.png,688,288,379,0,0.000000,1.000000,True
yashang,000127.png,688,288,689,0,0.000000,1.000000,True
yashang,000128.png,1024,1024,2301,142,0.061712,0.938288,False
yashang,000129.png,1024,1024,1433,92,0.064201,0.935799,False
yashang,000130.png,1024,1024,905,56,0.061878,0.938122,False
yashang,000131.png,1024,1024,934,58,0.062099,0.937901,False
yashang,000132.png,1024,1024,2082,127,0.060999,0.939001,False
yashang,000133.png,950,800,928,93,0.100216,0.899784,False
yashang,000134.png,950,800,1779,180,0.101180,0.898820,False
yashang,000135.png,950,800,937,95,0.101387,0.898613,False
yashang,000136.png,950,800,878,90,0.102506,0.897494,False
yashang,000137.png,950,800,930,95,0.102151,0.897849,False
yashang,000138.png,950,800,1089,111,0.101928,0.898072,False
yashang,000139.png,950,800,1171,125,0.106746,0.893254,False
yashang,000140.png,950,800,929,94,0.101184,0.898816,False
yashang,000141.png,950,800,1226,121,0.098695,0.901305,False
yashang,000142.png,950,800,1032,103,0.099806,0.900194,False
yashang,000143.png,950,800,825,84,0.101818,0.898182,False
yashang,000144.png,950,800,847,83,0.097993,0.902007,False
yashang,000145.png,950,800,1178,117,0.099321,0.900679,False
yashang,000146.png,950,800,1324,135,0.101964,0.898036,False
yashang,000147.png,950,800,756,76,0.100529,0.899471,False
yashang,000148.png,950,800,665,71,0.106767,0.893233,False
yashang,000149.png,950,800,997,103,0.103310,0.896690,False
yashang,000150.png,950,800,915,100,0.109290,0.890710,False
yashang,000151.png,950,800,937,100,0.106724,0.893276,False
yashang,000152.png,950,800,937,96,0.102455,0.897545,False
yashang,000153.png,950,800,1923,195,0.101404,0.898596,False
yashang,000154.png,950,800,900,89,0.098889,0.901111,False
yashang,000155.png,950,800,1118,115,0.102862,0.897138,False
yashang,000156.png,950,800,1725,179,0.103768,0.896232,False
yashang,000157.png,950,800,1524,160,0.104987,0.895013,False
yashang,000158.png,950,800,1521,157,0.103222,0.896778,False
yashang,000159.png,950,800,1246,126,0.101124,0.898876,False
yashang,000160.png,950,800,1244,124,0.099678,0.900322,False
yashang,000161.png,950,800,1068,108,0.101124,0.898876,False
yashang,000162.png,950,800,722,75,0.103878,0.896122,False
yashang,000163.png,950,800,704,69,0.098011,0.901989,False
yashang,000164.png,950,800,1022,107,0.104697,0.895303,False
yashang,000165.png,950,800,1803,181,0.100388,0.899612,False
yashang,000166.png,950,800,1275,132,0.103529,0.896471,False
yashang,000167.png,952,576,7180,36,0.005014,0.994986,False
yashang,000168.png,952,576,688,0,0.000000,1.000000,True
yashang,000169.png,720,288,1396,0,0.000000,1.000000,True
yashang,000170.png,720,288,774,0,0.000000,1.000000,True
yashang,000171.png,720,288,1902,0,0.000000,1.000000,True
yashang,000172.png,720,288,2632,0,0.000000,1.000000,True
yashang,000173.png,720,288,1197,0,0.000000,1.000000,True
yashang,000174.png,720,288,207,0,0.000000,1.000000,True
yashang,000175.png,720,288,2657,293,0.110275,0.889725,False
yashang,000176.png,720,288,882,0,0.000000,1.000000,True
yashang,000177.png,720,288,1571,0,0.000000,1.000000,True
yashang,000178.png,720,288,1528,0,0.000000,1.000000,True
yashang,000179.png,720,288,1639,0,0.000000,1.000000,True
yashang,000180.png,720,288,336,176,0.523810,0.476190,False
yashang,000181.png,720,288,284,0,0.000000,1.000000,True
yashang,000182.png,720,288,460,0,0.000000,1.000000,True
yashang,000183.png,720,288,720,0,0.000000,1.000000,True
yashang,000184.png,720,288,1519,0,0.000000,1.000000,True
yashang,000185.png,720,288,974,0,0.000000,1.000000,True
yashang,000186.png,720,288,1096,0,0.000000,1.000000,True
yashang,000187.png,720,288,1965,0,0.000000,1.000000,True
yashang,000188.png,720,288,793,478,0.602774,0.397226,False
yashang,000189.png,720,288,286,0,0.000000,1.000000,True
yashang,000190.png,720,288,1542,0,0.000000,1.000000,True
yashang,000191.png,720,288,1685,0,0.000000,1.000000,True
yashang,000192.png,720,288,1007,0,0.000000,1.000000,True
yashang,000193.png,720,288,1064,0,0.000000,1.000000,True
yashang,000194.png,720,288,571,0,0.000000,1.000000,True
yashang,000195.png,720,288,520,0,0.000000,1.000000,True
yashang,000196.png,720,288,373,0,0.000000,1.000000,True
yashang,000197.png,720,288,1096,0,0.000000,1.000000,True
yashang,000198.png,720,288,1786,0,0.000000,1.000000,True
yashang,000199.png,720,288,804,0,0.000000,1.000000,True
yashang,000200.png,720,288,798,0,0.000000,1.000000,True
yashang,000201.png,800,288,761,0,0.000000,1.000000,True
yashang,000202.png,800,288,537,0,0.000000,1.000000,True
yashang,000203.png,800,288,1561,0,0.000000,1.000000,True
yashang,000204.png,800,288,764,0,0.000000,1.000000,True
yashang,000205.png,800,288,1267,0,0.000000,1.000000,True
yashang,000206.png,400,288,2042,1176,0.575906,0.424094,False
yashang,000207.png,952,576,2156,419,0.194341,0.805659,False
yashang,000208.png,720,288,2334,0,0.000000,1.000000,True
yashang,000209.png,720,288,304,0,0.000000,1.000000,True
yashang,000210.png,720,288,389,0,0.000000,1.000000,True
yashang,000211.png,720,288,815,0,0.000000,1.000000,True
yashang,000212.png,952,576,994,0,0.000000,1.000000,True
yashang,000213.png,952,576,1078,189,0.175325,0.824675,False
yashang,000214.png,952,576,1425,0,0.000000,1.000000,True
yashang,000215.png,952,576,1479,293,0.198107,0.801893,False
yashang,000216.png,950,800,1844,81,0.043926,0.956074,False
yashang,000217.png,950,800,2146,206,0.095993,0.904007,False
yashang,000218.png,950,800,1217,123,0.101068,0.898932,False
yashang,000219.png,950,800,1210,124,0.102479,0.897521,False
yashang,000220.png,600,576,432,83,0.192130,0.807870,False
yashang,000221.png,600,576,636,123,0.193396,0.806604,False
yashang,000222.png,952,576,762,146,0.191601,0.808399,False
yashang,000223.png,600,576,1803,356,0.197449,0.802551,False
yashang,000224.png,600,576,700,137,0.195714,0.804286,False
yise,000000.png,1024,1024,267971,15375,0.057376,0.942624,False
yise,000001.png,1024,1024,137444,8544,0.062163,0.937837,False
yise,000002.png,1024,1024,2403,145,0.060341,0.939659,False
yise,000003.png,1024,1024,3784,237,0.062632,0.937368,False
yise,000004.png,1024,1024,20482,702,0.034274,0.965726,False
yise,000005.png,1024,1024,62862,3765,0.059893,0.940107,False
yise,000006.png,1024,1024,12950,813,0.062780,0.937220,False
yise,000007.png,1024,1024,125469,7504,0.059808,0.940192,False
yise,000008.png,1024,1024,89054,2770,0.031105,0.968895,False
yise,000009.png,1024,1024,133887,7327,0.054725,0.945275,False
yise,000010.png,1024,1024,34037,1808,0.053119,0.946881,False
yise,000011.png,1024,1024,388006,22289,0.057445,0.942555,False
yise,000012.png,1024,1024,324524,17025,0.052461,0.947539,False
yise,000013.png,1024,1024,172875,10755,0.062213,0.937787,False
yise,000014.png,1024,1024,13698,857,0.062564,0.937436,False
yise,000015.png,1024,1024,30473,1454,0.047714,0.952286,False
yise,000016.png,1024,1024,25920,1363,0.052585,0.947415,False
yise,000017.png,1024,1024,61775,2584,0.041829,0.958171,False
yise,000018.png,1024,1024,68202,3934,0.057682,0.942318,False
yise,000019.png,1024,1024,38284,1394,0.036412,0.963588,False
yise,000020.png,1024,1024,83232,3966,0.047650,0.952350,False
yise,000021.png,1024,1024,37938,2100,0.055353,0.944647,False
yise,000022.png,1024,1024,38824,2138,0.055069,0.944931,False
yise,000023.png,1024,1024,9716,433,0.044566,0.955434,False
yise,000024.png,1024,1024,98065,5637,0.057482,0.942518,False
yise,000025.png,1024,1024,35318,1929,0.054618,0.945382,False
yise,000026.png,1024,1024,202693,11123,0.054876,0.945124,False
yise,000027.png,1024,1024,141168,7835,0.055501,0.944499,False
yise,000028.png,1024,1024,237033,14038,0.059224,0.940776,False
yise,000029.png,1024,1024,73170,3847,0.052576,0.947424,False
yise,000030.png,1024,1024,87074,4938,0.056710,0.943290,False
yise,000031.png,1024,1024,39527,1487,0.037620,0.962380,False
yise,000032.png,1024,1024,247816,14231,0.057426,0.942574,False
yise,000033.png,1024,1024,191589,11216,0.058542,0.941458,False
yise,000034.png,1024,1024,386809,21966,0.056788,0.943212,False
yise,000035.png,1024,1024,346169,19105,0.055190,0.944810,False
yise,000036.png,1024,1024,92776,4914,0.052966,0.947034,False
yise,000037.png,1024,1024,102705,6446,0.062762,0.937238,False
yise,000038.png,1024,1024,122951,6590,0.053599,0.946401,False
yise,000039.png,1024,1024,242205,15075,0.062241,0.937759,False
yise,000040.png,1024,1024,83065,5187,0.062445,0.937555,False
yise,000041.png,1024,1024,25185,1579,0.062696,0.937304,False
yise,000042.png,1024,1024,120861,4215,0.034875,0.965125,False
yise,000043.png,1024,1024,76062,1118,0.014699,0.985301,False
yise,000044.png,1024,1024,14269,188,0.013175,0.986825,False
yise,000045.png,1024,1024,57948,1420,0.024505,0.975495,False
yise,000046.png,1024,1024,43434,2379,0.054773,0.945227,False
yise,000047.png,1024,1024,20836,1301,0.062440,0.937560,False
yise,000048.png,1024,1024,112322,3909,0.034802,0.965198,False
yise,000049.png,1024,1024,33631,132,0.003925,0.996075,False
yise,000050.png,1024,1024,155720,6278,0.040316,0.959684,False
yise,000051.png,1024,1024,101433,2199,0.021679,0.978321,False
yise,000052.png,1024,1024,91290,5625,0.061617,0.938383,False
yise,000053.png,1024,1024,126460,4842,0.038289,0.961711,False
