image_path,defect_type,true_label,score,predicted_label,error_type
test\aotu\000000.png,aotu,1,0.717805802822113,1,true_positive
test\aotu\000001.png,aotu,1,0.7297984957695007,1,true_positive
test\aotu\000002.png,aotu,1,0.7024673819541931,1,true_positive
test\aotu\000003.png,aotu,1,0.744194507598877,1,true_positive
test\aotu\000004.png,aotu,1,0.7206625938415527,1,true_positive
test\aotu\000005.png,aotu,1,0.8080998063087463,1,true_positive
test\aotu\000006.png,aotu,1,0.7107920050621033,1,true_positive
test\aotu\000007.png,aotu,1,0.6585138440132141,1,true_positive
test\aotu\000008.png,aotu,1,0.6808785796165466,1,true_positive
test\aotu\000009.png,aotu,1,0.7127092480659485,1,true_positive
test\aotu\000010.png,aotu,1,0.6571138501167297,1,true_positive
test\aotu\000011.png,aotu,1,0.6877891421318054,1,true_positive
test\aotu\000012.png,aotu,1,0.6883336305618286,1,true_positive
test\aotu\000013.png,aotu,1,0.6627527475357056,1,true_positive
test\aotu\000014.png,aotu,1,0.6422251462936401,1,true_positive
test\aotu\000015.png,aotu,1,0.6839911341667175,1,true_positive
test\aotu\000016.png,aotu,1,0.6850879788398743,1,true_positive
test\aotu\000017.png,aotu,1,0.7536922097206116,1,true_positive
test\aotu\000018.png,aotu,1,0.7664710879325867,1,true_positive
test\aotu\000019.png,aotu,1,0.7199819087982178,1,true_positive
test\aotu\000020.png,aotu,1,0.7210044264793396,1,true_positive
test\aotu\000021.png,aotu,1,0.6709871888160706,1,true_positive
test\aotu\000022.png,aotu,1,0.7439599633216858,1,true_positive
test\aotu\000023.png,aotu,1,0.6694476008415222,1,true_positive
test\aotu\000024.png,aotu,1,0.6437758207321167,1,true_positive
test\aotu\000025.png,aotu,1,0.6667384505271912,1,true_positive
test\aotu\000026.png,aotu,1,0.633273184299469,1,true_positive
test\aotu\000027.png,aotu,1,0.6554136872291565,1,true_positive
test\aotu\000028.png,aotu,1,0.6913750171661377,1,true_positive
test\aotu\000029.png,aotu,1,0.6572789549827576,1,true_positive
test\aotu\000030.png,aotu,1,0.7482438087463379,1,true_positive
test\aotu\000031.png,aotu,1,0.7199829816818237,1,true_positive
test\aotu\000032.png,aotu,1,0.7399080991744995,1,true_positive
test\aotu\000033.png,aotu,1,0.5229772329330444,0,false_negative
test\aotu\000034.png,aotu,1,0.7277765274047852,1,true_positive
test\aotu\000035.png,aotu,1,0.7093779444694519,1,true_positive
test\aotu\000036.png,aotu,1,0.7437902688980103,1,true_positive
test\aotu\000037.png,aotu,1,0.6910772919654846,1,true_positive
test\aotu\000038.png,aotu,1,0.6027817726135254,1,true_positive
test\aotu\000039.png,aotu,1,0.704611599445343,1,true_positive
test\aotu\000040.png,aotu,1,0.729927122592926,1,true_positive
test\aotu\000041.png,aotu,1,0.49950242042541504,0,false_negative
test\aotu\000042.png,aotu,1,0.5116928815841675,0,false_negative
test\aotu\000043.png,aotu,1,0.7069915533065796,1,true_positive
test\aotu\000044.png,aotu,1,0.7463985681533813,1,true_positive
test\aotu\000045.png,aotu,1,0.7292217016220093,1,true_positive
test\aotu\000046.png,aotu,1,0.48725563287734985,0,false_negative
test\aotu\000047.png,aotu,1,0.5513335466384888,1,true_positive
test\aotu\000048.png,aotu,1,0.5767101049423218,1,true_positive
test\aotu\000049.png,aotu,1,0.722933828830719,1,true_positive
test\aotu\000050.png,aotu,1,0.7159991264343262,1,true_positive
test\aotu\000051.png,aotu,1,0.5528306365013123,1,true_positive
test\aotu\000052.png,aotu,1,0.6807926297187805,1,true_positive
test\aotu\000053.png,aotu,1,0.6520330905914307,1,true_positive
test\aotu\000054.png,aotu,1,0.517653226852417,0,false_negative
test\aotu\000055.png,aotu,1,0.5586724877357483,1,true_positive
test\aotu\000056.png,aotu,1,0.6951392889022827,1,true_positive
test\aotu\000057.png,aotu,1,0.7148268222808838,1,true_positive
test\aotu\000058.png,aotu,1,0.6524361968040466,1,true_positive
test\aotu\000059.png,aotu,1,0.6743178367614746,1,true_positive
test\aotu\000060.png,aotu,1,0.5718796849250793,1,true_positive
test\aotu\000061.png,aotu,1,0.5347955822944641,0,false_negative
test\aotu\000062.png,aotu,1,0.666437566280365,1,true_positive
test\aotu\000063.png,aotu,1,0.63393634557724,1,true_positive
test\aotu\000064.png,aotu,1,0.6697742342948914,1,true_positive
test\aotu\000065.png,aotu,1,0.67738276720047,1,true_positive
test\aotu\000066.png,aotu,1,0.6641775369644165,1,true_positive
test\aotu\000067.png,aotu,1,0.6778871417045593,1,true_positive
test\aotu\000068.png,aotu,1,0.5768306851387024,1,true_positive
test\aotu\000069.png,aotu,1,0.818291425704956,1,true_positive
test\aotu\000070.png,aotu,1,0.6604700088500977,1,true_positive
test\aotu\000071.png,aotu,1,0.6585584878921509,1,true_positive
test\aotu\000072.png,aotu,1,0.7697681784629822,1,true_positive
test\aotu\000073.png,aotu,1,0.7869848012924194,1,true_positive
test\aotu\000074.png,aotu,1,0.7376025319099426,1,true_positive
test\aotu\000075.png,aotu,1,0.6801847815513611,1,true_positive
test\aotu\000076.png,aotu,1,0.6233755946159363,1,true_positive
test\aotu\000077.png,aotu,1,0.7089112401008606,1,true_positive
test\aotu\000078.png,aotu,1,0.5118229985237122,0,false_negative
test\aotu\000079.png,aotu,1,0.5460902452468872,1,true_positive
test\bianxing\000000.png,bianxing,1,0.5085002183914185,0,false_negative
test\bianxing\000001.png,bianxing,1,0.5836640000343323,1,true_positive
test\bianxing\000002.png,bianxing,1,0.7765660285949707,1,true_positive
test\bianxing\000003.png,bianxing,1,0.7577217221260071,1,true_positive
test\bianxing\000004.png,bianxing,1,0.676501989364624,1,true_positive
test\bianxing\000005.png,bianxing,1,0.7437427639961243,1,true_positive
test\bianxing\000006.png,bianxing,1,0.5955876708030701,1,true_positive
test\bianxing\000007.png,bianxing,1,0.53168785572052,0,false_negative
test\bianxing\000008.png,bianxing,1,0.7124205827713013,1,true_positive
test\bianxing\000009.png,bianxing,1,0.5422404408454895,1,true_positive
test\bianxing\000010.png,bianxing,1,0.5643613338470459,1,true_positive
test\bianxing\000011.png,bianxing,1,0.7194884419441223,1,true_positive
test\bianxing\000012.png,bianxing,1,0.7211903929710388,1,true_positive
test\bianxing\000013.png,bianxing,1,0.7135936617851257,1,true_positive
test\bianxing\000014.png,bianxing,1,0.5154494047164917,0,false_negative
test\bianxing\000015.png,bianxing,1,0.7359692454338074,1,true_positive
test\bianxing\000016.png,bianxing,1,0.47837772965431213,0,false_negative
test\bianxing\000017.png,bianxing,1,0.5235238075256348,0,false_negative
test\bianxing\000018.png,bianxing,1,0.5536741018295288,1,true_positive
test\bianxing\000019.png,bianxing,1,0.5436298251152039,1,true_positive
test\bianxing\000020.png,bianxing,1,0.4784093499183655,0,false_negative
test\bianxing\000021.png,bianxing,1,0.7304127812385559,1,true_positive
test\bianxing\000022.png,bianxing,1,0.613348126411438,1,true_positive
test\bianxing\000023.png,bianxing,1,0.6618192791938782,1,true_positive
test\bianxing\000024.png,bianxing,1,0.5370626449584961,0,false_negative
test\bianxing\000025.png,bianxing,1,0.6629946827888489,1,true_positive
test\bianxing\000026.png,bianxing,1,0.6643983125686646,1,true_positive
test\bianxing\000027.png,bianxing,1,0.6653530597686768,1,true_positive
test\bianxing\000028.png,bianxing,1,0.6592344641685486,1,true_positive
test\bianxing\000029.png,bianxing,1,0.6773635745048523,1,true_positive
test\bianxing\000030.png,bianxing,1,0.694198727607727,1,true_positive
test\bianxing\000031.png,bianxing,1,0.6598096489906311,1,true_positive
test\bianxing\000032.png,bianxing,1,0.6580209136009216,1,true_positive
test\bianxing\000033.png,bianxing,1,0.5832229852676392,1,true_positive
test\bianxing\000034.png,bianxing,1,0.6133502721786499,1,true_positive
test\bianxing\000035.png,bianxing,1,0.5646187663078308,1,true_positive
test\bianxing\000036.png,bianxing,1,0.48844847083091736,0,false_negative
test\bianxing\000037.png,bianxing,1,0.6325412392616272,1,true_positive
test\bianxing\000038.png,bianxing,1,0.5158412456512451,0,false_negative
test\bianxing\000039.png,bianxing,1,0.7758664488792419,1,true_positive
test\fabai\000000.png,fabai,1,0.5469077229499817,1,true_positive
test\fabai\000001.png,fabai,1,0.6523888111114502,1,true_positive
test\fabai\000002.png,fabai,1,0.6849461793899536,1,true_positive
test\fabai\000003.png,fabai,1,0.6587420105934143,1,true_positive
test\fabai\000004.png,fabai,1,0.6315370798110962,1,true_positive
test\fabai\000005.png,fabai,1,0.7053970694541931,1,true_positive
test\fabai\000006.png,fabai,1,0.7711871266365051,1,true_positive
test\fabai\000007.png,fabai,1,0.6221960186958313,1,true_positive
test\fabai\000008.png,fabai,1,0.7861289381980896,1,true_positive
test\fabai\000009.png,fabai,1,0.7070660591125488,1,true_positive
test\fabai\000010.png,fabai,1,0.7522026896476746,1,true_positive
test\fabai\000011.png,fabai,1,0.6008361577987671,1,true_positive
test\fabai\000012.png,fabai,1,0.5793942213058472,1,true_positive
test\fabai\000013.png,fabai,1,0.7718836069107056,1,true_positive
test\fabai\000014.png,fabai,1,0.7770232558250427,1,true_positive
test\fabai\000015.png,fabai,1,0.6245391964912415,1,true_positive
test\fabai\000016.png,fabai,1,0.8147392868995667,1,true_positive
test\fabai\000017.png,fabai,1,0.6363574862480164,1,true_positive
test\fabai\000018.png,fabai,1,0.9062600135803223,1,true_positive
test\fabai\000019.png,fabai,1,0.5099202990531921,0,false_negative
test\fabai\000020.png,fabai,1,0.8002508878707886,1,true_positive
test\fabai\000021.png,fabai,1,0.8697685599327087,1,true_positive
test\fabai\000022.png,fabai,1,0.8487124443054199,1,true_positive
test\fabai\000023.png,fabai,1,0.8480303287506104,1,true_positive
test\fabai\000024.png,fabai,1,0.6528276205062866,1,true_positive
test\fabai\000025.png,fabai,1,0.6400032043457031,1,true_positive
test\fabai\000026.png,fabai,1,0.6528276205062866,1,true_positive
test\fabai\000027.png,fabai,1,0.6528265476226807,1,true_positive
test\fabai\000028.png,fabai,1,0.6460661292076111,1,true_positive
test\fabai\000029.png,fabai,1,0.8377127051353455,1,true_positive
test\fabai\000030.png,fabai,1,0.6528279185295105,1,true_positive
test\fabai\000031.png,fabai,1,0.5031793117523193,0,false_negative
test\fabai\000032.png,fabai,1,0.781836986541748,1,true_positive
test\fabai\000033.png,fabai,1,0.8049130439758301,1,true_positive
test\fabai\000034.png,fabai,1,0.7842639088630676,1,true_positive
test\fabai\000035.png,fabai,1,0.7608358860015869,1,true_positive
test\fabai\000036.png,fabai,1,0.8403303027153015,1,true_positive
test\fabai\000037.png,fabai,1,0.8299388885498047,1,true_positive
test\fabai\000038.png,fabai,1,0.8091709613800049,1,true_positive
test\fabai\000039.png,fabai,1,0.8967187404632568,1,true_positive
test\fabai\000040.png,fabai,1,0.811316728591919,1,true_positive
test\fabai\000041.png,fabai,1,0.48888060450553894,0,false_negative
test\fabai\000042.png,fabai,1,0.6794195175170898,1,true_positive
test\fabai\000043.png,fabai,1,0.7171622514724731,1,true_positive
test\fabai\000044.png,fabai,1,0.7410582900047302,1,true_positive
test\fabai\000045.png,fabai,1,0.8089409470558167,1,true_positive
test\fabai\000046.png,fabai,1,0.6352086663246155,1,true_positive
test\fabai\000047.png,fabai,1,0.739283561706543,1,true_positive
test\fabai\000048.png,fabai,1,0.7330882549285889,1,true_positive
test\fabai\000049.png,fabai,1,0.699341893196106,1,true_positive
test\fabai\000050.png,fabai,1,0.7297312021255493,1,true_positive
test\fabai\000051.png,fabai,1,0.707522988319397,1,true_positive
test\fabai\000052.png,fabai,1,0.8617249131202698,1,true_positive
test\fabai\000053.png,fabai,1,0.6751418709754944,1,true_positive
test\fabai\000054.png,fabai,1,0.6936690211296082,1,true_positive
test\fabai\000055.png,fabai,1,0.6126013398170471,1,true_positive
test\fabai\000056.png,fabai,1,0.669077455997467,1,true_positive
test\fabai\000057.png,fabai,1,0.6840644478797913,1,true_positive
test\fabai\000058.png,fabai,1,0.6742071509361267,1,true_positive
test\fabai\000059.png,fabai,1,0.6306057572364807,1,true_positive
test\fabai\000060.png,fabai,1,0.6983769536018372,1,true_positive
test\fabai\000061.png,fabai,1,0.6984862089157104,1,true_positive
test\fabai\000062.png,fabai,1,0.7345307469367981,1,true_positive
test\fabai\000063.png,fabai,1,0.6913310885429382,1,true_positive
test\fabai\000064.png,fabai,1,0.6960980296134949,1,true_positive
test\fabai\000065.png,fabai,1,0.7646986246109009,1,true_positive
test\fabai\000066.png,fabai,1,0.691635251045227,1,true_positive
test\fabai\000067.png,fabai,1,0.5528349876403809,1,true_positive
test\fabai\000068.png,fabai,1,0.6536108255386353,1,true_positive
test\fabai\000069.png,fabai,1,0.7643404006958008,1,true_positive
test\fabai\000070.png,fabai,1,0.708423376083374,1,true_positive
test\fabai\000071.png,fabai,1,0.7376614212989807,1,true_positive
test\fabai\000072.png,fabai,1,0.6387059092521667,1,true_positive
test\fabai\000073.png,fabai,1,0.8412202596664429,1,true_positive
test\fabai\000074.png,fabai,1,0.7180608510971069,1,true_positive
test\fabai\000075.png,fabai,1,0.8279364109039307,1,true_positive
test\fabai\000076.png,fabai,1,0.8158185482025146,1,true_positive
test\fabai\000077.png,fabai,1,0.8193736672401428,1,true_positive
test\fabai\000078.png,fabai,1,0.8130007386207581,1,true_positive
test\fabai\000079.png,fabai,1,0.8325924873352051,1,true_positive
test\fabai\000080.png,fabai,1,0.5111942291259766,0,false_negative
test\fabai\000081.png,fabai,1,0.8196826577186584,1,true_positive
test\fabai\000082.png,fabai,1,0.5410878658294678,1,true_positive
test\fabai\000083.png,fabai,1,0.5681107640266418,1,true_positive
test\fabai\000084.png,fabai,1,0.5117332935333252,0,false_negative
test\fabai\000085.png,fabai,1,0.49770018458366394,0,false_negative
test\fabai\000086.png,fabai,1,0.5645512938499451,1,true_positive
test\fabai\000087.png,fabai,1,0.7545987963676453,1,true_positive
test\fabai\000088.png,fabai,1,0.8031013011932373,1,true_positive
test\fabai\000089.png,fabai,1,0.784580409526825,1,true_positive
test\fabai\000090.png,fabai,1,0.525539219379425,0,false_negative
test\fabai\000091.png,fabai,1,0.5779741406440735,1,true_positive
test\fabai\000092.png,fabai,1,0.7221181392669678,1,true_positive
test\fabai\000093.png,fabai,1,0.5058639645576477,0,false_negative
test\fabai\000094.png,fabai,1,0.4693797528743744,0,false_negative
test\fabai\000095.png,fabai,1,0.7392956018447876,1,true_positive
test\fabai\000096.png,fabai,1,0.8062916398048401,1,true_positive
test\fabai\000097.png,fabai,1,0.7005279660224915,1,true_positive
test\fabai\000098.png,fabai,1,0.7429763078689575,1,true_positive
test\fabai\000099.png,fabai,1,0.7893944978713989,1,true_positive
test\fabai\000100.png,fabai,1,0.6861175298690796,1,true_positive
test\fabai\000101.png,fabai,1,0.6839102506637573,1,true_positive
test\fabai\000102.png,fabai,1,0.7419524788856506,1,true_positive
test\fabai\000103.png,fabai,1,0.6998535990715027,1,true_positive
test\fabai\000104.png,fabai,1,0.6978002786636353,1,true_positive
test\fabai\000105.png,fabai,1,0.7608577609062195,1,true_positive
test\fabai\000106.png,fabai,1,0.7134400606155396,1,true_positive
test\fabai\000107.png,fabai,1,0.599446713924408,1,true_positive
test\good\000000.png,good,0,0.5010403394699097,0,true_negative
test\good\000001.png,good,0,0.6418687105178833,1,false_positive
test\good\000002.png,good,0,0.49379274249076843,0,true_negative
test\good\000003.png,good,0,0.5156388878822327,0,true_negative
test\good\000004.png,good,0,0.5053747296333313,0,true_negative
test\good\000005.png,good,0,0.5460494160652161,1,false_positive
test\good\000006.png,good,0,0.5558032989501953,1,false_positive
test\good\000007.png,good,0,0.5263703465461731,0,true_negative
test\good\000008.png,good,0,0.5160934329032898,0,true_negative
test\good\000009.png,good,0,0.5170925855636597,0,true_negative
test\good\000010.png,good,0,0.45539483428001404,0,true_negative
test\good\000011.png,good,0,0.5214462876319885,0,true_negative
test\good\000012.png,good,0,0.5510447025299072,1,false_positive
test\good\000013.png,good,0,0.4879465401172638,0,true_negative
test\good\000014.png,good,0,0.5384328961372375,0,true_negative
test\good\000015.png,good,0,0.5379473567008972,0,true_negative
test\good\000016.png,good,0,0.5185585021972656,0,true_negative
test\good\000017.png,good,0,0.5462213158607483,1,false_positive
test\good\000018.png,good,0,0.5715043544769287,1,false_positive
test\good\000019.png,good,0,0.516671359539032,0,true_negative
test\good\000020.png,good,0,0.4701802432537079,0,true_negative
test\good\000021.png,good,0,0.5510757565498352,1,false_positive
test\good\000022.png,good,0,0.53938889503479,0,true_negative
test\good\000023.png,good,0,0.5014975070953369,0,true_negative
test\good\000024.png,good,0,0.5038615465164185,0,true_negative
test\good\000025.png,good,0,0.5743952989578247,1,false_positive
test\good\000026.png,good,0,0.484621524810791,0,true_negative
test\good\000027.png,good,0,0.517157256603241,0,true_negative
test\good\000028.png,good,0,0.5141172409057617,0,true_negative
test\good\000029.png,good,0,0.5789572596549988,1,false_positive
test\good\000030.png,good,0,0.5467588305473328,1,false_positive
test\good\000031.png,good,0,0.5301377773284912,0,true_negative
test\good\000032.png,good,0,0.4881766140460968,0,true_negative
test\good\000033.png,good,0,0.4609924554824829,0,true_negative
test\good\000034.png,good,0,0.47585082054138184,0,true_negative
test\good\000035.png,good,0,0.48252034187316895,0,true_negative
test\good\000036.png,good,0,0.5354328155517578,0,true_negative
test\good\000037.png,good,0,0.4743817448616028,0,true_negative
test\good\000038.png,good,0,0.5022690296173096,0,true_negative
test\good\000039.png,good,0,0.4988432824611664,0,true_negative
test\good\000040.png,good,0,0.49936947226524353,0,true_negative
test\good\000041.png,good,0,0.5707563757896423,1,false_positive
test\good\000042.png,good,0,0.6565197706222534,1,false_positive
test\good\000043.png,good,0,0.45582669973373413,0,true_negative
test\good\000044.png,good,0,0.5704366564750671,1,false_positive
test\good\000045.png,good,0,0.618176281452179,1,false_positive
test\good\000046.png,good,0,0.49387794733047485,0,true_negative
test\good\000047.png,good,0,0.5356329679489136,0,true_negative
test\good\000048.png,good,0,0.47756388783454895,0,true_negative
test\good\000049.png,good,0,0.4516257047653198,0,true_negative
test\good\000050.png,good,0,0.45517870783805847,0,true_negative
test\good\000051.png,good,0,0.503444492816925,0,true_negative
test\good\000052.png,good,0,0.5014399886131287,0,true_negative
test\good\000053.png,good,0,0.5928553938865662,1,false_positive
test\good\000054.png,good,0,0.53564453125,0,true_negative
test\good\000055.png,good,0,0.4798371493816376,0,true_negative
test\good\000056.png,good,0,0.630182683467865,1,false_positive
test\good\000057.png,good,0,0.5297797322273254,0,true_negative
test\good\000058.png,good,0,0.721684455871582,1,false_positive
test\good\000059.png,good,0,0.472126305103302,0,true_negative
test\good\000060.png,good,0,0.50018709897995,0,true_negative
test\good\000061.png,good,0,0.518742561340332,0,true_negative
test\good\000062.png,good,0,0.5978542566299438,1,false_positive
test\good\000063.png,good,0,0.5346806645393372,0,true_negative
test\good\000064.png,good,0,0.6050456166267395,1,false_positive
test\good\000065.png,good,0,0.5067774653434753,0,true_negative
test\good\000066.png,good,0,0.5208943486213684,0,true_negative
test\good\000067.png,good,0,0.4898783564567566,0,true_negative
test\good\000068.png,good,0,0.5693478584289551,1,false_positive
test\good\000069.png,good,0,0.4880557358264923,0,true_negative
test\good\000070.png,good,0,0.7264319658279419,1,false_positive
test\good\000071.png,good,0,0.4824138581752777,0,true_negative
test\good\000072.png,good,0,0.5572363138198853,1,false_positive
test\good\000073.png,good,0,0.5014193058013916,0,true_negative
test\good\000074.png,good,0,0.4815610647201538,0,true_negative
test\good\000075.png,good,0,0.5569613575935364,1,false_positive
test\good\000076.png,good,0,0.5026400685310364,0,true_negative
test\good\000077.png,good,0,0.5789116621017456,1,false_positive
test\good\000078.png,good,0,0.4826285243034363,0,true_negative
test\good\000079.png,good,0,0.5019144415855408,0,true_negative
test\good\000080.png,good,0,0.4924252927303314,0,true_negative
test\good\000081.png,good,0,0.6545126438140869,1,false_positive
test\good\000082.png,good,0,0.5081342458724976,0,true_negative
test\good\000083.png,good,0,0.5001668930053711,0,true_negative
test\good\000084.png,good,0,0.5515261292457581,1,false_positive
test\good\000085.png,good,0,0.511437714099884,0,true_negative
test\good\000086.png,good,0,0.4643647074699402,0,true_negative
test\good\000087.png,good,0,0.5574451684951782,1,false_positive
test\good\000088.png,good,0,0.4876787066459656,0,true_negative
test\good\000089.png,good,0,0.5067188143730164,0,true_negative
test\good\000090.png,good,0,0.44736889004707336,0,true_negative
test\good\000091.png,good,0,0.5052917003631592,0,true_negative
test\good\000092.png,good,0,0.6046120524406433,1,false_positive
test\good\000093.png,good,0,0.5343642234802246,0,true_negative
test\good\000094.png,good,0,0.6177526712417603,1,false_positive
test\good\000095.png,good,0,0.5243639349937439,0,true_negative
test\good\000096.png,good,0,0.5367942452430725,0,true_negative
test\good\000097.png,good,0,0.4832555055618286,0,true_negative
test\good\000098.png,good,0,0.5059608221054077,0,true_negative
test\good\000099.png,good,0,0.524186909198761,0,true_negative
test\good\000100.png,good,0,0.49888676404953003,0,true_negative
test\good\000101.png,good,0,0.6133245229721069,1,false_positive
test\good\000102.png,good,0,0.5950682163238525,1,false_positive
test\good\000103.png,good,0,0.6937713623046875,1,false_positive
test\good\000104.png,good,0,0.5946968197822571,1,false_positive
test\good\000105.png,good,0,0.5049266219139099,0,true_negative
test\good\000106.png,good,0,0.49232348799705505,0,true_negative
test\good\000107.png,good,0,0.49071985483169556,0,true_negative
test\good\000108.png,good,0,0.5326693058013916,0,true_negative
test\good\000109.png,good,0,0.5563921332359314,1,false_positive
test\good\000110.png,good,0,0.525545597076416,0,true_negative
test\good\000111.png,good,0,0.5562616586685181,1,false_positive
test\good\000112.png,good,0,0.4869580566883087,0,true_negative
test\good\000113.png,good,0,0.4731828272342682,0,true_negative
test\good\000114.png,good,0,0.5395411849021912,0,true_negative
test\good\000115.png,good,0,0.4858318567276001,0,true_negative
test\good\000116.png,good,0,0.4859829843044281,0,true_negative
test\good\000117.png,good,0,0.5643001198768616,1,false_positive
test\good\000118.png,good,0,0.4683319628238678,0,true_negative
test\good\000119.png,good,0,0.518884003162384,0,true_negative
test\good\000120.png,good,0,0.5774771571159363,1,false_positive
test\good\000121.png,good,0,0.5034558773040771,0,true_negative
test\good\000122.png,good,0,0.5187947750091553,0,true_negative
test\good\000123.png,good,0,0.547654390335083,1,false_positive
test\good\000124.png,good,0,0.6470016837120056,1,false_positive
test\good\000125.png,good,0,0.5480515956878662,1,false_positive
test\good\000126.png,good,0,0.48420625925064087,0,true_negative
test\good\000127.png,good,0,0.5368170738220215,0,true_negative
test\good\000128.png,good,0,0.4917963147163391,0,true_negative
test\good\000129.png,good,0,0.5450147390365601,1,false_positive
test\good\000130.png,good,0,0.6101393103599548,1,false_positive
test\good\000131.png,good,0,0.6448534727096558,1,false_positive
test\good\000132.png,good,0,0.5288216471672058,0,true_negative
test\good\000133.png,good,0,0.547502338886261,1,false_positive
test\good\000134.png,good,0,0.530249297618866,0,true_negative
test\good\000135.png,good,0,0.5601893663406372,1,false_positive
test\good\000136.png,good,0,0.7490181922912598,1,false_positive
test\good\000137.png,good,0,0.4691004455089569,0,true_negative
test\good\000138.png,good,0,0.4709472060203552,0,true_negative
test\good\000139.png,good,0,0.5818416476249695,1,false_positive
test\good\000140.png,good,0,0.47010669112205505,0,true_negative
test\good\000141.png,good,0,0.49200206995010376,0,true_negative
test\good\000142.png,good,0,0.5283655524253845,0,true_negative
test\good\000143.png,good,0,0.5166581869125366,0,true_negative
test\good\000144.png,good,0,0.6217896938323975,1,false_positive
test\good\000145.png,good,0,0.7293163537979126,1,false_positive
test\good\000146.png,good,0,0.6305108070373535,1,false_positive
test\good\000147.png,good,0,0.6474802494049072,1,false_positive
test\good\000148.png,good,0,0.4699843227863312,0,true_negative
test\good\000149.png,good,0,0.638367772102356,1,false_positive
test\good\000150.png,good,0,0.4788772165775299,0,true_negative
test\good\000151.png,good,0,0.5020179748535156,0,true_negative
test\good\000152.png,good,0,0.5082171559333801,0,true_negative
test\good\000153.png,good,0,0.686874508857727,1,false_positive
test\good\000154.png,good,0,0.49950551986694336,0,true_negative
test\good\000155.png,good,0,0.5174471735954285,0,true_negative
test\good\000156.png,good,0,0.4954528212547302,0,true_negative
test\good\000157.png,good,0,0.6408180594444275,1,false_positive
test\good\000158.png,good,0,0.5253692865371704,0,true_negative
test\good\000159.png,good,0,0.515119731426239,0,true_negative
test\good\000160.png,good,0,0.5073220133781433,0,true_negative
test\good\000161.png,good,0,0.5697574019432068,1,false_positive
test\good\000162.png,good,0,0.6203930974006653,1,false_positive
test\good\000163.png,good,0,0.580852746963501,1,false_positive
test\good\000164.png,good,0,0.6294519305229187,1,false_positive
test\good\000165.png,good,0,0.49244368076324463,0,true_negative
test\good\000166.png,good,0,0.4999476671218872,0,true_negative
test\good\000167.png,good,0,0.48450395464897156,0,true_negative
test\good\000168.png,good,0,0.4790361225605011,0,true_negative
test\good\000169.png,good,0,0.508342981338501,0,true_negative
test\good\000170.png,good,0,0.49349716305732727,0,true_negative
test\good\000171.png,good,0,0.5813490152359009,1,false_positive
test\good\000172.png,good,0,0.4938535690307617,0,true_negative
test\good\000173.png,good,0,0.6750588417053223,1,false_positive
test\good\000174.png,good,0,0.45917263627052307,0,true_negative
test\good\000175.png,good,0,0.44409963488578796,0,true_negative
test\good\000176.png,good,0,0.4884045124053955,0,true_negative
test\good\000177.png,good,0,0.6144924163818359,1,false_positive
test\good\000178.png,good,0,0.5021974444389343,0,true_negative
test\good\000179.png,good,0,0.5863909125328064,1,false_positive
test\good\000180.png,good,0,0.553449273109436,1,false_positive
test\good\000181.png,good,0,0.605202317237854,1,false_positive
test\good\000182.png,good,0,0.5346632599830627,0,true_negative
test\good\000183.png,good,0,0.4923512041568756,0,true_negative
test\good\000184.png,good,0,0.5340561270713806,0,true_negative
test\good\000185.png,good,0,0.4817650020122528,0,true_negative
test\good\000186.png,good,0,0.4806581437587738,0,true_negative
test\good\000187.png,good,0,0.48675617575645447,0,true_negative
test\good\000188.png,good,0,0.540278971195221,0,true_negative
test\good\000189.png,good,0,0.49744275212287903,0,true_negative
test\good\000190.png,good,0,0.5097171068191528,0,true_negative
test\good\000191.png,good,0,0.5269051194190979,0,true_negative
test\good\000192.png,good,0,0.4920700192451477,0,true_negative
test\good\000193.png,good,0,0.5400094985961914,0,true_negative
test\good\000194.png,good,0,0.5057316422462463,0,true_negative
test\good\000195.png,good,0,0.5341013669967651,0,true_negative
test\good\000196.png,good,0,0.4933755397796631,0,true_negative
test\good\000197.png,good,0,0.5033868551254272,0,true_negative
test\good\000198.png,good,0,0.656312108039856,1,false_positive
test\good\000199.png,good,0,0.5063785910606384,0,true_negative
test\good\000200.png,good,0,0.53111332654953,0,true_negative
test\good\000201.png,good,0,0.5039064884185791,0,true_negative
test\good\000202.png,good,0,0.6512528657913208,1,false_positive
test\good\000203.png,good,0,0.6302049160003662,1,false_positive
test\good\000204.png,good,0,0.46691253781318665,0,true_negative
test\good\000205.png,good,0,0.4980030655860901,0,true_negative
test\good\000206.png,good,0,0.6281118392944336,1,false_positive
test\good\000207.png,good,0,0.6372978687286377,1,false_positive
test\good\000208.png,good,0,0.5076685547828674,0,true_negative
test\good\000209.png,good,0,0.5192830562591553,0,true_negative
test\good\000210.png,good,0,0.4936668276786804,0,true_negative
test\good\000211.png,good,0,0.4645047187805176,0,true_negative
test\good\000212.png,good,0,0.5139456391334534,0,true_negative
test\good\000213.png,good,0,0.5170618295669556,0,true_negative
test\good\000214.png,good,0,0.4686790406703949,0,true_negative
test\good\000215.png,good,0,0.6138077974319458,1,false_positive
test\good\000216.png,good,0,0.5330561995506287,0,true_negative
test\good\000217.png,good,0,0.49004319310188293,0,true_negative
test\good\000218.png,good,0,0.5321866869926453,0,true_negative
test\good\000219.png,good,0,0.5134786367416382,0,true_negative
test\good\000220.png,good,0,0.508655846118927,0,true_negative
test\good\000221.png,good,0,0.48560190200805664,0,true_negative
test\good\000222.png,good,0,0.46391767263412476,0,true_negative
test\good\000223.png,good,0,0.55198734998703,1,false_positive
test\good\000224.png,good,0,0.502163827419281,0,true_negative
test\good\000225.png,good,0,0.5170736908912659,0,true_negative
test\good\000226.png,good,0,0.5396459698677063,0,true_negative
test\good\000227.png,good,0,0.5493481159210205,1,false_positive
test\good\000228.png,good,0,0.5028687715530396,0,true_negative
test\good\000229.png,good,0,0.49726033210754395,0,true_negative
test\good\000230.png,good,0,0.5448967218399048,1,false_positive
test\good\000231.png,good,0,0.6587164998054504,1,false_positive
test\good\000232.png,good,0,0.6982323527336121,1,false_positive
test\good\000233.png,good,0,0.5249543786048889,0,true_negative
test\good\000234.png,good,0,0.5050657391548157,0,true_negative
test\good\000235.png,good,0,0.511667013168335,0,true_negative
test\good\000236.png,good,0,0.5130129456520081,0,true_negative
test\good\000237.png,good,0,0.5274452567100525,0,true_negative
test\good\000238.png,good,0,0.5617719888687134,1,false_positive
test\good\000239.png,good,0,0.46734192967414856,0,true_negative
test\good\000240.png,good,0,0.6386451721191406,1,false_positive
test\good\000241.png,good,0,0.5626075267791748,1,false_positive
test\good\000242.png,good,0,0.6672939658164978,1,false_positive
test\good\000243.png,good,0,0.5265181064605713,0,true_negative
test\good\000244.png,good,0,0.6162796020507812,1,false_positive
test\good\000245.png,good,0,0.6283292770385742,1,false_positive
test\good\000246.png,good,0,0.5166335105895996,0,true_negative
test\good\000247.png,good,0,0.5536210536956787,1,false_positive
test\good\000248.png,good,0,0.48340436816215515,0,true_negative
test\good\000249.png,good,0,0.5053611993789673,0,true_negative
test\good\000250.png,good,0,0.5064594745635986,0,true_negative
test\good\000251.png,good,0,0.4952370822429657,0,true_negative
test\good\000252.png,good,0,0.4693838357925415,0,true_negative
test\good\000253.png,good,0,0.4751375615596771,0,true_negative
test\good\000254.png,good,0,0.46517983078956604,0,true_negative
test\good\000255.png,good,0,0.4915481507778168,0,true_negative
test\good\000256.png,good,0,0.526749312877655,0,true_negative
test\good\000257.png,good,0,0.495790034532547,0,true_negative
test\good\000258.png,good,0,0.5354222655296326,0,true_negative
test\good\000259.png,good,0,0.5780186653137207,1,false_positive
test\good\000260.png,good,0,0.5299164652824402,0,true_negative
test\good\000261.png,good,0,0.5248620510101318,0,true_negative
test\good\000262.png,good,0,0.5235609412193298,0,true_negative
test\good\000263.png,good,0,0.6289045214653015,1,false_positive
test\good\000264.png,good,0,0.5270734429359436,0,true_negative
test\good\000265.png,good,0,0.4844629764556885,0,true_negative
test\good\000266.png,good,0,0.5110443830490112,0,true_negative
test\good\000267.png,good,0,0.49932387471199036,0,true_negative
test\good\000268.png,good,0,0.5195833444595337,0,true_negative
test\good\000269.png,good,0,0.5938078165054321,1,false_positive
test\good\000270.png,good,0,0.5372721552848816,0,true_negative
test\good\000271.png,good,0,0.5919355750083923,1,false_positive
test\good\000272.png,good,0,0.6110436320304871,1,false_positive
test\good\000273.png,good,0,0.5099748969078064,0,true_negative
test\good\000274.png,good,0,0.49229806661605835,0,true_negative
test\good\000275.png,good,0,0.6091433167457581,1,false_positive
test\good\000276.png,good,0,0.6848722100257874,1,false_positive
test\good\000277.png,good,0,0.5545432567596436,1,false_positive
test\good\000278.png,good,0,0.5456557869911194,1,false_positive
test\good\000279.png,good,0,0.5105997920036316,0,true_negative
test\good\000280.png,good,0,0.5217649936676025,0,true_negative
test\good\000281.png,good,0,0.469909131526947,0,true_negative
test\good\000282.png,good,0,0.5397934317588806,0,true_negative
test\good\000283.png,good,0,0.5564450621604919,1,false_positive
test\good\000284.png,good,0,0.550654411315918,1,false_positive
test\good\000285.png,good,0,0.4780440628528595,0,true_negative
test\good\000286.png,good,0,0.49317288398742676,0,true_negative
test\good\000287.png,good,0,0.46879449486732483,0,true_negative
test\good\000288.png,good,0,0.46681705117225647,0,true_negative
test\good\000289.png,good,0,0.5613160729408264,1,false_positive
test\good\000290.png,good,0,0.5586956143379211,1,false_positive
test\good\000291.png,good,0,0.49414917826652527,0,true_negative
test\good\000292.png,good,0,0.6088261008262634,1,false_positive
test\good\000293.png,good,0,0.4522612690925598,0,true_negative
test\good\000294.png,good,0,0.5245416760444641,0,true_negative
test\good\000295.png,good,0,0.6304509043693542,1,false_positive
test\good\000296.png,good,0,0.5295608639717102,0,true_negative
test\good\000297.png,good,0,0.5721796154975891,1,false_positive
test\good\000298.png,good,0,0.45472827553749084,0,true_negative
test\good\000299.png,good,0,0.47499075531959534,0,true_negative
test\good\000300.png,good,0,0.44594916701316833,0,true_negative
test\good\000301.png,good,0,0.5496348738670349,1,false_positive
test\good\000302.png,good,0,0.5201897025108337,0,true_negative
test\good\000303.png,good,0,0.49893540143966675,0,true_negative
test\good\000304.png,good,0,0.5054561495780945,0,true_negative
test\good\000305.png,good,0,0.5468142032623291,1,false_positive
test\good\000306.png,good,0,0.6962924599647522,1,false_positive
test\good\000307.png,good,0,0.47149327397346497,0,true_negative
test\good\000308.png,good,0,0.5016030669212341,0,true_negative
test\good\000309.png,good,0,0.49124443531036377,0,true_negative
test\good\000310.png,good,0,0.5059608221054077,0,true_negative
test\good\000311.png,good,0,0.5760554671287537,1,false_positive
test\good\000312.png,good,0,0.5636146068572998,1,false_positive
test\good\000313.png,good,0,0.4956088364124298,0,true_negative
test\good\000314.png,good,0,0.6657712459564209,1,false_positive
test\good\000315.png,good,0,0.6761800646781921,1,false_positive
test\good\000316.png,good,0,0.5168229341506958,0,true_negative
test\good\000317.png,good,0,0.50870281457901,0,true_negative
test\good\000318.png,good,0,0.5298587083816528,0,true_negative
test\good\000319.png,good,0,0.6342977285385132,1,false_positive
test\good\000320.png,good,0,0.5553898215293884,1,false_positive
test\good\000321.png,good,0,0.5404447317123413,0,true_negative
test\good\000322.png,good,0,0.5375766158103943,0,true_negative
test\good\000323.png,good,0,0.551696240901947,1,false_positive
test\good\000324.png,good,0,0.5061771869659424,0,true_negative
test\good\000325.png,good,0,0.5182980895042419,0,true_negative
test\good\000326.png,good,0,0.5884609818458557,1,false_positive
test\good\000327.png,good,0,0.7289642691612244,1,false_positive
test\good\000328.png,good,0,0.514731228351593,0,true_negative
test\good\000329.png,good,0,0.49971213936805725,0,true_negative
test\good\000330.png,good,0,0.48841550946235657,0,true_negative
test\good\000331.png,good,0,0.5343471169471741,0,true_negative
test\good\000332.png,good,0,0.4899645149707794,0,true_negative
test\good\000333.png,good,0,0.6057204008102417,1,false_positive
test\good\000334.png,good,0,0.6892901659011841,1,false_positive
test\good\000335.png,good,0,0.6274396777153015,1,false_positive
test\good\000336.png,good,0,0.583472490310669,1,false_positive
test\good\000337.png,good,0,0.4989362359046936,0,true_negative
test\good\000338.png,good,0,0.5222766399383545,0,true_negative
test\good\000339.png,good,0,0.518810510635376,0,true_negative
test\good\000340.png,good,0,0.6165633201599121,1,false_positive
test\good\000341.png,good,0,0.5157055854797363,0,true_negative
test\good\000342.png,good,0,0.49810993671417236,0,true_negative
test\good\000343.png,good,0,0.5187074542045593,0,true_negative
test\good\000344.png,good,0,0.5580497980117798,1,false_positive
test\good\000345.png,good,0,0.48615455627441406,0,true_negative
test\good\000346.png,good,0,0.5315284132957458,0,true_negative
test\good\000347.png,good,0,0.49417537450790405,0,true_negative
test\good\000348.png,good,0,0.5230169296264648,0,true_negative
test\good\000349.png,good,0,0.5296512842178345,0,true_negative
test\good\000350.png,good,0,0.5416641235351562,1,false_positive
test\good\000351.png,good,0,0.5034742951393127,0,true_negative
test\good\000352.png,good,0,0.48654046654701233,0,true_negative
test\good\000353.png,good,0,0.49445679783821106,0,true_negative
test\good\000354.png,good,0,0.5115146636962891,0,true_negative
test\good\000355.png,good,0,0.4760744571685791,0,true_negative
test\good\000356.png,good,0,0.5659198760986328,1,false_positive
test\good\000357.png,good,0,0.5409170389175415,1,false_positive
test\good\000358.png,good,0,0.5298802256584167,0,true_negative
test\good\000359.png,good,0,0.5367523431777954,0,true_negative
test\good\000360.png,good,0,0.48367923498153687,0,true_negative
test\good\000361.png,good,0,0.4748457968235016,0,true_negative
test\good\000362.png,good,0,0.5337242484092712,0,true_negative
test\good\000363.png,good,0,0.48612070083618164,0,true_negative
test\good\000364.png,good,0,0.540278971195221,0,true_negative
test\good\000365.png,good,0,0.5499866604804993,1,false_positive
test\good\000366.png,good,0,0.494515985250473,0,true_negative
test\good\000367.png,good,0,0.4912002682685852,0,true_negative
test\good\000368.png,good,0,0.5657946467399597,1,false_positive
test\guoxi\000000.png,guoxi,1,0.5197429060935974,0,false_negative
test\guoxi\000001.png,guoxi,1,0.7034915685653687,1,true_positive
test\guoxi\000002.png,guoxi,1,0.8135913610458374,1,true_positive
test\guoxi\000003.png,guoxi,1,0.762818455696106,1,true_positive
test\guoxi\000004.png,guoxi,1,0.685581386089325,1,true_positive
test\guoxi\000005.png,guoxi,1,0.8270446062088013,1,true_positive
test\guoxi\000006.png,guoxi,1,0.8163751363754272,1,true_positive
test\guoxi\000007.png,guoxi,1,0.7124830484390259,1,true_positive
test\guoxi\000008.png,guoxi,1,0.7806243896484375,1,true_positive
test\guoxi\000009.png,guoxi,1,0.7736095786094666,1,true_positive
test\guoxi\000010.png,guoxi,1,0.7212957739830017,1,true_positive
test\guoxi\000011.png,guoxi,1,0.7560298442840576,1,true_positive
test\guoxi\000012.png,guoxi,1,0.8052810430526733,1,true_positive
test\guoxi\000013.png,guoxi,1,0.8585999011993408,1,true_positive
test\guoxi\000014.png,guoxi,1,0.7602723240852356,1,true_positive
test\guoxi\000015.png,guoxi,1,0.6563233733177185,1,true_positive
test\guoxi\000016.png,guoxi,1,0.7670369148254395,1,true_positive
test\guoxi\000017.png,guoxi,1,0.7674150466918945,1,true_positive
test\guoxi\000018.png,guoxi,1,0.6040363907814026,1,true_positive
test\guoxi\000019.png,guoxi,1,0.8697329163551331,1,true_positive
test\guoxi\000020.png,guoxi,1,0.8142759203910828,1,true_positive
test\guoxi\000021.png,guoxi,1,0.7676197290420532,1,true_positive
test\guoxi\000022.png,guoxi,1,0.686457097530365,1,true_positive
test\guoxi\000023.png,guoxi,1,0.9031581878662109,1,true_positive
test\guoxi\000024.png,guoxi,1,0.7538012266159058,1,true_positive
test\guoxi\000025.png,guoxi,1,0.7907654643058777,1,true_positive
test\guoxi\000026.png,guoxi,1,0.7938042283058167,1,true_positive
test\guoxi\000027.png,guoxi,1,0.756105899810791,1,true_positive
test\guoxi\000028.png,guoxi,1,0.5788383483886719,1,true_positive
test\guoxi\000029.png,guoxi,1,0.6790151596069336,1,true_positive
test\guoxi\000030.png,guoxi,1,0.7580799460411072,1,true_positive
test\guoxi\000031.png,guoxi,1,0.7812711596488953,1,true_positive
test\guoxi\000032.png,guoxi,1,0.7820370197296143,1,true_positive
test\guoxi\000033.png,guoxi,1,0.6981828808784485,1,true_positive
test\guoxi\000034.png,guoxi,1,0.5777450799942017,1,true_positive
test\guoxi\000035.png,guoxi,1,0.818321704864502,1,true_positive
test\guoxi\000036.png,guoxi,1,0.7766015529632568,1,true_positive
test\guoxi\000037.png,guoxi,1,0.8251448273658752,1,true_positive
test\guoxi\000038.png,guoxi,1,0.8116206526756287,1,true_positive
test\guoxi\000039.png,guoxi,1,0.8231364488601685,1,true_positive
test\guoxi\000040.png,guoxi,1,0.5393590927124023,0,false_negative
test\guoxi\000041.png,guoxi,1,0.8364394903182983,1,true_positive
test\guoxi\000042.png,guoxi,1,0.5387774705886841,0,false_negative
test\guoxi\000043.png,guoxi,1,0.828426718711853,1,true_positive
test\guoxi\000044.png,guoxi,1,0.665371298789978,1,true_positive
test\guoxi\000045.png,guoxi,1,0.8088035583496094,1,true_positive
test\guoxi\000046.png,guoxi,1,0.7567076086997986,1,true_positive
test\guoxi\000047.png,guoxi,1,0.708000123500824,1,true_positive
test\guoxi\000048.png,guoxi,1,0.6789707541465759,1,true_positive
test\guoxi\000049.png,guoxi,1,0.7423931360244751,1,true_positive
test\guoxi\000050.png,guoxi,1,0.7454293966293335,1,true_positive
test\guoxi\000051.png,guoxi,1,0.7844002842903137,1,true_positive
test\guoxi\000052.png,guoxi,1,0.8449144959449768,1,true_positive
test\guoxi\000053.png,guoxi,1,0.9160258173942566,1,true_positive
test\guoxi\000054.png,guoxi,1,0.8947680592536926,1,true_positive
test\guoxi\000055.png,guoxi,1,0.8576483130455017,1,true_positive
test\guoxi\000056.png,guoxi,1,0.8218010067939758,1,true_positive
test\guoxi\000057.png,guoxi,1,0.7317702174186707,1,true_positive
test\guoxi\000058.png,guoxi,1,0.8037635087966919,1,true_positive
test\guoxi\000059.png,guoxi,1,0.782103419303894,1,true_positive
test\guoxi\000060.png,guoxi,1,0.7204063534736633,1,true_positive
test\guoxi\000061.png,guoxi,1,0.7647157311439514,1,true_positive
test\guoxi\000062.png,guoxi,1,0.8164207339286804,1,true_positive
test\guoxi\000063.png,guoxi,1,0.8287541270256042,1,true_positive
test\guoxi\000064.png,guoxi,1,0.5032193660736084,0,false_negative
test\guoxi\000065.png,guoxi,1,0.7156948447227478,1,true_positive
test\guoxi\000066.png,guoxi,1,0.8065391182899475,1,true_positive
test\guoxi\000067.png,guoxi,1,0.8229580521583557,1,true_positive
test\guoxi\000068.png,guoxi,1,0.7786960601806641,1,true_positive
test\guoxi\000069.png,guoxi,1,0.7097432017326355,1,true_positive
test\guoxi\000070.png,guoxi,1,0.744905412197113,1,true_positive
test\guoxi\000071.png,guoxi,1,0.8557599186897278,1,true_positive
test\guoxi\000072.png,guoxi,1,0.7930306792259216,1,true_positive
test\guoxi\000073.png,guoxi,1,0.7900285124778748,1,true_positive
test\guoxi\000074.png,guoxi,1,0.797196626663208,1,true_positive
test\huashang\000000.png,huashang,1,0.7070839405059814,1,true_positive
test\huashang\000001.png,huashang,1,0.6246178150177002,1,true_positive
test\huashang\000002.png,huashang,1,0.7113037109375,1,true_positive
test\huashang\000003.png,huashang,1,0.6620259881019592,1,true_positive
test\huashang\000004.png,huashang,1,0.689577579498291,1,true_positive
test\huashang\000005.png,huashang,1,0.7050450444221497,1,true_positive
test\huashang\000006.png,huashang,1,0.6919153928756714,1,true_positive
test\huashang\000007.png,huashang,1,0.6782469749450684,1,true_positive
test\huashang\000008.png,huashang,1,0.7803722023963928,1,true_positive
test\huashang\000009.png,huashang,1,0.7101044654846191,1,true_positive
test\huashang\000010.png,huashang,1,0.7253161072731018,1,true_positive
test\huashang\000011.png,huashang,1,0.6632415056228638,1,true_positive
test\huashang\000012.png,huashang,1,0.7973427772521973,1,true_positive
test\huashang\000013.png,huashang,1,0.6549997925758362,1,true_positive
test\huashang\000014.png,huashang,1,0.6492612361907959,1,true_positive
test\huashang\000015.png,huashang,1,0.6490502953529358,1,true_positive
test\huashang\000016.png,huashang,1,0.5205448269844055,0,false_negative
test\huashang\000017.png,huashang,1,0.8463988304138184,1,true_positive
test\huashang\000018.png,huashang,1,0.5639159083366394,1,true_positive
test\huashang\000019.png,huashang,1,0.49801647663116455,0,false_negative
test\huashang\000020.png,huashang,1,0.6814822554588318,1,true_positive
test\huashang\000021.png,huashang,1,0.5174210071563721,0,false_negative
test\huashang\000022.png,huashang,1,0.7561318278312683,1,true_positive
test\huashang\000023.png,huashang,1,0.6755486130714417,1,true_positive
test\huashang\000024.png,huashang,1,0.7933264374732971,1,true_positive
test\huashang\000025.png,huashang,1,0.700975239276886,1,true_positive
test\huashang\000026.png,huashang,1,0.6885555386543274,1,true_positive
test\huashang\000027.png,huashang,1,0.7160225510597229,1,true_positive
test\huashang\000028.png,huashang,1,0.6112477779388428,1,true_positive
test\huashang\000029.png,huashang,1,0.5144492983818054,0,false_negative
test\huashang\000030.png,huashang,1,0.5954534411430359,1,true_positive
test\huashang\000031.png,huashang,1,0.6766842603683472,1,true_positive
test\huashang\000032.png,huashang,1,0.7007592916488647,1,true_positive
test\huashang\000033.png,huashang,1,0.7057971358299255,1,true_positive
test\huashang\000034.png,huashang,1,0.5186223983764648,0,false_negative
test\huashang\000035.png,huashang,1,0.688140332698822,1,true_positive
test\huashang\000036.png,huashang,1,0.554549515247345,1,true_positive
test\huashang\000037.png,huashang,1,0.6467633843421936,1,true_positive
test\huashang\000038.png,huashang,1,0.8016955256462097,1,true_positive
test\huashang\000039.png,huashang,1,0.6584567427635193,1,true_positive
test\huashang\000040.png,huashang,1,0.630909264087677,1,true_positive
test\huashang\000041.png,huashang,1,0.8358718752861023,1,true_positive
test\huashang\000042.png,huashang,1,0.751037061214447,1,true_positive
test\huashang\000043.png,huashang,1,0.6582934260368347,1,true_positive
test\huashang\000044.png,huashang,1,0.5510156154632568,1,true_positive
test\huashang\000045.png,huashang,1,0.6854335069656372,1,true_positive
test\huashang\000046.png,huashang,1,0.5759948492050171,1,true_positive
test\huashang\000047.png,huashang,1,0.6202271580696106,1,true_positive
test\huashang\000048.png,huashang,1,0.7076918482780457,1,true_positive
test\huashang\000049.png,huashang,1,0.6140477061271667,1,true_positive
test\huashang\000050.png,huashang,1,0.7866811752319336,1,true_positive
test\huashang\000051.png,huashang,1,0.5150864720344543,0,false_negative
test\huashang\000052.png,huashang,1,0.5504239201545715,1,true_positive
test\huashang\000053.png,huashang,1,0.7858777046203613,1,true_positive
test\huashang\000054.png,huashang,1,0.6418209671974182,1,true_positive
test\huashang\000055.png,huashang,1,0.656819760799408,1,true_positive
test\huashang\000056.png,huashang,1,0.8331631422042847,1,true_positive
test\huashang\000057.png,huashang,1,0.8561727404594421,1,true_positive
test\huashang\000058.png,huashang,1,0.5719354748725891,1,true_positive
test\huashang\000059.png,huashang,1,0.7713931202888489,1,true_positive
test\huashang\000060.png,huashang,1,0.7336639165878296,1,true_positive
test\huashang\000061.png,huashang,1,0.775754988193512,1,true_positive
test\huashang\000062.png,huashang,1,0.6698112487792969,1,true_positive
test\huashang\000063.png,huashang,1,0.7740987539291382,1,true_positive
test\huashang\000064.png,huashang,1,0.709516704082489,1,true_positive
test\huashang\000065.png,huashang,1,0.7712132334709167,1,true_positive
test\huashang\000066.png,huashang,1,0.7729378938674927,1,true_positive
test\huashang\000067.png,huashang,1,0.7560836672782898,1,true_positive
test\huashang\000068.png,huashang,1,0.7607962489128113,1,true_positive
test\huashang\000069.png,huashang,1,0.7559347748756409,1,true_positive
test\huashang\000070.png,huashang,1,0.7507039308547974,1,true_positive
test\huashang\000071.png,huashang,1,0.7799282073974609,1,true_positive
test\huashang\000072.png,huashang,1,0.7663820385932922,1,true_positive
test\huashang\000073.png,huashang,1,0.7437602281570435,1,true_positive
test\huashang\000074.png,huashang,1,0.5537258982658386,1,true_positive
test\huashang\000075.png,huashang,1,0.7467583417892456,1,true_positive
test\huashang\000076.png,huashang,1,0.6661875247955322,1,true_positive
test\huashang\000077.png,huashang,1,0.7340569496154785,1,true_positive
test\huashang\000078.png,huashang,1,0.7595231533050537,1,true_positive
test\huashang\000079.png,huashang,1,0.7508559226989746,1,true_positive
test\huashang\000080.png,huashang,1,0.7900183200836182,1,true_positive
test\huashang\000081.png,huashang,1,0.81524258852005,1,true_positive
test\huashang\000082.png,huashang,1,0.7452591061592102,1,true_positive
test\huashang\000083.png,huashang,1,0.7742778062820435,1,true_positive
test\huashang\000084.png,huashang,1,0.7280316948890686,1,true_positive
test\huashang\000085.png,huashang,1,0.7510234117507935,1,true_positive
test\huashang\000086.png,huashang,1,0.7829065918922424,1,true_positive
test\huashang\000087.png,huashang,1,0.6986410617828369,1,true_positive
test\huashang\000088.png,huashang,1,0.6006720662117004,1,true_positive
test\huashang\000089.png,huashang,1,0.5819729566574097,1,true_positive
test\huashang\000090.png,huashang,1,0.8934058547019958,1,true_positive
test\huashang\000091.png,huashang,1,0.7111676931381226,1,true_positive
test\huashang\000092.png,huashang,1,0.6416993141174316,1,true_positive
test\huashang\000093.png,huashang,1,0.7923369407653809,1,true_positive
test\huashang\000094.png,huashang,1,0.592702329158783,1,true_positive
test\huashang\000095.png,huashang,1,0.594659686088562,1,true_positive
test\huashang\000096.png,huashang,1,0.767598032951355,1,true_positive
test\huashang\000097.png,huashang,1,0.6044986844062805,1,true_positive
test\huashang\000098.png,huashang,1,0.7318039536476135,1,true_positive
test\huashang\000099.png,huashang,1,0.6119065880775452,1,true_positive
test\huashang\000100.png,huashang,1,0.7326952815055847,1,true_positive
test\huashang\000101.png,huashang,1,0.7435505390167236,1,true_positive
test\huashang\000102.png,huashang,1,0.5137549638748169,0,false_negative
test\huashang\000103.png,huashang,1,0.5979375243186951,1,true_positive
test\huashang\000104.png,huashang,1,0.7538557052612305,1,true_positive
test\huashang\000105.png,huashang,1,0.5353273153305054,0,false_negative
test\huashang\000106.png,huashang,1,0.7472580075263977,1,true_positive
test\huashang\000107.png,huashang,1,0.7310420870780945,1,true_positive
test\huashang\000108.png,huashang,1,0.7637046575546265,1,true_positive
test\huashang\000109.png,huashang,1,0.7765376567840576,1,true_positive
test\huashang\000110.png,huashang,1,0.7533382773399353,1,true_positive
test\huashang\000111.png,huashang,1,0.72112637758255,1,true_positive
test\huashang\000112.png,huashang,1,0.7028225660324097,1,true_positive
test\huashang\000113.png,huashang,1,0.7425806522369385,1,true_positive
test\huashang\000114.png,huashang,1,0.738806426525116,1,true_positive
test\huashang\000115.png,huashang,1,0.702804684638977,1,true_positive
test\huashang\000116.png,huashang,1,0.7396446466445923,1,true_positive
test\huashang\000117.png,huashang,1,0.7638446688652039,1,true_positive
test\huashang\000118.png,huashang,1,0.572772741317749,1,true_positive
test\huashang\000119.png,huashang,1,0.7668867111206055,1,true_positive
test\huashang\000120.png,huashang,1,0.7149143815040588,1,true_positive
test\huashang\000121.png,huashang,1,0.7451044917106628,1,true_positive
test\huashang\000122.png,huashang,1,0.6706228852272034,1,true_positive
test\huashang\000123.png,huashang,1,0.7140014171600342,1,true_positive
test\huashang\000124.png,huashang,1,0.7598609328269958,1,true_positive
test\huashang\000125.png,huashang,1,0.7678250074386597,1,true_positive
test\huashang\000126.png,huashang,1,0.7587858438491821,1,true_positive
test\huashang\000127.png,huashang,1,0.7494590878486633,1,true_positive
test\huashang\000128.png,huashang,1,0.759280264377594,1,true_positive
test\huashang\000129.png,huashang,1,0.8119378685951233,1,true_positive
test\huashang\000130.png,huashang,1,0.716600775718689,1,true_positive
test\huashang\000131.png,huashang,1,0.7764888405799866,1,true_positive
test\huashang\000132.png,huashang,1,0.7679018974304199,1,true_positive
test\huashang\000133.png,huashang,1,0.782863199710846,1,true_positive
test\huashang\000134.png,huashang,1,0.6623783111572266,1,true_positive
test\huashang\000135.png,huashang,1,0.7522186040878296,1,true_positive
test\huashang\000136.png,huashang,1,0.7840338349342346,1,true_positive
test\huashang\000137.png,huashang,1,0.755650520324707,1,true_positive
test\huashang\000138.png,huashang,1,0.5825312733650208,1,true_positive
test\huashang\000139.png,huashang,1,0.8044227361679077,1,true_positive
test\huashang\000140.png,huashang,1,0.7182100415229797,1,true_positive
test\huashang\000141.png,huashang,1,0.7623823881149292,1,true_positive
test\huashang\000142.png,huashang,1,0.7498976588249207,1,true_positive
test\huashang\000143.png,huashang,1,0.6492159366607666,1,true_positive
test\huashang\000144.png,huashang,1,0.8502578735351562,1,true_positive
test\huashang\000145.png,huashang,1,0.730891227722168,1,true_positive
test\huashang\000146.png,huashang,1,0.7734853625297546,1,true_positive
test\huashang\000147.png,huashang,1,0.7936680912971497,1,true_positive
test\huashang\000148.png,huashang,1,0.7827452421188354,1,true_positive
test\huashang\000149.png,huashang,1,0.6946563124656677,1,true_positive
test\huashang\000150.png,huashang,1,0.7797163128852844,1,true_positive
test\huashang\000151.png,huashang,1,0.7767027020454407,1,true_positive
test\huashang\000152.png,huashang,1,0.7634482979774475,1,true_positive
test\huashang\000153.png,huashang,1,0.653424859046936,1,true_positive
test\huashang\000154.png,huashang,1,0.62882399559021,1,true_positive
test\huashang\000155.png,huashang,1,0.742728054523468,1,true_positive
test\huashang\000156.png,huashang,1,0.7362657785415649,1,true_positive
test\huashang\000157.png,huashang,1,0.6797360777854919,1,true_positive
test\huashang\000158.png,huashang,1,0.6510807871818542,1,true_positive
test\huashang\000159.png,huashang,1,0.7634387612342834,1,true_positive
test\huashang\000160.png,huashang,1,0.7725193500518799,1,true_positive
test\huashang\000161.png,huashang,1,0.6451442837715149,1,true_positive
test\huashang\000162.png,huashang,1,0.5997949242591858,1,true_positive
test\huashang\000163.png,huashang,1,0.609025239944458,1,true_positive
test\huashang\000164.png,huashang,1,0.868532121181488,1,true_positive
test\huashang\000165.png,huashang,1,0.7714719176292419,1,true_positive
test\huashang\000166.png,huashang,1,0.760277509689331,1,true_positive
test\huashang\000167.png,huashang,1,0.8422704339027405,1,true_positive
test\huashang\000168.png,huashang,1,0.7180479168891907,1,true_positive
test\huashang\000169.png,huashang,1,0.5708457827568054,1,true_positive
test\huashang\000170.png,huashang,1,0.8233742117881775,1,true_positive
test\huashang\000171.png,huashang,1,0.6839962005615234,1,true_positive
test\huashang\000172.png,huashang,1,0.7083679437637329,1,true_positive
test\huashang\000173.png,huashang,1,0.6990980505943298,1,true_positive
test\huashang\000174.png,huashang,1,0.8662117719650269,1,true_positive
test\huashang\000175.png,huashang,1,0.572107195854187,1,true_positive
test\huashang\000176.png,huashang,1,0.8418416380882263,1,true_positive
test\huashang\000177.png,huashang,1,0.7686254382133484,1,true_positive
test\huashang\000178.png,huashang,1,0.5511441230773926,1,true_positive
test\huashang\000179.png,huashang,1,0.5517840385437012,1,true_positive
test\huashang\000180.png,huashang,1,0.7361871600151062,1,true_positive
test\huashang\000181.png,huashang,1,0.5644447803497314,1,true_positive
test\huashang\000182.png,huashang,1,0.5537192225456238,1,true_positive
test\huashang\000183.png,huashang,1,0.6355034112930298,1,true_positive
test\huashang\000184.png,huashang,1,0.6932991147041321,1,true_positive
test\huashang\000185.png,huashang,1,0.6931303143501282,1,true_positive
test\huashang\000186.png,huashang,1,0.6480680704116821,1,true_positive
test\huashang\000187.png,huashang,1,0.6037363409996033,1,true_positive
test\huashang\000188.png,huashang,1,0.6966071724891663,1,true_positive
test\huashang\000189.png,huashang,1,0.7093811631202698,1,true_positive
test\huashang\000190.png,huashang,1,0.6591960787773132,1,true_positive
test\huashang\000191.png,huashang,1,0.7220408320426941,1,true_positive
test\huashang\000192.png,huashang,1,0.6626158356666565,1,true_positive
test\huashang\000193.png,huashang,1,0.7196797132492065,1,true_positive
test\huashang\000194.png,huashang,1,0.7760558128356934,1,true_positive
test\huashang\000195.png,huashang,1,0.5465682148933411,1,true_positive
test\huashang\000196.png,huashang,1,0.6299952268600464,1,true_positive
test\huashang\000197.png,huashang,1,0.672866702079773,1,true_positive
test\huashang\000198.png,huashang,1,0.6473096609115601,1,true_positive
test\huashang\000199.png,huashang,1,0.47952911257743835,0,false_negative
test\huashang\000200.png,huashang,1,0.6727936863899231,1,true_positive
test\huashang\000201.png,huashang,1,0.7314377427101135,1,true_positive
test\huashang\000202.png,huashang,1,0.7364876866340637,1,true_positive
test\huashang\000203.png,huashang,1,0.7512532472610474,1,true_positive
test\huashang\000204.png,huashang,1,0.8139689564704895,1,true_positive
test\huashang\000205.png,huashang,1,0.6187502145767212,1,true_positive
test\huashang\000206.png,huashang,1,0.6258888840675354,1,true_positive
test\huashang\000207.png,huashang,1,0.7179155349731445,1,true_positive
test\huashang\000208.png,huashang,1,0.6199080944061279,1,true_positive
test\huashang\000209.png,huashang,1,0.6605007648468018,1,true_positive
test\huashang\000210.png,huashang,1,0.6604764461517334,1,true_positive
test\huashang\000211.png,huashang,1,0.5321833491325378,0,false_negative
test\huashang\000212.png,huashang,1,0.8025696873664856,1,true_positive
test\huashang\000213.png,huashang,1,0.7094695568084717,1,true_positive
test\huashang\000214.png,huashang,1,0.7424442768096924,1,true_positive
test\huashang\000215.png,huashang,1,0.6024177670478821,1,true_positive
test\huashang\000216.png,huashang,1,0.533233642578125,0,false_negative
test\huashang\000217.png,huashang,1,0.6459954380989075,1,true_positive
test\huashang\000218.png,huashang,1,0.669155478477478,1,true_positive
test\huashang\000219.png,huashang,1,0.6007806062698364,1,true_positive
test\huashang\000220.png,huashang,1,0.6471275091171265,1,true_positive
test\huashang\000221.png,huashang,1,0.8358355164527893,1,true_positive
test\huashang\000222.png,huashang,1,0.7644069194793701,1,true_positive
test\huashang\000223.png,huashang,1,0.7734727263450623,1,true_positive
test\huashang\000224.png,huashang,1,0.8218784332275391,1,true_positive
test\huashang\000225.png,huashang,1,0.7551097273826599,1,true_positive
test\huashang\000226.png,huashang,1,0.6496685147285461,1,true_positive
test\huashang\000227.png,huashang,1,0.8161503076553345,1,true_positive
test\huashang\000228.png,huashang,1,0.5874791741371155,1,true_positive
test\huashang\000229.png,huashang,1,0.7712177038192749,1,true_positive
test\huashang\000230.png,huashang,1,0.7129939794540405,1,true_positive
test\huashang\000231.png,huashang,1,0.765552818775177,1,true_positive
test\huashang\000232.png,huashang,1,0.5788788795471191,1,true_positive
test\huashang\000233.png,huashang,1,0.7133672833442688,1,true_positive
test\huashang\000234.png,huashang,1,0.7783316373825073,1,true_positive
test\huashang\000235.png,huashang,1,0.8253275752067566,1,true_positive
test\huashang\000236.png,huashang,1,0.604418933391571,1,true_positive
test\huashang\000237.png,huashang,1,0.6306000351905823,1,true_positive
test\huashang\000238.png,huashang,1,0.4999675750732422,0,false_negative
test\huashang\000239.png,huashang,1,0.7697603106498718,1,true_positive
test\huashang\000240.png,huashang,1,0.6707499027252197,1,true_positive
test\huashang\000241.png,huashang,1,0.5877615213394165,1,true_positive
test\huashang\000242.png,huashang,1,0.8255335092544556,1,true_positive
test\huashang\000243.png,huashang,1,0.7505811452865601,1,true_positive
test\huashang\000244.png,huashang,1,0.8035203218460083,1,true_positive
test\huashang\000245.png,huashang,1,0.675743043422699,1,true_positive
test\huashang\000246.png,huashang,1,0.7626182436943054,1,true_positive
test\huashang\000247.png,huashang,1,0.7035951614379883,1,true_positive
test\huashang\000248.png,huashang,1,0.861907422542572,1,true_positive
test\huashang\000249.png,huashang,1,0.7399845719337463,1,true_positive
test\huashang\000250.png,huashang,1,0.6752228736877441,1,true_positive
test\huashang\000251.png,huashang,1,0.7539690732955933,1,true_positive
test\huashang\000252.png,huashang,1,0.7077401280403137,1,true_positive
test\huashang\000253.png,huashang,1,0.5577676892280579,1,true_positive
test\huashang\000254.png,huashang,1,0.6397523283958435,1,true_positive
test\huashang\000255.png,huashang,1,0.6028323173522949,1,true_positive
test\huashang\000256.png,huashang,1,0.8146534562110901,1,true_positive
test\huashang\000257.png,huashang,1,0.6104104518890381,1,true_positive
test\huashang\000258.png,huashang,1,0.6622240543365479,1,true_positive
test\huashang\000259.png,huashang,1,0.8218667507171631,1,true_positive
test\huashang\000260.png,huashang,1,0.7184851765632629,1,true_positive
test\huashang\000261.png,huashang,1,0.6027481555938721,1,true_positive
test\huashang\000262.png,huashang,1,0.7290762662887573,1,true_positive
test\huashang\000263.png,huashang,1,0.5829167366027832,1,true_positive
test\huashang\000264.png,huashang,1,0.596185028553009,1,true_positive
test\huashang\000265.png,huashang,1,0.6466155648231506,1,true_positive
test\huashang\000266.png,huashang,1,0.7186660170555115,1,true_positive
test\huashang\000267.png,huashang,1,0.5095726847648621,0,false_negative
test\huashang\000268.png,huashang,1,0.6303846836090088,1,true_positive
test\huashang\000269.png,huashang,1,0.5585464835166931,1,true_positive
test\huashang\000270.png,huashang,1,0.6583147644996643,1,true_positive
test\huashang\000271.png,huashang,1,0.5999858975410461,1,true_positive
test\huashang\000272.png,huashang,1,0.5418153405189514,1,true_positive
test\huashang\000273.png,huashang,1,0.6159173250198364,1,true_positive
test\huashang\000274.png,huashang,1,0.6689215898513794,1,true_positive
test\huashang\000275.png,huashang,1,0.5567094683647156,1,true_positive
test\huashang\000276.png,huashang,1,0.5639138221740723,1,true_positive
test\huashang\000277.png,huashang,1,0.619738757610321,1,true_positive
test\huashang\000278.png,huashang,1,0.837185800075531,1,true_positive
test\huashang\000279.png,huashang,1,0.7986332178115845,1,true_positive
test\huashang\000280.png,huashang,1,0.6996028423309326,1,true_positive
test\huashang\000281.png,huashang,1,0.5701660513877869,1,true_positive
test\huashang\000282.png,huashang,1,0.6544985175132751,1,true_positive
test\huashang\000283.png,huashang,1,0.8678418397903442,1,true_positive
test\huashang\000284.png,huashang,1,0.5371727347373962,0,false_negative
test\huashang\000285.png,huashang,1,0.6743812561035156,1,true_positive
test\huashang\000286.png,huashang,1,0.5941184163093567,1,true_positive
test\huashang\000287.png,huashang,1,0.7802886366844177,1,true_positive
test\huashang\000288.png,huashang,1,0.62150639295578,1,true_positive
test\huashang\000289.png,huashang,1,0.5534764528274536,1,true_positive
test\huashang\000290.png,huashang,1,0.6581167578697205,1,true_positive
test\huashang\000291.png,huashang,1,0.6285378336906433,1,true_positive
test\huashang\000292.png,huashang,1,0.8124425411224365,1,true_positive
test\huashang\000293.png,huashang,1,0.7586339712142944,1,true_positive
test\huashang\000294.png,huashang,1,0.5839973092079163,1,true_positive
test\huashang\000295.png,huashang,1,0.7319836020469666,1,true_positive
test\huashang\000296.png,huashang,1,0.6713751554489136,1,true_positive
test\huashang\000297.png,huashang,1,0.6904087066650391,1,true_positive
test\huashang\000298.png,huashang,1,0.7279013991355896,1,true_positive
test\huashang\000299.png,huashang,1,0.7248424291610718,1,true_positive
test\huashang\000300.png,huashang,1,0.8463632464408875,1,true_positive
test\huashang\000301.png,huashang,1,0.859143078327179,1,true_positive
test\huashang\000302.png,huashang,1,0.6737909913063049,1,true_positive
test\huashang\000303.png,huashang,1,0.827498197555542,1,true_positive
test\huashang\000304.png,huashang,1,0.5492221117019653,1,true_positive
test\huashang\000305.png,huashang,1,0.7272729277610779,1,true_positive
test\huashang\000306.png,huashang,1,0.5439227223396301,1,true_positive
test\huashang\000307.png,huashang,1,0.6639825105667114,1,true_positive
test\huashang\000308.png,huashang,1,0.7610639333724976,1,true_positive
test\huashang\000309.png,huashang,1,0.7386330962181091,1,true_positive
test\huashang\000310.png,huashang,1,0.6472105979919434,1,true_positive
test\huashang\000311.png,huashang,1,0.5514846444129944,1,true_positive
test\huashang\000312.png,huashang,1,0.5444812178611755,1,true_positive
test\huashang\000313.png,huashang,1,0.7412129640579224,1,true_positive
test\huashang\000314.png,huashang,1,0.5681910514831543,1,true_positive
test\huashang\000315.png,huashang,1,0.5596156716346741,1,true_positive
test\huashang\000316.png,huashang,1,0.6721241474151611,1,true_positive
test\huashang\000317.png,huashang,1,0.637798011302948,1,true_positive
test\huashang\000318.png,huashang,1,0.6859886646270752,1,true_positive
test\huashang\000319.png,huashang,1,0.6223992705345154,1,true_positive
test\huashang\000320.png,huashang,1,0.7125487327575684,1,true_positive
test\huashang\000321.png,huashang,1,0.701501727104187,1,true_positive
test\huashang\000322.png,huashang,1,0.5256970524787903,0,false_negative
test\huashang\000323.png,huashang,1,0.6396634578704834,1,true_positive
test\huashang\000324.png,huashang,1,0.5598241686820984,1,true_positive
test\huashang\000325.png,huashang,1,0.5684657096862793,1,true_positive
test\huashang\000326.png,huashang,1,0.5318201184272766,0,false_negative
test\huashang\000327.png,huashang,1,0.6512880921363831,1,true_positive
test\huashang\000328.png,huashang,1,0.7342143654823303,1,true_positive
test\huashang\000329.png,huashang,1,0.763561487197876,1,true_positive
test\liangying\000000.png,liangying,1,0.8287168145179749,1,true_positive
test\liangying\000001.png,liangying,1,0.6613017320632935,1,true_positive
test\liangying\000002.png,liangying,1,0.7042657136917114,1,true_positive
test\liangying\000003.png,liangying,1,0.4924704432487488,0,false_negative
test\liangying\000004.png,liangying,1,0.8137785196304321,1,true_positive
test\liangying\000005.png,liangying,1,0.7863126993179321,1,true_positive
test\liangying\000006.png,liangying,1,0.5988752841949463,1,true_positive
test\liangying\000007.png,liangying,1,0.7508631348609924,1,true_positive
test\liangying\000008.png,liangying,1,0.6267890930175781,1,true_positive
test\liangying\000009.png,liangying,1,0.6986029148101807,1,true_positive
test\liangying\000010.png,liangying,1,0.7620641589164734,1,true_positive
test\liangying\000011.png,liangying,1,0.8568547368049622,1,true_positive
test\liangying\000012.png,liangying,1,0.6208512783050537,1,true_positive
test\liangying\000013.png,liangying,1,0.6878678202629089,1,true_positive
test\liangying\000014.png,liangying,1,0.8161109685897827,1,true_positive
test\liangying\000015.png,liangying,1,0.7434870004653931,1,true_positive
test\liangying\000016.png,liangying,1,0.8089821338653564,1,true_positive
test\liangying\000017.png,liangying,1,0.6692381501197815,1,true_positive
test\liangying\000018.png,liangying,1,0.8117654919624329,1,true_positive
test\liangying\000019.png,liangying,1,0.5811030268669128,1,true_positive
test\liangying\000020.png,liangying,1,0.6688532829284668,1,true_positive
test\liangying\000021.png,liangying,1,0.6356386542320251,1,true_positive
test\liangying\000022.png,liangying,1,0.6862223744392395,1,true_positive
test\liangying\000023.png,liangying,1,0.6247223019599915,1,true_positive
test\liangying\000024.png,liangying,1,0.6420376896858215,1,true_positive
test\liangying\000025.png,liangying,1,0.7481065392494202,1,true_positive
test\liangying\000026.png,liangying,1,0.7751656770706177,1,true_positive
test\liangying\000027.png,liangying,1,0.6271522641181946,1,true_positive
test\liangying\000028.png,liangying,1,0.7898461222648621,1,true_positive
test\liangying\000029.png,liangying,1,0.6916857361793518,1,true_positive
test\liangying\000030.png,liangying,1,0.7294899821281433,1,true_positive
test\liangying\000031.png,liangying,1,0.5896939635276794,1,true_positive
test\liangying\000032.png,liangying,1,0.7429834008216858,1,true_positive
test\liangying\000033.png,liangying,1,0.7050082683563232,1,true_positive
test\liangying\000034.png,liangying,1,0.7486320734024048,1,true_positive
test\liangying\000035.png,liangying,1,0.7055812478065491,1,true_positive
test\liangying\000036.png,liangying,1,0.5438395738601685,1,true_positive
test\liangying\000037.png,liangying,1,0.603890597820282,1,true_positive
test\liangying\000038.png,liangying,1,0.7624529600143433,1,true_positive
test\liangying\000039.png,liangying,1,0.5578606128692627,1,true_positive
test\liangying\000040.png,liangying,1,0.7741265892982483,1,true_positive
test\liangying\000041.png,liangying,1,0.6368792653083801,1,true_positive
test\liangying\000042.png,liangying,1,0.7906836867332458,1,true_positive
test\liangying\000043.png,liangying,1,0.7284178733825684,1,true_positive
test\liangying\000044.png,liangying,1,0.7691622376441956,1,true_positive
test\liangying\000045.png,liangying,1,0.5656173825263977,1,true_positive
test\liangying\000046.png,liangying,1,0.5591802000999451,1,true_positive
test\liangying\000047.png,liangying,1,0.5760812759399414,1,true_positive
test\liangying\000048.png,liangying,1,0.6520907878875732,1,true_positive
test\liangying\000049.png,liangying,1,0.58125901222229,1,true_positive
test\liangying\000050.png,liangying,1,0.6409168839454651,1,true_positive
test\liangying\000051.png,liangying,1,0.5682151317596436,1,true_positive
test\liangying\000052.png,liangying,1,0.6662382483482361,1,true_positive
test\liangying\000053.png,liangying,1,0.7960836887359619,1,true_positive
test\liangying\000054.png,liangying,1,0.6611099243164062,1,true_positive
test\liangying\000055.png,liangying,1,0.7200124859809875,1,true_positive
test\liangying\000056.png,liangying,1,0.6836220026016235,1,true_positive
test\liangying\000057.png,liangying,1,0.6649577021598816,1,true_positive
test\pengshang\000000.png,pengshang,1,0.8059307932853699,1,true_positive
test\pengshang\000001.png,pengshang,1,0.6582509279251099,1,true_positive
test\pengshang\000002.png,pengshang,1,0.7108341455459595,1,true_positive
test\pengshang\000003.png,pengshang,1,0.6626765131950378,1,true_positive
test\pengshang\000004.png,pengshang,1,0.5967938303947449,1,true_positive
test\pengshang\000005.png,pengshang,1,0.6586798429489136,1,true_positive
test\pengshang\000006.png,pengshang,1,0.5762921571731567,1,true_positive
test\pengshang\000007.png,pengshang,1,0.49481385946273804,0,false_negative
test\pengshang\000008.png,pengshang,1,0.5757672190666199,1,true_positive
test\pengshang\000009.png,pengshang,1,0.7070125341415405,1,true_positive
test\pengshang\000010.png,pengshang,1,0.6636682748794556,1,true_positive
test\pengshang\000011.png,pengshang,1,0.6764515042304993,1,true_positive
test\pengshang\000012.png,pengshang,1,0.6404465436935425,1,true_positive
test\pengshang\000013.png,pengshang,1,0.6613597869873047,1,true_positive
test\pengshang\000014.png,pengshang,1,0.6892430782318115,1,true_positive
test\shuiyin\000000.png,shuiyin,1,0.7947733402252197,1,true_positive
test\shuiyin\000001.png,shuiyin,1,0.8014407753944397,1,true_positive
test\shuiyin\000002.png,shuiyin,1,0.7864591479301453,1,true_positive
test\shuiyin\000003.png,shuiyin,1,0.7645957469940186,1,true_positive
test\shuiyin\000004.png,shuiyin,1,0.7661635875701904,1,true_positive
test\shuiyin\000005.png,shuiyin,1,0.7843269109725952,1,true_positive
test\shuiyin\000006.png,shuiyin,1,0.7874395251274109,1,true_positive
test\shuiyin\000007.png,shuiyin,1,0.8124157190322876,1,true_positive
test\shuiyin\000008.png,shuiyin,1,0.8101743459701538,1,true_positive
test\shuiyin\000009.png,shuiyin,1,0.8085246682167053,1,true_positive
test\shuiyin\000010.png,shuiyin,1,0.7618830800056458,1,true_positive
test\shuiyin\000011.png,shuiyin,1,0.8385197520256042,1,true_positive
test\shuiyin\000012.png,shuiyin,1,0.7631790041923523,1,true_positive
test\shuiyin\000013.png,shuiyin,1,0.8060852289199829,1,true_positive
test\shuiyin\000014.png,shuiyin,1,0.7903955578804016,1,true_positive
test\shuiyin\000015.png,shuiyin,1,0.7700369954109192,1,true_positive
test\shuiyin\000016.png,shuiyin,1,0.808687150478363,1,true_positive
test\shuiyin\000017.png,shuiyin,1,0.7714544534683228,1,true_positive
test\shuiyin\000018.png,shuiyin,1,0.7807804942131042,1,true_positive
test\shuiyin\000019.png,shuiyin,1,0.8269033432006836,1,true_positive
test\shuiyin\000020.png,shuiyin,1,0.8070679903030396,1,true_positive
test\shuiyin\000021.png,shuiyin,1,0.729888379573822,1,true_positive
test\shuiyin\000022.png,shuiyin,1,0.7540485262870789,1,true_positive
test\shuiyin\000023.png,shuiyin,1,0.8102649450302124,1,true_positive
test\shuiyin\000024.png,shuiyin,1,0.8322567939758301,1,true_positive
test\shuiyin\000025.png,shuiyin,1,0.7427501678466797,1,true_positive
test\shuiyin\000026.png,shuiyin,1,0.8317351937294006,1,true_positive
test\shuiyin\000027.png,shuiyin,1,0.7830374836921692,1,true_positive
test\shuiyin\000028.png,shuiyin,1,0.8410274982452393,1,true_positive
test\shuiyin\000029.png,shuiyin,1,0.794610321521759,1,true_positive
test\shuiyin\000030.png,shuiyin,1,0.7948364615440369,1,true_positive
test\shuiyin\000031.png,shuiyin,1,0.8049820065498352,1,true_positive
test\shuiyin\000032.png,shuiyin,1,0.7317379713058472,1,true_positive
test\shuiyin\000033.png,shuiyin,1,0.7839550375938416,1,true_positive
test\shuiyin\000034.png,shuiyin,1,0.8242326974868774,1,true_positive
test\shuiyin\000035.png,shuiyin,1,0.7833213806152344,1,true_positive
test\shuiyin\000036.png,shuiyin,1,0.827992856502533,1,true_positive
test\shuiyin\000037.png,shuiyin,1,0.8220186233520508,1,true_positive
test\shuiyin\000038.png,shuiyin,1,0.8177506923675537,1,true_positive
test\shuiyin\000039.png,shuiyin,1,0.8402308225631714,1,true_positive
test\shuiyin\000040.png,shuiyin,1,0.7940161824226379,1,true_positive
test\shuiyin\000041.png,shuiyin,1,0.738224983215332,1,true_positive
test\shuiyin\000042.png,shuiyin,1,0.8247488737106323,1,true_positive
test\shuiyin\000043.png,shuiyin,1,0.7461041212081909,1,true_positive
test\shuiyin\000044.png,shuiyin,1,0.8059176802635193,1,true_positive
test\shuiyin\000045.png,shuiyin,1,0.8162941932678223,1,true_positive
test\shuiyin\000046.png,shuiyin,1,0.8303267359733582,1,true_positive
test\shuiyin\000047.png,shuiyin,1,0.8106021881103516,1,true_positive
test\shuiyin\000048.png,shuiyin,1,0.8342902660369873,1,true_positive
test\shuiyin\000049.png,shuiyin,1,0.7766372561454773,1,true_positive
test\shuiyin\000050.png,shuiyin,1,0.8114636540412903,1,true_positive
test\shuiyin\000051.png,shuiyin,1,0.8197287321090698,1,true_positive
test\shuiyin\000052.png,shuiyin,1,0.7693326473236084,1,true_positive
test\shuiyin\000053.png,shuiyin,1,0.7948790788650513,1,true_positive
test\shuiyin\000054.png,shuiyin,1,0.7558178901672363,1,true_positive
test\shuiyin\000055.png,shuiyin,1,0.817740797996521,1,true_positive
test\shuiyin\000056.png,shuiyin,1,0.7794166207313538,1,true_positive
test\shuiyin\000057.png,shuiyin,1,0.7991196513175964,1,true_positive
test\shuiyin\000058.png,shuiyin,1,0.740856409072876,1,true_positive
test\shuiyin\000059.png,shuiyin,1,0.7511985301971436,1,true_positive
test\shuiyin\000060.png,shuiyin,1,0.8111982941627502,1,true_positive
test\shuiyin\000061.png,shuiyin,1,0.8146340847015381,1,true_positive
test\shuiyin\000062.png,shuiyin,1,0.8055269718170166,1,true_positive
test\shuiyin\000063.png,shuiyin,1,0.7993137240409851,1,true_positive
test\shuiyin\000064.png,shuiyin,1,0.7605478763580322,1,true_positive
test\shuiyin\000065.png,shuiyin,1,0.7794212102890015,1,true_positive
test\shuiyin\000066.png,shuiyin,1,0.7958452701568604,1,true_positive
test\shuiyin\000067.png,shuiyin,1,0.8281837105751038,1,true_positive
test\shuiyin\000068.png,shuiyin,1,0.8291118144989014,1,true_positive
test\shuiyin\000069.png,shuiyin,1,0.785234808921814,1,true_positive
test\shuiyin\000070.png,shuiyin,1,0.815281867980957,1,true_positive
test\shuiyin\000071.png,shuiyin,1,0.7827146053314209,1,true_positive
test\shuiyin\000072.png,shuiyin,1,0.8336589336395264,1,true_positive
test\shuiyin\000073.png,shuiyin,1,0.7373847365379333,1,true_positive
test\shuiyin\000074.png,shuiyin,1,0.7646545171737671,1,true_positive
test\shuiyin\000075.png,shuiyin,1,0.7879427671432495,1,true_positive
test\shuiyin\000076.png,shuiyin,1,0.7815345525741577,1,true_positive
test\shuiyin\000077.png,shuiyin,1,0.8365800976753235,1,true_positive
test\shuiyin\000078.png,shuiyin,1,0.8405216932296753,1,true_positive
test\shuiyin\000079.png,shuiyin,1,0.8278730511665344,1,true_positive
test\shuiyin\000080.png,shuiyin,1,0.7953900098800659,1,true_positive
test\shuiyin\000081.png,shuiyin,1,0.49342963099479675,0,false_negative
test\shuiyin\000082.png,shuiyin,1,0.7405972480773926,1,true_positive
test\shuiyin\000083.png,shuiyin,1,0.7990778088569641,1,true_positive
test\shuiyin\000084.png,shuiyin,1,0.789115846157074,1,true_positive
test\shuiyin\000085.png,shuiyin,1,0.7773433923721313,1,true_positive
test\shuiyin\000086.png,shuiyin,1,0.6511330604553223,1,true_positive
test\shuiyin\000087.png,shuiyin,1,0.8152598142623901,1,true_positive
test\shuiyin\000088.png,shuiyin,1,0.6269800066947937,1,true_positive
test\shuiyin\000089.png,shuiyin,1,0.7336140275001526,1,true_positive
test\shuiyin\000090.png,shuiyin,1,0.7226194739341736,1,true_positive
test\shuiyin\000091.png,shuiyin,1,0.7424407005310059,1,true_positive
test\yashang\000000.png,yashang,1,0.857185423374176,1,true_positive
test\yashang\000001.png,yashang,1,0.8385220766067505,1,true_positive
test\yashang\000002.png,yashang,1,0.8301326036453247,1,true_positive
test\yashang\000003.png,yashang,1,0.7391688823699951,1,true_positive
test\yashang\000004.png,yashang,1,0.9207863211631775,1,true_positive
test\yashang\000005.png,yashang,1,0.8033721446990967,1,true_positive
test\yashang\000006.png,yashang,1,0.8960351347923279,1,true_positive
test\yashang\000007.png,yashang,1,0.8669173121452332,1,true_positive
test\yashang\000008.png,yashang,1,0.8048956990242004,1,true_positive
test\yashang\000009.png,yashang,1,0.8751805424690247,1,true_positive
test\yashang\000010.png,yashang,1,0.7939680814743042,1,true_positive
test\yashang\000011.png,yashang,1,0.850165605545044,1,true_positive
test\yashang\000012.png,yashang,1,0.7879639863967896,1,true_positive
test\yashang\000013.png,yashang,1,0.8984305262565613,1,true_positive
test\yashang\000014.png,yashang,1,0.8573574423789978,1,true_positive
test\yashang\000015.png,yashang,1,0.810009241104126,1,true_positive
test\yashang\000016.png,yashang,1,0.8317731022834778,1,true_positive
test\yashang\000017.png,yashang,1,0.8089706301689148,1,true_positive
test\yashang\000018.png,yashang,1,0.7918601632118225,1,true_positive
test\yashang\000019.png,yashang,1,0.8730216026306152,1,true_positive
test\yashang\000020.png,yashang,1,0.8505286574363708,1,true_positive
test\yashang\000021.png,yashang,1,0.8232128620147705,1,true_positive
test\yashang\000022.png,yashang,1,0.5125001668930054,0,false_negative
test\yashang\000023.png,yashang,1,0.49280303716659546,0,false_negative
test\yashang\000024.png,yashang,1,0.5872448682785034,1,true_positive
test\yashang\000025.png,yashang,1,0.8339654207229614,1,true_positive
test\yashang\000026.png,yashang,1,0.8095389604568481,1,true_positive
test\yashang\000027.png,yashang,1,0.5809217095375061,1,true_positive
test\yashang\000028.png,yashang,1,0.8222479224205017,1,true_positive
test\yashang\000029.png,yashang,1,0.7664834260940552,1,true_positive
test\yashang\000030.png,yashang,1,0.7344985008239746,1,true_positive
test\yashang\000031.png,yashang,1,0.7184231877326965,1,true_positive
test\yashang\000032.png,yashang,1,0.8016445636749268,1,true_positive
test\yashang\000033.png,yashang,1,0.819238543510437,1,true_positive
test\yashang\000034.png,yashang,1,0.790617048740387,1,true_positive
test\yashang\000035.png,yashang,1,0.8048832416534424,1,true_positive
test\yashang\000036.png,yashang,1,0.8164458870887756,1,true_positive
test\yashang\000037.png,yashang,1,0.7214891314506531,1,true_positive
test\yashang\000038.png,yashang,1,0.7656235694885254,1,true_positive
test\yashang\000039.png,yashang,1,0.830890417098999,1,true_positive
test\yashang\000040.png,yashang,1,0.8263899683952332,1,true_positive
test\yashang\000041.png,yashang,1,0.7493982315063477,1,true_positive
test\yashang\000042.png,yashang,1,0.8969443440437317,1,true_positive
test\yashang\000043.png,yashang,1,0.8121360540390015,1,true_positive
test\yashang\000044.png,yashang,1,0.8336139917373657,1,true_positive
test\yashang\000045.png,yashang,1,0.7492094039916992,1,true_positive
test\yashang\000046.png,yashang,1,0.7842997908592224,1,true_positive
test\yashang\000047.png,yashang,1,0.7493364810943604,1,true_positive
test\yashang\000048.png,yashang,1,0.8218359351158142,1,true_positive
test\yashang\000049.png,yashang,1,0.7677844762802124,1,true_positive
test\yashang\000050.png,yashang,1,0.8275347352027893,1,true_positive
test\yashang\000051.png,yashang,1,0.7744240164756775,1,true_positive
test\yashang\000052.png,yashang,1,0.7713732719421387,1,true_positive
test\yashang\000053.png,yashang,1,0.7824961543083191,1,true_positive
test\yashang\000054.png,yashang,1,0.8230836391448975,1,true_positive
test\yashang\000055.png,yashang,1,0.7250493764877319,1,true_positive
test\yashang\000056.png,yashang,1,0.7946494817733765,1,true_positive
test\yashang\000057.png,yashang,1,0.8074716925621033,1,true_positive
test\yashang\000058.png,yashang,1,0.7268540263175964,1,true_positive
test\yashang\000059.png,yashang,1,0.7439450621604919,1,true_positive
test\yashang\000060.png,yashang,1,0.790873646736145,1,true_positive
test\yashang\000061.png,yashang,1,0.703296959400177,1,true_positive
test\yashang\000062.png,yashang,1,0.7088213562965393,1,true_positive
test\yashang\000063.png,yashang,1,0.7861440181732178,1,true_positive
test\yashang\000064.png,yashang,1,0.7976009845733643,1,true_positive
test\yashang\000065.png,yashang,1,0.73534095287323,1,true_positive
test\yashang\000066.png,yashang,1,0.7010737657546997,1,true_positive
test\yashang\000067.png,yashang,1,0.7710676193237305,1,true_positive
test\yashang\000068.png,yashang,1,0.8555000424385071,1,true_positive
test\yashang\000069.png,yashang,1,0.8137596845626831,1,true_positive
test\yashang\000070.png,yashang,1,0.7653316259384155,1,true_positive
test\yashang\000071.png,yashang,1,0.705051064491272,1,true_positive
test\yashang\000072.png,yashang,1,0.7583423852920532,1,true_positive
test\yashang\000073.png,yashang,1,0.8046750426292419,1,true_positive
test\yashang\000074.png,yashang,1,0.7919312715530396,1,true_positive
test\yashang\000075.png,yashang,1,0.7286124229431152,1,true_positive
test\yashang\000076.png,yashang,1,0.8163003921508789,1,true_positive
test\yashang\000077.png,yashang,1,0.7555726766586304,1,true_positive
test\yashang\000078.png,yashang,1,0.7656241655349731,1,true_positive
test\yashang\000079.png,yashang,1,0.5569667220115662,1,true_positive
test\yashang\000080.png,yashang,1,0.7918717861175537,1,true_positive
test\yashang\000081.png,yashang,1,0.7890132665634155,1,true_positive
test\yashang\000082.png,yashang,1,0.7528448700904846,1,true_positive
test\yashang\000083.png,yashang,1,0.6551287174224854,1,true_positive
test\yashang\000084.png,yashang,1,0.8136056661605835,1,true_positive
test\yashang\000085.png,yashang,1,0.7686108350753784,1,true_positive
test\yashang\000086.png,yashang,1,0.7402015328407288,1,true_positive
test\yashang\000087.png,yashang,1,0.7733190655708313,1,true_positive
test\yashang\000088.png,yashang,1,0.8281161189079285,1,true_positive
test\yashang\000089.png,yashang,1,0.7965688109397888,1,true_positive
test\yashang\000090.png,yashang,1,0.754081130027771,1,true_positive
test\yashang\000091.png,yashang,1,0.7913686633110046,1,true_positive
test\yashang\000092.png,yashang,1,0.7264532446861267,1,true_positive
test\yashang\000093.png,yashang,1,0.7884038090705872,1,true_positive
test\yashang\000094.png,yashang,1,0.7674117088317871,1,true_positive
test\yashang\000095.png,yashang,1,0.7441914677619934,1,true_positive
test\yashang\000096.png,yashang,1,0.8066084980964661,1,true_positive
test\yashang\000097.png,yashang,1,0.7971154451370239,1,true_positive
test\yashang\000098.png,yashang,1,0.6300094127655029,1,true_positive
test\yashang\000099.png,yashang,1,0.5278311371803284,0,false_negative
test\yashang\000100.png,yashang,1,0.5377870202064514,0,false_negative
test\yashang\000101.png,yashang,1,0.5230458378791809,0,false_negative
test\yashang\000102.png,yashang,1,0.5155144929885864,0,false_negative
test\yashang\000103.png,yashang,1,0.5634534955024719,1,true_positive
test\yashang\000104.png,yashang,1,0.5806415677070618,1,true_positive
test\yashang\000105.png,yashang,1,0.5329405665397644,0,false_negative
test\yashang\000106.png,yashang,1,0.5329317450523376,0,false_negative
test\yashang\000107.png,yashang,1,0.7412312030792236,1,true_positive
test\yashang\000108.png,yashang,1,0.8057686686515808,1,true_positive
test\yashang\000109.png,yashang,1,0.7911741733551025,1,true_positive
test\yashang\000110.png,yashang,1,0.722905695438385,1,true_positive
test\yashang\000111.png,yashang,1,0.8479803204536438,1,true_positive
test\yashang\000112.png,yashang,1,0.5940575003623962,1,true_positive
test\yashang\000113.png,yashang,1,0.5249885320663452,0,false_negative
test\yashang\000114.png,yashang,1,0.872926652431488,1,true_positive
test\yashang\000115.png,yashang,1,0.7880812287330627,1,true_positive
test\yashang\000116.png,yashang,1,0.8510453701019287,1,true_positive
test\yashang\000117.png,yashang,1,0.6765738129615784,1,true_positive
test\yashang\000118.png,yashang,1,0.8392432332038879,1,true_positive
test\yashang\000119.png,yashang,1,0.8431161046028137,1,true_positive
test\yashang\000120.png,yashang,1,0.828838050365448,1,true_positive
test\yashang\000121.png,yashang,1,0.8868542313575745,1,true_positive
test\yashang\000122.png,yashang,1,0.8419740796089172,1,true_positive
test\yashang\000123.png,yashang,1,0.8323069214820862,1,true_positive
test\yashang\000124.png,yashang,1,0.8108125925064087,1,true_positive
test\yashang\000125.png,yashang,1,0.6952278017997742,1,true_positive
test\yashang\000126.png,yashang,1,0.6795448660850525,1,true_positive
test\yashang\000127.png,yashang,1,0.6779147982597351,1,true_positive
test\yashang\000128.png,yashang,1,0.8672313094139099,1,true_positive
test\yashang\000129.png,yashang,1,0.6933177709579468,1,true_positive
test\yashang\000130.png,yashang,1,0.8348979949951172,1,true_positive
test\yashang\000131.png,yashang,1,0.8405249118804932,1,true_positive
test\yashang\000132.png,yashang,1,0.9071937203407288,1,true_positive
test\yashang\000133.png,yashang,1,0.6413878798484802,1,true_positive
test\yashang\000134.png,yashang,1,0.6345447301864624,1,true_positive
test\yashang\000135.png,yashang,1,0.7216647267341614,1,true_positive
test\yashang\000136.png,yashang,1,0.7330072522163391,1,true_positive
test\yashang\000137.png,yashang,1,0.7330506443977356,1,true_positive
test\yashang\000138.png,yashang,1,0.609515905380249,1,true_positive
test\yashang\000139.png,yashang,1,0.7174665331840515,1,true_positive
test\yashang\000140.png,yashang,1,0.6380997896194458,1,true_positive
test\yashang\000141.png,yashang,1,0.6903441548347473,1,true_positive
test\yashang\000142.png,yashang,1,0.6216732263565063,1,true_positive
test\yashang\000143.png,yashang,1,0.6739553213119507,1,true_positive
test\yashang\000144.png,yashang,1,0.628113329410553,1,true_positive
test\yashang\000145.png,yashang,1,0.6272339820861816,1,true_positive
test\yashang\000146.png,yashang,1,0.612561821937561,1,true_positive
test\yashang\000147.png,yashang,1,0.7373682260513306,1,true_positive
test\yashang\000148.png,yashang,1,0.5581879019737244,1,true_positive
test\yashang\000149.png,yashang,1,0.8118231296539307,1,true_positive
test\yashang\000150.png,yashang,1,0.7082400321960449,1,true_positive
test\yashang\000151.png,yashang,1,0.5534810423851013,1,true_positive
test\yashang\000152.png,yashang,1,0.8054472804069519,1,true_positive
test\yashang\000153.png,yashang,1,0.6709930300712585,1,true_positive
test\yashang\000154.png,yashang,1,0.8322579264640808,1,true_positive
test\yashang\000155.png,yashang,1,0.8124504089355469,1,true_positive
test\yashang\000156.png,yashang,1,0.6057543754577637,1,true_positive
test\yashang\000157.png,yashang,1,0.7189952731132507,1,true_positive
test\yashang\000158.png,yashang,1,0.6074383854866028,1,true_positive
test\yashang\000159.png,yashang,1,0.6627967953681946,1,true_positive
test\yashang\000160.png,yashang,1,0.817215085029602,1,true_positive
test\yashang\000161.png,yashang,1,0.7876616716384888,1,true_positive
test\yashang\000162.png,yashang,1,0.6001623272895813,1,true_positive
test\yashang\000163.png,yashang,1,0.5376766920089722,0,false_negative
test\yashang\000164.png,yashang,1,0.8291858434677124,1,true_positive
test\yashang\000165.png,yashang,1,0.5749534964561462,1,true_positive
test\yashang\000166.png,yashang,1,0.618054211139679,1,true_positive
test\yashang\000167.png,yashang,1,0.7642526626586914,1,true_positive
test\yashang\000168.png,yashang,1,0.7027888298034668,1,true_positive
test\yashang\000169.png,yashang,1,0.5124626159667969,0,false_negative
test\yashang\000170.png,yashang,1,0.5220770239830017,0,false_negative
test\yashang\000171.png,yashang,1,0.5051242709159851,0,false_negative
test\yashang\000172.png,yashang,1,0.59796541929245,1,true_positive
test\yashang\000173.png,yashang,1,0.554096519947052,1,true_positive
test\yashang\000174.png,yashang,1,0.5220770239830017,0,false_negative
test\yashang\000175.png,yashang,1,0.5438909530639648,1,true_positive
test\yashang\000176.png,yashang,1,0.5682597160339355,1,true_positive
test\yashang\000177.png,yashang,1,0.5592666268348694,1,true_positive
test\yashang\000178.png,yashang,1,0.6010844111442566,1,true_positive
test\yashang\000179.png,yashang,1,0.5584310293197632,1,true_positive
test\yashang\000180.png,yashang,1,0.5822683572769165,1,true_positive
test\yashang\000181.png,yashang,1,0.5896377563476562,1,true_positive
test\yashang\000182.png,yashang,1,0.5039699077606201,0,false_negative
test\yashang\000183.png,yashang,1,0.6071614623069763,1,true_positive
test\yashang\000184.png,yashang,1,0.5475299954414368,1,true_positive
test\yashang\000185.png,yashang,1,0.5617406964302063,1,true_positive
test\yashang\000186.png,yashang,1,0.5490297675132751,1,true_positive
test\yashang\000187.png,yashang,1,0.48663589358329773,0,false_negative
test\yashang\000188.png,yashang,1,0.8026608824729919,1,true_positive
test\yashang\000189.png,yashang,1,0.6434827446937561,1,true_positive
test\yashang\000190.png,yashang,1,0.5799718499183655,1,true_positive
test\yashang\000191.png,yashang,1,0.5269243717193604,0,false_negative
test\yashang\000192.png,yashang,1,0.5398433208465576,0,false_negative
test\yashang\000193.png,yashang,1,0.47024551033973694,0,false_negative
test\yashang\000194.png,yashang,1,0.517771303653717,0,false_negative
test\yashang\000195.png,yashang,1,0.5164733529090881,0,false_negative
test\yashang\000196.png,yashang,1,0.6096879243850708,1,true_positive
test\yashang\000197.png,yashang,1,0.6148426532745361,1,true_positive
test\yashang\000198.png,yashang,1,0.6206947565078735,1,true_positive
test\yashang\000199.png,yashang,1,0.56215500831604,1,true_positive
test\yashang\000200.png,yashang,1,0.5534958243370056,1,true_positive
test\yashang\000201.png,yashang,1,0.539594829082489,0,false_negative
test\yashang\000202.png,yashang,1,0.5329560041427612,0,false_negative
test\yashang\000203.png,yashang,1,0.5671648979187012,1,true_positive
test\yashang\000204.png,yashang,1,0.5730749368667603,1,true_positive
test\yashang\000205.png,yashang,1,0.58070969581604,1,true_positive
test\yashang\000206.png,yashang,1,0.841930627822876,1,true_positive
test\yashang\000207.png,yashang,1,0.838580310344696,1,true_positive
test\yashang\000208.png,yashang,1,0.5108228325843811,0,false_negative
test\yashang\000209.png,yashang,1,0.4857313930988312,0,false_negative
test\yashang\000210.png,yashang,1,0.5403225421905518,0,false_negative
test\yashang\000211.png,yashang,1,0.5253996849060059,0,false_negative
test\yashang\000212.png,yashang,1,0.5987952947616577,1,true_positive
test\yashang\000213.png,yashang,1,0.7901462912559509,1,true_positive
test\yashang\000214.png,yashang,1,0.5558432936668396,1,true_positive
test\yashang\000215.png,yashang,1,0.8919578194618225,1,true_positive
test\yashang\000216.png,yashang,1,0.5938405394554138,1,true_positive
test\yashang\000217.png,yashang,1,0.7811612486839294,1,true_positive
test\yashang\000218.png,yashang,1,0.7226333022117615,1,true_positive
test\yashang\000219.png,yashang,1,0.6626013517379761,1,true_positive
test\yashang\000220.png,yashang,1,0.647357702255249,1,true_positive
test\yashang\000221.png,yashang,1,0.8068159818649292,1,true_positive
test\yashang\000222.png,yashang,1,0.6633562445640564,1,true_positive
test\yashang\000223.png,yashang,1,0.7119215726852417,1,true_positive
test\yashang\000224.png,yashang,1,0.7251552939414978,1,true_positive
test\yise\000000.png,yise,1,0.7190309166908264,1,true_positive
test\yise\000001.png,yise,1,0.7980867028236389,1,true_positive
test\yise\000002.png,yise,1,0.7352534532546997,1,true_positive
test\yise\000003.png,yise,1,0.5838891267776489,1,true_positive
test\yise\000004.png,yise,1,0.5780364274978638,1,true_positive
test\yise\000005.png,yise,1,0.7992875576019287,1,true_positive
test\yise\000006.png,yise,1,0.7364054918289185,1,true_positive
test\yise\000007.png,yise,1,0.751192569732666,1,true_positive
test\yise\000008.png,yise,1,0.7037419676780701,1,true_positive
test\yise\000009.png,yise,1,0.7540764212608337,1,true_positive
test\yise\000010.png,yise,1,0.7346569299697876,1,true_positive
test\yise\000011.png,yise,1,0.7171263098716736,1,true_positive
test\yise\000012.png,yise,1,0.6602410078048706,1,true_positive
test\yise\000013.png,yise,1,0.820332407951355,1,true_positive
test\yise\000014.png,yise,1,0.9317390322685242,1,true_positive
test\yise\000015.png,yise,1,0.719536304473877,1,true_positive
test\yise\000016.png,yise,1,0.7785987854003906,1,true_positive
test\yise\000017.png,yise,1,0.6981673240661621,1,true_positive
test\yise\000018.png,yise,1,0.8195768594741821,1,true_positive
test\yise\000019.png,yise,1,0.80221027135849,1,true_positive
test\yise\000020.png,yise,1,0.8748664855957031,1,true_positive
test\yise\000021.png,yise,1,0.7738637924194336,1,true_positive
test\yise\000022.png,yise,1,0.5999583601951599,1,true_positive
test\yise\000023.png,yise,1,0.6670221090316772,1,true_positive
test\yise\000024.png,yise,1,0.8180434107780457,1,true_positive
test\yise\000025.png,yise,1,0.6086115837097168,1,true_positive
test\yise\000026.png,yise,1,0.667660653591156,1,true_positive
test\yise\000027.png,yise,1,0.7929043173789978,1,true_positive
test\yise\000028.png,yise,1,0.7662011981010437,1,true_positive
test\yise\000029.png,yise,1,0.683929979801178,1,true_positive
test\yise\000030.png,yise,1,0.8236308097839355,1,true_positive
test\yise\000031.png,yise,1,0.7158540487289429,1,true_positive
test\yise\000032.png,yise,1,0.7521247267723083,1,true_positive
test\yise\000033.png,yise,1,0.6811378002166748,1,true_positive
test\yise\000034.png,yise,1,0.6768234968185425,1,true_positive
test\yise\000035.png,yise,1,0.7019342184066772,1,true_positive
test\yise\000036.png,yise,1,0.7105609774589539,1,true_positive
test\yise\000037.png,yise,1,0.8194591403007507,1,true_positive
test\yise\000038.png,yise,1,0.8333598375320435,1,true_positive
test\yise\000039.png,yise,1,0.7936902642250061,1,true_positive
test\yise\000040.png,yise,1,0.5374543070793152,0,false_negative
test\yise\000041.png,yise,1,0.8591102361679077,1,true_positive
test\yise\000042.png,yise,1,0.735346794128418,1,true_positive
test\yise\000043.png,yise,1,0.6835394501686096,1,true_positive
test\yise\000044.png,yise,1,0.7132382988929749,1,true_positive
test\yise\000045.png,yise,1,0.6293699145317078,1,true_positive
test\yise\000046.png,yise,1,0.8381633162498474,1,true_positive
test\yise\000047.png,yise,1,0.8008354306221008,1,true_positive
test\yise\000048.png,yise,1,0.66875159740448,1,true_positive
test\yise\000049.png,yise,1,0.6316572427749634,1,true_positive
test\yise\000050.png,yise,1,0.5956928133964539,1,true_positive
test\yise\000051.png,yise,1,0.6731873750686646,1,true_positive
test\yise\000052.png,yise,1,0.8097912073135376,1,true_positive
test\yise\000053.png,yise,1,0.681520402431488,1,true_positive
