defect_type,image_name,original_width,original_height,original_defect_pixels,letterbox_defect_pixels,scale,new_width,new_height,pad_left,pad_top,fully_lost
aotu,000000.png,1024,1024,1624,99,0.250000,256,256,0,0,False
aotu,000001.png,1024,1024,1191,74,0.250000,256,256,0,0,False
aotu,000002.png,1024,1024,857,54,0.250000,256,256,0,0,False
aotu,000003.png,1024,1024,41685,2616,0.250000,256,256,0,0,False
aotu,000004.png,1024,1024,49299,3081,0.250000,256,256,0,0,False
aotu,000005.png,1024,1024,11117,696,0.250000,256,256,0,0,False
aotu,000006.png,1024,1024,44548,2791,0.250000,256,256,0,0,False
aotu,000007.png,1024,1024,21503,1349,0.250000,256,256,0,0,False
aotu,000008.png,1024,1024,39508,2480,0.250000,256,256,0,0,False
aotu,000009.png,1024,1024,24351,1512,0.250000,256,256,0,0,False
aotu,000010.png,1024,1024,370,22,0.250000,256,256,0,0,False
aotu,000011.png,1024,1024,640,37,0.250000,256,256,0,0,False
aotu,000012.png,1024,1024,1413,86,0.250000,256,256,0,0,False
aotu,000013.png,1024,1024,3507,222,0.250000,256,256,0,0,False
aotu,000014.png,1024,1024,1484,92,0.250000,256,256,0,0,False
aotu,000015.png,1024,1024,1500,96,0.250000,256,256,0,0,False
aotu,000016.png,1024,1024,1748,107,0.250000,256,256,0,0,False
aotu,000017.png,1024,1024,850,53,0.250000,256,256,0,0,False
aotu,000018.png,1024,1024,356,20,0.250000,256,256,0,0,False
aotu,000019.png,1024,1024,3671,230,0.250000,256,256,0,0,False
aotu,000020.png,1024,1024,2343,149,0.250000,256,256,0,0,False
aotu,000021.png,1024,1024,1918,119,0.250000,256,256,0,0,False
aotu,000022.png,1024,1024,3640,228,0.250000,256,256,0,0,False
aotu,000023.png,1024,1024,2534,156,0.250000,256,256,0,0,False
aotu,000024.png,1024,1024,33139,2075,0.250000,256,256,0,0,False
aotu,000025.png,1024,1024,7258,455,0.250000,256,256,0,0,False
aotu,000026.png,1024,1024,18251,1141,0.250000,256,256,0,0,False
aotu,000027.png,1024,1024,14473,911,0.250000,256,256,0,0,False
aotu,000028.png,1024,1024,1777,110,0.250000,256,256,0,0,False
aotu,000029.png,1024,1024,200,12,0.250000,256,256,0,0,False
aotu,000030.png,1024,1024,8905,558,0.250000,256,256,0,0,False
aotu,000031.png,1024,1024,22113,1392,0.250000,256,256,0,0,False
aotu,000032.png,1024,1024,18081,1133,0.250000,256,256,0,0,False
aotu,000033.png,1024,1024,11206,712,0.250000,256,256,0,0,False
aotu,000034.png,1024,1024,20033,1252,0.250000,256,256,0,0,False
aotu,000035.png,1024,1024,24178,1518,0.250000,256,256,0,0,False
aotu,000036.png,1024,1024,14682,914,0.250000,256,256,0,0,False
aotu,000037.png,1024,1024,4339,270,0.250000,256,256,0,0,False
aotu,000038.png,1024,1024,31974,2004,0.250000,256,256,0,0,False
aotu,000039.png,1024,1024,20363,1270,0.250000,256,256,0,0,False
aotu,000040.png,1024,1024,34735,2164,0.250000,256,256,0,0,False
aotu,000041.png,1024,1024,11102,686,0.250000,256,256,0,0,False
aotu,000042.png,1024,1024,27074,1679,0.250000,256,256,0,0,False
aotu,000043.png,1024,1024,44917,2808,0.250000,256,256,0,0,False
aotu,000044.png,1024,1024,36585,2284,0.250000,256,256,0,0,False
aotu,000045.png,1024,1024,23644,1476,0.250000,256,256,0,0,False
aotu,000046.png,1024,1024,12400,782,0.250000,256,256,0,0,False
aotu,000047.png,1024,1024,19539,1203,0.250000,256,256,0,0,False
aotu,000048.png,1024,1024,49896,3102,0.250000,256,256,0,0,False
aotu,000049.png,1024,1024,66313,4148,0.250000,256,256,0,0,False
aotu,000050.png,1024,1024,42749,2674,0.250000,256,256,0,0,False
aotu,000051.png,1024,1024,47698,2960,0.250000,256,256,0,0,False
aotu,000052.png,1024,1024,12763,798,0.250000,256,256,0,0,False
aotu,000053.png,1024,1024,12763,798,0.250000,256,256,0,0,False
aotu,000054.png,1024,1024,18199,1135,0.250000,256,256,0,0,False
aotu,000055.png,1024,1024,13994,886,0.250000,256,256,0,0,False
aotu,000056.png,1024,1024,890,56,0.250000,256,256,0,0,False
aotu,000057.png,1024,1024,2492,155,0.250000,256,256,0,0,False
aotu,000058.png,1024,1024,1094,69,0.250000,256,256,0,0,False
aotu,000059.png,1024,1024,21376,1343,0.250000,256,256,0,0,False
aotu,000060.png,1024,1024,74538,4662,0.250000,256,256,0,0,False
aotu,000061.png,1024,1024,64858,4060,0.250000,256,256,0,0,False
aotu,000062.png,1024,1024,26894,1672,0.250000,256,256,0,0,False
aotu,000063.png,1024,1024,55786,3487,0.250000,256,256,0,0,False
aotu,000064.png,1024,1024,30421,1903,0.250000,256,256,0,0,False
aotu,000065.png,1024,1024,27997,1732,0.250000,256,256,0,0,False
aotu,000066.png,1024,1024,16378,999,0.250000,256,256,0,0,False
aotu,000067.png,1024,1024,23935,1498,0.250000,256,256,0,0,False
aotu,000068.png,1024,1024,52554,3278,0.250000,256,256,0,0,False
aotu,000069.png,1024,1024,27140,1692,0.250000,256,256,0,0,False
aotu,000070.png,1024,1024,16108,997,0.250000,256,256,0,0,False
aotu,000071.png,1024,1024,18434,1135,0.250000,256,256,0,0,False
aotu,000072.png,1024,1024,46831,2929,0.250000,256,256,0,0,False
aotu,000073.png,1024,1024,53880,3377,0.250000,256,256,0,0,False
aotu,000074.png,1024,1024,59420,3723,0.250000,256,256,0,0,False
aotu,000075.png,1024,1024,19886,1244,0.250000,256,256,0,0,False
aotu,000076.png,1024,1024,24484,1542,0.250000,256,256,0,0,False
aotu,000077.png,1024,1024,23435,1454,0.250000,256,256,0,0,False
aotu,000078.png,1024,1024,6725,421,0.250000,256,256,0,0,False
aotu,000079.png,1024,1024,16611,1037,0.250000,256,256,0,0,False
bianxing,000000.png,1024,1024,17571,1083,0.250000,256,256,0,0,False
bianxing,000001.png,1024,1024,58512,3675,0.250000,256,256,0,0,False
bianxing,000002.png,1024,1024,23036,1442,0.250000,256,256,0,0,False
bianxing,000003.png,768,288,1702,194,0.333333,256,96,0,80,False
bianxing,000004.png,768,288,4967,544,0.333333,256,96,0,80,False
bianxing,000005.png,768,288,4164,454,0.333333,256,96,0,80,False
bianxing,000006.png,1024,1024,10155,632,0.250000,256,256,0,0,False
bianxing,000007.png,1024,1024,55362,3458,0.250000,256,256,0,0,False
bianxing,000008.png,1024,1024,25474,1583,0.250000,256,256,0,0,False
bianxing,000009.png,1024,1024,68047,4240,0.250000,256,256,0,0,False
bianxing,000010.png,1024,1024,60406,3786,0.250000,256,256,0,0,False
bianxing,000011.png,1024,1024,29907,1856,0.250000,256,256,0,0,False
bianxing,000012.png,1024,1024,76848,4803,0.250000,256,256,0,0,False
bianxing,000013.png,1024,1024,32473,2019,0.250000,256,256,0,0,False
bianxing,000014.png,1024,1024,16571,1004,0.250000,256,256,0,0,False
bianxing,000015.png,1024,1024,6057,358,0.250000,256,256,0,0,False
bianxing,000016.png,1024,1024,12391,769,0.250000,256,256,0,0,False
bianxing,000017.png,1024,1024,34587,2149,0.250000,256,256,0,0,False
bianxing,000018.png,1024,1024,53554,3336,0.250000,256,256,0,0,False
bianxing,000019.png,1024,1024,11249,706,0.250000,256,256,0,0,False
bianxing,000020.png,1024,1024,29130,1809,0.250000,256,256,0,0,False
bianxing,000021.png,1024,1024,110513,6904,0.250000,256,256,0,0,False
bianxing,000022.png,1024,1024,31123,1941,0.250000,256,256,0,0,False
bianxing,000023.png,1024,1024,65084,4063,0.250000,256,256,0,0,False
bianxing,000024.png,1024,1024,163910,10254,0.250000,256,256,0,0,False
bianxing,000025.png,1024,1024,60260,3758,0.250000,256,256,0,0,False
bianxing,000026.png,1024,1024,55568,3487,0.250000,256,256,0,0,False
bianxing,000027.png,1024,1024,49003,3052,0.250000,256,256,0,0,False
bianxing,000028.png,1024,1024,87303,5471,0.250000,256,256,0,0,False
bianxing,000029.png,1024,1024,92255,5770,0.250000,256,256,0,0,False
bianxing,000030.png,1024,1024,33512,2091,0.250000,256,256,0,0,False
bianxing,000031.png,1024,1024,29528,1849,0.250000,256,256,0,0,False
bianxing,000032.png,1024,1024,21918,1379,0.250000,256,256,0,0,False
bianxing,000033.png,1024,1024,10002,620,0.250000,256,256,0,0,False
bianxing,000034.png,1024,1024,78809,4933,0.250000,256,256,0,0,False
bianxing,000035.png,1024,1024,90838,5700,0.250000,256,256,0,0,False
bianxing,000036.png,1024,1024,23631,1492,0.250000,256,256,0,0,False
bianxing,000037.png,1024,1024,78961,4952,0.250000,256,256,0,0,False
bianxing,000038.png,952,576,2865,207,0.268908,256,155,0,50,False
bianxing,000039.png,952,576,41468,2993,0.268908,256,155,0,50,False
fabai,000000.png,1024,1024,2280,132,0.250000,256,256,0,0,False
fabai,000001.png,1024,1024,1235,77,0.250000,256,256,0,0,False
fabai,000002.png,1024,1024,2810,179,0.250000,256,256,0,0,False
fabai,000003.png,1024,1024,2701,172,0.250000,256,256,0,0,False
fabai,000004.png,1024,1024,4102,264,0.250000,256,256,0,0,False
fabai,000005.png,400,288,17502,7128,0.640000,256,184,0,36,False
fabai,000006.png,1024,1024,8442,527,0.250000,256,256,0,0,False
fabai,000007.png,1024,1024,5300,325,0.250000,256,256,0,0,False
fabai,000008.png,1024,1024,17303,1063,0.250000,256,256,0,0,False
fabai,000009.png,1024,1024,2228,139,0.250000,256,256,0,0,False
fabai,000010.png,1024,1024,4365,282,0.250000,256,256,0,0,False
fabai,000011.png,1024,1024,26892,1679,0.250000,256,256,0,0,False
fabai,000012.png,1024,1024,18600,1161,0.250000,256,256,0,0,False
fabai,000013.png,1024,1024,5348,330,0.250000,256,256,0,0,False
fabai,000014.png,1024,1024,2085,134,0.250000,256,256,0,0,False
fabai,000015.png,1024,1024,18158,1123,0.250000,256,256,0,0,False
fabai,000016.png,1024,1024,13482,841,0.250000,256,256,0,0,False
fabai,000017.png,1024,1024,10827,670,0.250000,256,256,0,0,False
fabai,000018.png,1024,1024,7244,456,0.250000,256,256,0,0,False
fabai,000019.png,1024,1024,2820,176,0.250000,256,256,0,0,False
fabai,000020.png,1024,1024,12357,774,0.250000,256,256,0,0,False
fabai,000021.png,1024,1024,19940,1261,0.250000,256,256,0,0,False
fabai,000022.png,1024,1024,22404,1415,0.250000,256,256,0,0,False
fabai,000023.png,1024,1024,26542,1664,0.250000,256,256,0,0,False
fabai,000024.png,1024,1024,2975,182,0.250000,256,256,0,0,False
fabai,000025.png,1024,1024,14543,906,0.250000,256,256,0,0,False
fabai,000026.png,1024,1024,2654,165,0.250000,256,256,0,0,False
fabai,000027.png,1024,1024,6391,402,0.250000,256,256,0,0,False
fabai,000028.png,1024,1024,3125,194,0.250000,256,256,0,0,False
fabai,000029.png,1024,1024,2237,138,0.250000,256,256,0,0,False
fabai,000030.png,1024,1024,6636,415,0.250000,256,256,0,0,False
fabai,000031.png,600,576,22537,4105,0.426667,256,246,0,5,False
fabai,000032.png,600,576,47667,8655,0.426667,256,246,0,5,False
fabai,000033.png,688,288,44372,6181,0.372093,256,107,0,74,False
fabai,000034.png,688,288,40765,5707,0.372093,256,107,0,74,False
fabai,000035.png,688,288,38528,5304,0.372093,256,107,0,74,False
fabai,000036.png,688,288,40392,5611,0.372093,256,107,0,74,False
fabai,000037.png,1024,1024,11148,696,0.250000,256,256,0,0,False
fabai,000038.png,1024,1024,10589,660,0.250000,256,256,0,0,False
fabai,000039.png,1024,1024,22175,1379,0.250000,256,256,0,0,False
fabai,000040.png,1024,1024,7740,483,0.250000,256,256,0,0,False
fabai,000041.png,1024,1024,1692,96,0.250000,256,256,0,0,False
fabai,000042.png,1024,1024,19053,1194,0.250000,256,256,0,0,False
fabai,000043.png,1024,1024,303192,18939,0.250000,256,256,0,0,False
fabai,000044.png,1024,1024,370322,23147,0.250000,256,256,0,0,False
fabai,000045.png,1024,1024,325885,20341,0.250000,256,256,0,0,False
fabai,000046.png,688,288,26609,3685,0.372093,256,107,0,74,False
fabai,000047.png,688,288,46102,6515,0.372093,256,107,0,74,False
fabai,000048.png,688,288,18064,2477,0.372093,256,107,0,74,False
fabai,000049.png,688,288,36991,5154,0.372093,256,107,0,74,False
fabai,000050.png,688,288,43283,5987,0.372093,256,107,0,74,False
fabai,000051.png,1024,1024,2376,149,0.250000,256,256,0,0,False
fabai,000052.png,1024,1024,13915,876,0.250000,256,256,0,0,False
fabai,000053.png,1024,1024,19108,1195,0.250000,256,256,0,0,False
fabai,000054.png,1024,1024,345925,21696,0.250000,256,256,0,0,False
fabai,000055.png,1024,1024,420651,26290,0.250000,256,256,0,0,False
fabai,000056.png,1024,1024,369565,23098,0.250000,256,256,0,0,False
fabai,000057.png,1024,1024,413755,25877,0.250000,256,256,0,0,False
fabai,000058.png,1024,1024,439044,27446,0.250000,256,256,0,0,False
fabai,000059.png,1024,1024,352578,22073,0.250000,256,256,0,0,False
fabai,000060.png,1024,1024,438705,27448,0.250000,256,256,0,0,False
fabai,000061.png,950,800,171844,12553,0.269474,256,216,0,20,False
fabai,000062.png,950,800,170039,12344,0.269474,256,216,0,20,False
fabai,000063.png,950,800,169976,12345,0.269474,256,216,0,20,False
fabai,000064.png,950,800,167953,12284,0.269474,256,216,0,20,False
fabai,000065.png,950,800,56461,4098,0.269474,256,216,0,20,False
fabai,000066.png,950,800,25605,1868,0.269474,256,216,0,20,False
fabai,000067.png,1024,1024,10198,653,0.250000,256,256,0,0,False
fabai,000068.png,1024,1024,2536,158,0.250000,256,256,0,0,False
fabai,000069.png,1024,1024,15098,943,0.250000,256,256,0,0,False
fabai,000070.png,950,800,175663,12839,0.269474,256,216,0,20,False
fabai,000071.png,950,800,31825,2316,0.269474,256,216,0,20,False
fabai,000072.png,950,800,178202,13005,0.269474,256,216,0,20,False
fabai,000073.png,950,800,74457,5402,0.269474,256,216,0,20,False
fabai,000074.png,950,800,164682,11951,0.269474,256,216,0,20,False
fabai,000075.png,950,800,16979,1232,0.269474,256,216,0,20,False
fabai,000076.png,950,800,164308,12003,0.269474,256,216,0,20,False
fabai,000077.png,950,800,165775,12006,0.269474,256,216,0,20,False
fabai,000078.png,950,800,141451,10267,0.269474,256,216,0,20,False
fabai,000079.png,950,800,133560,9692,0.269474,256,216,0,20,False
fabai,000080.png,1024,1024,730,46,0.250000,256,256,0,0,False
fabai,000081.png,1024,1024,8307,520,0.250000,256,256,0,0,False
fabai,000082.png,1024,1024,2038,126,0.250000,256,256,0,0,False
fabai,000083.png,800,288,40214,4164,0.320000,256,92,0,82,False
fabai,000084.png,800,288,56771,5836,0.320000,256,92,0,82,False
fabai,000085.png,800,288,55906,5795,0.320000,256,92,0,82,False
fabai,000086.png,800,288,3289,340,0.320000,256,92,0,82,False
fabai,000087.png,400,288,15814,6522,0.640000,256,184,0,36,False
fabai,000088.png,400,288,21904,8982,0.640000,256,184,0,36,False
fabai,000089.png,400,288,14753,6040,0.640000,256,184,0,36,False
fabai,000090.png,720,288,12054,1514,0.355556,256,102,0,77,False
fabai,000091.png,720,288,25754,3226,0.355556,256,102,0,77,False
fabai,000092.png,720,288,237,31,0.355556,256,102,0,77,False
fabai,000093.png,720,288,11729,1461,0.355556,256,102,0,77,False
fabai,000094.png,600,576,15419,2807,0.426667,256,246,0,5,False
fabai,000095.png,400,288,20932,8564,0.640000,256,184,0,36,False
fabai,000096.png,400,288,21790,8952,0.640000,256,184,0,36,False
fabai,000097.png,950,800,169888,12368,0.269474,256,216,0,20,False
fabai,000098.png,950,800,169334,12334,0.269474,256,216,0,20,False
fabai,000099.png,950,800,83259,6048,0.269474,256,216,0,20,False
fabai,000100.png,950,800,170224,12393,0.269474,256,216,0,20,False
fabai,000101.png,950,800,170164,12392,0.269474,256,216,0,20,False
fabai,000102.png,950,800,130685,9520,0.269474,256,216,0,20,False
fabai,000103.png,950,800,109126,7932,0.269474,256,216,0,20,False
fabai,000104.png,952,576,108713,7898,0.268908,256,155,0,50,False
fabai,000105.png,688,288,50644,6941,0.372093,256,107,0,74,False
fabai,000106.png,800,288,5095,529,0.320000,256,92,0,82,False
fabai,000107.png,800,288,16450,1666,0.320000,256,92,0,82,False
guoxi,000000.png,952,576,12041,873,0.268908,256,155,0,50,False
guoxi,000001.png,952,576,146161,10560,0.268908,256,155,0,50,False
guoxi,000002.png,600,576,40165,7312,0.426667,256,246,0,5,False
guoxi,000003.png,600,576,131360,23975,0.426667,256,246,0,5,False
guoxi,000004.png,600,576,98599,18021,0.426667,256,246,0,5,False
guoxi,000005.png,600,576,64189,11751,0.426667,256,246,0,5,False
guoxi,000006.png,600,576,42166,7677,0.426667,256,246,0,5,False
guoxi,000007.png,600,576,100037,18233,0.426667,256,246,0,5,False
guoxi,000008.png,600,576,93950,17091,0.426667,256,246,0,5,False
guoxi,000009.png,600,576,95676,17395,0.426667,256,246,0,5,False
guoxi,000010.png,952,576,103945,7479,0.268908,256,155,0,50,False
guoxi,000011.png,768,288,61227,6825,0.333333,256,96,0,80,False
guoxi,000012.png,768,288,54627,6136,0.333333,256,96,0,80,False
guoxi,000013.png,952,576,5773,415,0.268908,256,155,0,50,False
guoxi,000014.png,952,576,10050,729,0.268908,256,155,0,50,False
guoxi,000015.png,952,576,73035,5340,0.268908,256,155,0,50,False
guoxi,000016.png,600,576,18734,3431,0.426667,256,246,0,5,False
guoxi,000017.png,600,576,100614,18350,0.426667,256,246,0,5,False
guoxi,000018.png,952,576,216813,15684,0.268908,256,155,0,50,False
guoxi,000019.png,688,288,7137,985,0.372093,256,107,0,74,False
guoxi,000020.png,448,288,29969,9842,0.571429,256,165,0,45,False
guoxi,000021.png,952,576,55040,3986,0.268908,256,155,0,50,False
guoxi,000022.png,952,576,114505,8273,0.268908,256,155,0,50,False
guoxi,000023.png,952,576,255315,18418,0.268908,256,155,0,50,False
guoxi,000024.png,448,288,26278,8526,0.571429,256,165,0,45,False
guoxi,000025.png,448,288,23512,7776,0.571429,256,165,0,45,False
guoxi,000026.png,448,288,16571,5401,0.571429,256,165,0,45,False
guoxi,000027.png,448,288,5864,1894,0.571429,256,165,0,45,False
guoxi,000028.png,952,576,12170,881,0.268908,256,155,0,50,False
guoxi,000029.png,952,576,86997,6273,0.268908,256,155,0,50,False
guoxi,000030.png,600,576,131354,24004,0.426667,256,246,0,5,False
guoxi,000031.png,600,576,9567,1747,0.426667,256,246,0,5,False
guoxi,000032.png,600,576,50130,9112,0.426667,256,246,0,5,False
guoxi,000033.png,800,288,18344,1890,0.320000,256,92,0,82,False
guoxi,000034.png,800,288,10327,1071,0.320000,256,92,0,82,False
guoxi,000035.png,800,288,20078,2075,0.320000,256,92,0,82,False
guoxi,000036.png,800,288,47519,4883,0.320000,256,92,0,82,False
guoxi,000037.png,800,288,49008,5044,0.320000,256,92,0,82,False
guoxi,000038.png,800,288,69880,7142,0.320000,256,92,0,82,False
guoxi,000039.png,800,288,71758,7439,0.320000,256,92,0,82,False
guoxi,000040.png,720,288,7482,942,0.355556,256,102,0,77,False
guoxi,000041.png,720,288,52780,6671,0.355556,256,102,0,77,False
guoxi,000042.png,720,288,3311,414,0.355556,256,102,0,77,False
guoxi,000043.png,720,288,31628,3953,0.355556,256,102,0,77,False
guoxi,000044.png,720,288,332,39,0.355556,256,102,0,77,False
guoxi,000045.png,952,576,1365,106,0.268908,256,155,0,50,False
guoxi,000046.png,600,576,15138,2766,0.426667,256,246,0,5,False
guoxi,000047.png,688,288,844,123,0.372093,256,107,0,74,False
guoxi,000048.png,600,576,115375,21063,0.426667,256,246,0,5,False
guoxi,000049.png,600,576,121020,22117,0.426667,256,246,0,5,False
guoxi,000050.png,600,576,52890,9630,0.426667,256,246,0,5,False
guoxi,000051.png,600,576,131469,23987,0.426667,256,246,0,5,False
guoxi,000052.png,288,288,8213,6500,0.888889,256,256,0,0,False
guoxi,000053.png,288,288,2411,1929,0.888889,256,256,0,0,False
guoxi,000054.png,288,288,14242,11280,0.888889,256,256,0,0,False
guoxi,000055.png,288,288,13132,10428,0.888889,256,256,0,0,False
guoxi,000056.png,600,576,80042,14565,0.426667,256,246,0,5,False
guoxi,000057.png,600,576,126702,23154,0.426667,256,246,0,5,False
guoxi,000058.png,600,576,125322,22842,0.426667,256,246,0,5,False
guoxi,000059.png,600,576,129887,23777,0.426667,256,246,0,5,False
guoxi,000060.png,600,576,125779,22986,0.426667,256,246,0,5,False
guoxi,000061.png,600,576,124859,22807,0.426667,256,246,0,5,False
guoxi,000062.png,600,576,119576,21837,0.426667,256,246,0,5,False
guoxi,000063.png,600,576,78808,14424,0.426667,256,246,0,5,False
guoxi,000064.png,600,576,3104,575,0.426667,256,246,0,5,False
guoxi,000065.png,600,576,123733,22606,0.426667,256,246,0,5,False
guoxi,000066.png,600,576,120714,22023,0.426667,256,246,0,5,False
guoxi,000067.png,600,576,86857,15852,0.426667,256,246,0,5,False
guoxi,000068.png,600,576,106879,19441,0.426667,256,246,0,5,False
guoxi,000069.png,600,576,96426,17609,0.426667,256,246,0,5,False
guoxi,000070.png,600,576,144259,26330,0.426667,256,246,0,5,False
guoxi,000071.png,600,576,40608,7406,0.426667,256,246,0,5,False
guoxi,000072.png,600,576,134175,24383,0.426667,256,246,0,5,False
guoxi,000073.png,600,576,126514,23138,0.426667,256,246,0,5,False
guoxi,000074.png,600,576,25207,4614,0.426667,256,246,0,5,False
huashang,000000.png,1024,1024,10964,687,0.250000,256,256,0,0,False
huashang,000001.png,1024,1024,14844,926,0.250000,256,256,0,0,False
huashang,000002.png,1024,1024,9189,577,0.250000,256,256,0,0,False
huashang,000003.png,1024,1024,12388,772,0.250000,256,256,0,0,False
huashang,000004.png,1024,1024,12031,751,0.250000,256,256,0,0,False
huashang,000005.png,1024,1024,9238,580,0.250000,256,256,0,0,False
huashang,000006.png,1024,1024,12555,782,0.250000,256,256,0,0,False
huashang,000007.png,1024,1024,11339,708,0.250000,256,256,0,0,False
huashang,000008.png,1024,1024,12779,797,0.250000,256,256,0,0,False
huashang,000009.png,1024,1024,14028,877,0.250000,256,256,0,0,False
huashang,000010.png,1024,1024,13844,865,0.250000,256,256,0,0,False
huashang,000011.png,1024,1024,16213,1014,0.250000,256,256,0,0,False
huashang,000012.png,1024,1024,16343,1022,0.250000,256,256,0,0,False
huashang,000013.png,952,576,9527,679,0.268908,256,155,0,50,False
huashang,000014.png,952,576,10582,751,0.268908,256,155,0,50,False
huashang,000015.png,952,576,9274,669,0.268908,256,155,0,50,False
huashang,000016.png,952,576,3799,270,0.268908,256,155,0,50,False
huashang,000017.png,952,576,4734,344,0.268908,256,155,0,50,False
huashang,000018.png,952,576,3104,225,0.268908,256,155,0,50,False
huashang,000019.png,952,576,1123,81,0.268908,256,155,0,50,False
huashang,000020.png,952,576,6044,449,0.268908,256,155,0,50,False
huashang,000021.png,952,576,936,70,0.268908,256,155,0,50,False
huashang,000022.png,952,576,12802,934,0.268908,256,155,0,50,False
huashang,000023.png,952,576,16706,1203,0.268908,256,155,0,50,False
huashang,000024.png,952,576,8323,628,0.268908,256,155,0,50,False
huashang,000025.png,952,576,7462,546,0.268908,256,155,0,50,False
huashang,000026.png,952,576,12854,913,0.268908,256,155,0,50,False
huashang,000027.png,952,576,11935,860,0.268908,256,155,0,50,False
huashang,000028.png,952,576,3430,248,0.268908,256,155,0,50,False
huashang,000029.png,952,576,2826,204,0.268908,256,155,0,50,False
huashang,000030.png,952,576,2255,171,0.268908,256,155,0,50,False
huashang,000031.png,952,576,5189,368,0.268908,256,155,0,50,False
huashang,000032.png,952,576,1388,105,0.268908,256,155,0,50,False
huashang,000033.png,952,576,3889,280,0.268908,256,155,0,50,False
huashang,000034.png,952,576,4298,308,0.268908,256,155,0,50,False
huashang,000035.png,952,576,3852,276,0.268908,256,155,0,50,False
huashang,000036.png,952,576,2116,153,0.268908,256,155,0,50,False
huashang,000037.png,952,576,4229,296,0.268908,256,155,0,50,False
huashang,000038.png,952,576,6239,493,0.268908,256,155,0,50,False
huashang,000039.png,952,576,7653,563,0.268908,256,155,0,50,False
huashang,000040.png,952,576,9211,673,0.268908,256,155,0,50,False
huashang,000041.png,952,576,3910,314,0.268908,256,155,0,50,False
huashang,000042.png,952,576,5896,428,0.268908,256,155,0,50,False
huashang,000043.png,952,576,2939,207,0.268908,256,155,0,50,False
huashang,000044.png,952,576,5216,380,0.268908,256,155,0,50,False
huashang,000045.png,952,576,3252,243,0.268908,256,155,0,50,False
huashang,000046.png,952,576,3875,283,0.268908,256,155,0,50,False
huashang,000047.png,952,576,17394,1257,0.268908,256,155,0,50,False
huashang,000048.png,952,576,6789,499,0.268908,256,155,0,50,False
huashang,000049.png,952,576,10280,755,0.268908,256,155,0,50,False
huashang,000050.png,952,576,7577,547,0.268908,256,155,0,50,False
huashang,000051.png,952,576,3423,246,0.268908,256,155,0,50,False
huashang,000052.png,952,576,9083,646,0.268908,256,155,0,50,False
huashang,000053.png,952,576,4986,372,0.268908,256,155,0,50,False
huashang,000054.png,952,576,8809,635,0.268908,256,155,0,50,False
huashang,000055.png,952,576,11502,826,0.268908,256,155,0,50,False
huashang,000056.png,952,576,7727,551,0.268908,256,155,0,50,False
huashang,000057.png,952,576,7227,519,0.268908,256,155,0,50,False
huashang,000058.png,1024,1024,5503,348,0.250000,256,256,0,0,False
huashang,000059.png,1024,1024,7253,456,0.250000,256,256,0,0,False
huashang,000060.png,1024,1024,4467,281,0.250000,256,256,0,0,False
huashang,000061.png,1024,1024,4274,275,0.250000,256,256,0,0,False
huashang,000062.png,1024,1024,7757,484,0.250000,256,256,0,0,False
huashang,000063.png,1024,1024,7933,499,0.250000,256,256,0,0,False
huashang,000064.png,1024,1024,7219,449,0.250000,256,256,0,0,False
huashang,000065.png,1024,1024,8649,550,0.250000,256,256,0,0,False
huashang,000066.png,1024,1024,6126,384,0.250000,256,256,0,0,False
huashang,000067.png,1024,1024,8480,531,0.250000,256,256,0,0,False
huashang,000068.png,1024,1024,4168,258,0.250000,256,256,0,0,False
huashang,000069.png,1024,1024,4628,289,0.250000,256,256,0,0,False
huashang,000070.png,1024,1024,6646,414,0.250000,256,256,0,0,False
huashang,000071.png,1024,1024,5461,343,0.250000,256,256,0,0,False
huashang,000072.png,1024,1024,8261,521,0.250000,256,256,0,0,False
huashang,000073.png,1024,1024,6386,405,0.250000,256,256,0,0,False
huashang,000074.png,1024,1024,1422,89,0.250000,256,256,0,0,False
huashang,000075.png,1024,1024,5029,318,0.250000,256,256,0,0,False
huashang,000076.png,1024,1024,8609,537,0.250000,256,256,0,0,False
huashang,000077.png,1024,1024,7046,439,0.250000,256,256,0,0,False
huashang,000078.png,1024,1024,5488,342,0.250000,256,256,0,0,False
huashang,000079.png,1024,1024,11830,737,0.250000,256,256,0,0,False
huashang,000080.png,1024,1024,6152,378,0.250000,256,256,0,0,False
huashang,000081.png,1024,1024,5663,354,0.250000,256,256,0,0,False
huashang,000082.png,1024,1024,11170,699,0.250000,256,256,0,0,False
huashang,000083.png,1024,1024,7033,437,0.250000,256,256,0,0,False
huashang,000084.png,1024,1024,11366,709,0.250000,256,256,0,0,False
huashang,000085.png,1024,1024,10436,650,0.250000,256,256,0,0,False
huashang,000086.png,1024,1024,10621,664,0.250000,256,256,0,0,False
huashang,000087.png,952,576,12523,918,0.268908,256,155,0,50,False
huashang,000088.png,952,576,6958,497,0.268908,256,155,0,50,False
huashang,000089.png,952,576,7258,526,0.268908,256,155,0,50,False
huashang,000090.png,952,576,12371,890,0.268908,256,155,0,50,False
huashang,000091.png,952,576,13490,963,0.268908,256,155,0,50,False
huashang,000092.png,952,576,13996,1051,0.268908,256,155,0,50,False
huashang,000093.png,952,576,5599,412,0.268908,256,155,0,50,False
huashang,000094.png,952,576,10616,777,0.268908,256,155,0,50,False
huashang,000095.png,952,576,4894,350,0.268908,256,155,0,50,False
huashang,000096.png,952,576,10326,759,0.268908,256,155,0,50,False
huashang,000097.png,952,576,3540,258,0.268908,256,155,0,50,False
huashang,000098.png,952,576,9823,728,0.268908,256,155,0,50,False
huashang,000099.png,952,576,2940,216,0.268908,256,155,0,50,False
huashang,000100.png,952,576,5796,411,0.268908,256,155,0,50,False
huashang,000101.png,952,576,6066,421,0.268908,256,155,0,50,False
huashang,000102.png,952,576,8558,625,0.268908,256,155,0,50,False
huashang,000103.png,952,576,7164,508,0.268908,256,155,0,50,False
huashang,000104.png,952,576,12150,877,0.268908,256,155,0,50,False
huashang,000105.png,952,576,4441,323,0.268908,256,155,0,50,False
huashang,000106.png,1024,1024,4690,291,0.250000,256,256,0,0,False
huashang,000107.png,1024,1024,5882,367,0.250000,256,256,0,0,False
huashang,000108.png,1024,1024,8516,534,0.250000,256,256,0,0,False
huashang,000109.png,1024,1024,10825,684,0.250000,256,256,0,0,False
huashang,000110.png,1024,1024,4323,270,0.250000,256,256,0,0,False
huashang,000111.png,1024,1024,5479,347,0.250000,256,256,0,0,False
huashang,000112.png,1024,1024,5395,337,0.250000,256,256,0,0,False
huashang,000113.png,1024,1024,8369,527,0.250000,256,256,0,0,False
huashang,000114.png,1024,1024,2524,155,0.250000,256,256,0,0,False
huashang,000115.png,1024,1024,4452,280,0.250000,256,256,0,0,False
huashang,000116.png,1024,1024,6111,381,0.250000,256,256,0,0,False
huashang,000117.png,1024,1024,1872,116,0.250000,256,256,0,0,False
huashang,000118.png,1024,1024,500,39,0.250000,256,256,0,0,False
huashang,000119.png,1024,1024,6121,385,0.250000,256,256,0,0,False
huashang,000120.png,1024,1024,6979,432,0.250000,256,256,0,0,False
huashang,000121.png,1024,1024,2080,131,0.250000,256,256,0,0,False
huashang,000122.png,1024,1024,2035,126,0.250000,256,256,0,0,False
huashang,000123.png,1024,1024,5227,329,0.250000,256,256,0,0,False
huashang,000124.png,1024,1024,2684,170,0.250000,256,256,0,0,False
huashang,000125.png,1024,1024,4702,298,0.250000,256,256,0,0,False
huashang,000126.png,1024,1024,7014,442,0.250000,256,256,0,0,False
huashang,000127.png,1024,1024,3331,204,0.250000,256,256,0,0,False
huashang,000128.png,1024,1024,8723,540,0.250000,256,256,0,0,False
huashang,000129.png,1024,1024,10718,664,0.250000,256,256,0,0,False
huashang,000130.png,1024,1024,4936,311,0.250000,256,256,0,0,False
huashang,000131.png,1024,1024,5737,359,0.250000,256,256,0,0,False
huashang,000132.png,1024,1024,6259,392,0.250000,256,256,0,0,False
huashang,000133.png,1024,1024,6494,409,0.250000,256,256,0,0,False
huashang,000134.png,1024,1024,1978,117,0.250000,256,256,0,0,False
huashang,000135.png,1024,1024,10138,640,0.250000,256,256,0,0,False
huashang,000136.png,1024,1024,11029,693,0.250000,256,256,0,0,False
huashang,000137.png,1024,1024,3266,206,0.250000,256,256,0,0,False
huashang,000138.png,1024,1024,3196,203,0.250000,256,256,0,0,False
huashang,000139.png,1024,1024,9293,578,0.250000,256,256,0,0,False
huashang,000140.png,1024,1024,6087,379,0.250000,256,256,0,0,False
huashang,000141.png,1024,1024,4867,303,0.250000,256,256,0,0,False
huashang,000142.png,1024,1024,5244,322,0.250000,256,256,0,0,False
huashang,000143.png,1024,1024,2694,173,0.250000,256,256,0,0,False
huashang,000144.png,1024,1024,6281,391,0.250000,256,256,0,0,False
huashang,000145.png,1024,1024,2183,135,0.250000,256,256,0,0,False
huashang,000146.png,1024,1024,10343,660,0.250000,256,256,0,0,False
huashang,000147.png,1024,1024,3503,220,0.250000,256,256,0,0,False
huashang,000148.png,1024,1024,3795,238,0.250000,256,256,0,0,False
huashang,000149.png,1024,1024,6028,379,0.250000,256,256,0,0,False
huashang,000150.png,1024,1024,9617,602,0.250000,256,256,0,0,False
huashang,000151.png,1024,1024,8689,540,0.250000,256,256,0,0,False
huashang,000152.png,1024,1024,5796,362,0.250000,256,256,0,0,False
huashang,000153.png,952,576,2006,146,0.268908,256,155,0,50,False
huashang,000154.png,952,576,4522,328,0.268908,256,155,0,50,False
huashang,000155.png,952,576,2297,166,0.268908,256,155,0,50,False
huashang,000156.png,952,576,1420,101,0.268908,256,155,0,50,False
huashang,000157.png,952,576,6043,434,0.268908,256,155,0,50,False
huashang,000158.png,952,576,4454,323,0.268908,256,155,0,50,False
huashang,000159.png,952,576,8048,571,0.268908,256,155,0,50,False
huashang,000160.png,952,576,7336,523,0.268908,256,155,0,50,False
huashang,000161.png,952,576,11064,790,0.268908,256,155,0,50,False
huashang,000162.png,952,576,4862,340,0.268908,256,155,0,50,False
huashang,000163.png,952,576,5294,384,0.268908,256,155,0,50,False
huashang,000164.png,952,576,5389,386,0.268908,256,155,0,50,False
huashang,000165.png,952,576,6403,458,0.268908,256,155,0,50,False
huashang,000166.png,952,576,6251,438,0.268908,256,155,0,50,False
huashang,000167.png,952,576,7299,530,0.268908,256,155,0,50,False
huashang,000168.png,952,576,7826,572,0.268908,256,155,0,50,False
huashang,000169.png,952,576,4756,288,0.268908,256,155,0,50,False
huashang,000170.png,952,576,6837,485,0.268908,256,155,0,50,False
huashang,000171.png,952,576,5173,371,0.268908,256,155,0,50,False
huashang,000172.png,952,576,8229,533,0.268908,256,155,0,50,False
huashang,000173.png,952,576,11853,855,0.268908,256,155,0,50,False
huashang,000174.png,952,576,8011,585,0.268908,256,155,0,50,False
huashang,000175.png,952,576,7937,571,0.268908,256,155,0,50,False
huashang,000176.png,952,576,7513,521,0.268908,256,155,0,50,False
huashang,000177.png,952,576,6115,443,0.268908,256,155,0,50,False
huashang,000178.png,952,576,2136,144,0.268908,256,155,0,50,False
huashang,000179.png,952,576,1420,86,0.268908,256,155,0,50,False
huashang,000180.png,952,576,2334,196,0.268908,256,155,0,50,False
huashang,000181.png,952,576,4672,356,0.268908,256,155,0,50,False
huashang,000182.png,952,576,1319,93,0.268908,256,155,0,50,False
huashang,000183.png,952,576,2485,198,0.268908,256,155,0,50,False
huashang,000184.png,952,576,2570,169,0.268908,256,155,0,50,False
huashang,000185.png,952,576,3579,274,0.268908,256,155,0,50,False
huashang,000186.png,1024,1024,991,66,0.250000,256,256,0,0,False
huashang,000187.png,1024,1024,697,44,0.250000,256,256,0,0,False
huashang,000188.png,952,576,7214,527,0.268908,256,155,0,50,False
huashang,000189.png,952,576,9122,663,0.268908,256,155,0,50,False
huashang,000190.png,952,576,563,40,0.268908,256,155,0,50,False
huashang,000191.png,952,576,19143,1378,0.268908,256,155,0,50,False
huashang,000192.png,952,576,7201,537,0.268908,256,155,0,50,False
huashang,000193.png,952,576,8563,596,0.268908,256,155,0,50,False
huashang,000194.png,952,576,6865,515,0.268908,256,155,0,50,False
huashang,000195.png,952,576,3111,210,0.268908,256,155,0,50,False
huashang,000196.png,952,576,1921,143,0.268908,256,155,0,50,False
huashang,000197.png,952,576,2742,204,0.268908,256,155,0,50,False
huashang,000198.png,952,576,2336,149,0.268908,256,155,0,50,False
huashang,000199.png,1024,1024,3309,215,0.250000,256,256,0,0,False
huashang,000200.png,1024,1024,4997,315,0.250000,256,256,0,0,False
huashang,000201.png,1024,1024,7997,504,0.250000,256,256,0,0,False
huashang,000202.png,1024,1024,7861,493,0.250000,256,256,0,0,False
huashang,000203.png,1024,1024,6171,387,0.250000,256,256,0,0,False
huashang,000204.png,952,576,12419,896,0.268908,256,155,0,50,False
huashang,000205.png,952,576,12462,906,0.268908,256,155,0,50,False
huashang,000206.png,952,576,9667,696,0.268908,256,155,0,50,False
huashang,000207.png,952,576,9718,705,0.268908,256,155,0,50,False
huashang,000208.png,952,576,16136,1188,0.268908,256,155,0,50,False
huashang,000209.png,952,576,8487,630,0.268908,256,155,0,50,False
huashang,000210.png,952,576,20979,1543,0.268908,256,155,0,50,False
huashang,000211.png,952,576,10156,745,0.268908,256,155,0,50,False
huashang,000212.png,952,576,7242,530,0.268908,256,155,0,50,False
huashang,000213.png,952,576,2778,194,0.268908,256,155,0,50,False
huashang,000214.png,952,576,3071,224,0.268908,256,155,0,50,False
huashang,000215.png,952,576,2102,157,0.268908,256,155,0,50,False
huashang,000216.png,952,576,4251,302,0.268908,256,155,0,50,False
huashang,000217.png,952,576,164,14,0.268908,256,155,0,50,False
huashang,000218.png,952,576,3166,229,0.268908,256,155,0,50,False
huashang,000219.png,952,576,1526,112,0.268908,256,155,0,50,False
huashang,000220.png,952,576,4593,332,0.268908,256,155,0,50,False
huashang,000221.png,1024,1024,3983,247,0.250000,256,256,0,0,False
huashang,000222.png,1024,1024,5145,324,0.250000,256,256,0,0,False
huashang,000223.png,1024,1024,469,30,0.250000,256,256,0,0,False
huashang,000224.png,1024,1024,6129,384,0.250000,256,256,0,0,False
huashang,000225.png,1024,1024,3973,249,0.250000,256,256,0,0,False
huashang,000226.png,952,576,4436,251,0.268908,256,155,0,50,False
huashang,000227.png,952,576,10164,756,0.268908,256,155,0,50,False
huashang,000228.png,952,576,1330,95,0.268908,256,155,0,50,False
huashang,000229.png,952,576,6389,454,0.268908,256,155,0,50,False
huashang,000230.png,952,576,5166,380,0.268908,256,155,0,50,False
huashang,000231.png,952,576,6009,412,0.268908,256,155,0,50,False
huashang,000232.png,952,576,997,74,0.268908,256,155,0,50,False
huashang,000233.png,952,576,5237,385,0.268908,256,155,0,50,False
huashang,000234.png,952,576,6353,458,0.268908,256,155,0,50,False
huashang,000235.png,952,576,10228,736,0.268908,256,155,0,50,False
huashang,000236.png,952,576,4292,352,0.268908,256,155,0,50,False
huashang,000237.png,952,576,5868,420,0.268908,256,155,0,50,False
huashang,000238.png,952,576,345,24,0.268908,256,155,0,50,False
huashang,000239.png,952,576,3538,285,0.268908,256,155,0,50,False
huashang,000240.png,1024,1024,3556,226,0.250000,256,256,0,0,False
huashang,000241.png,1024,1024,545,36,0.250000,256,256,0,0,False
huashang,000242.png,952,576,5584,397,0.268908,256,155,0,50,False
huashang,000243.png,952,576,5234,379,0.268908,256,155,0,50,False
huashang,000244.png,952,576,5641,407,0.268908,256,155,0,50,False
huashang,000245.png,952,576,6431,461,0.268908,256,155,0,50,False
huashang,000246.png,952,576,4880,353,0.268908,256,155,0,50,False
huashang,000247.png,952,576,6323,473,0.268908,256,155,0,50,False
huashang,000248.png,952,576,7824,587,0.268908,256,155,0,50,False
huashang,000249.png,952,576,10095,708,0.268908,256,155,0,50,False
huashang,000250.png,952,576,7867,564,0.268908,256,155,0,50,False
huashang,000251.png,952,576,7272,523,0.268908,256,155,0,50,False
huashang,000252.png,952,576,6353,466,0.268908,256,155,0,50,False
huashang,000253.png,952,576,8814,637,0.268908,256,155,0,50,False
huashang,000254.png,952,576,6965,532,0.268908,256,155,0,50,False
huashang,000255.png,952,576,7055,505,0.268908,256,155,0,50,False
huashang,000256.png,952,576,10223,724,0.268908,256,155,0,50,False
huashang,000257.png,952,576,3605,266,0.268908,256,155,0,50,False
huashang,000258.png,952,576,4943,377,0.268908,256,155,0,50,False
huashang,000259.png,952,576,7627,558,0.268908,256,155,0,50,False
huashang,000260.png,952,576,9201,660,0.268908,256,155,0,50,False
huashang,000261.png,952,576,2432,167,0.268908,256,155,0,50,False
huashang,000262.png,952,576,4828,349,0.268908,256,155,0,50,False
huashang,000263.png,952,576,1674,123,0.268908,256,155,0,50,False
huashang,000264.png,952,576,1522,104,0.268908,256,155,0,50,False
huashang,000265.png,952,576,4200,326,0.268908,256,155,0,50,False
huashang,000266.png,952,576,2371,170,0.268908,256,155,0,50,False
huashang,000267.png,952,576,1500,106,0.268908,256,155,0,50,False
huashang,000268.png,952,576,2366,195,0.268908,256,155,0,50,False
huashang,000269.png,952,576,1696,117,0.268908,256,155,0,50,False
huashang,000270.png,952,576,2383,170,0.268908,256,155,0,50,False
huashang,000271.png,952,576,1781,120,0.268908,256,155,0,50,False
huashang,000272.png,952,576,1646,114,0.268908,256,155,0,50,False
huashang,000273.png,952,576,1670,118,0.268908,256,155,0,50,False
huashang,000274.png,952,576,3465,265,0.268908,256,155,0,50,False
huashang,000275.png,952,576,881,60,0.268908,256,155,0,50,False
huashang,000276.png,952,576,8907,618,0.268908,256,155,0,50,False
huashang,000277.png,952,576,22535,1643,0.268908,256,155,0,50,False
huashang,000278.png,952,576,7585,547,0.268908,256,155,0,50,False
huashang,000279.png,952,576,8040,592,0.268908,256,155,0,50,False
huashang,000280.png,952,576,19802,1433,0.268908,256,155,0,50,False
huashang,000281.png,952,576,6400,467,0.268908,256,155,0,50,False
huashang,000282.png,952,576,10476,756,0.268908,256,155,0,50,False
huashang,000283.png,952,576,5518,395,0.268908,256,155,0,50,False
huashang,000284.png,952,576,2216,163,0.268908,256,155,0,50,False
huashang,000285.png,952,576,3240,222,0.268908,256,155,0,50,False
huashang,000286.png,952,576,2143,155,0.268908,256,155,0,50,False
huashang,000287.png,952,576,1522,113,0.268908,256,155,0,50,False
huashang,000288.png,952,576,887,65,0.268908,256,155,0,50,False
huashang,000289.png,952,576,1656,107,0.268908,256,155,0,50,False
huashang,000290.png,952,576,1670,133,0.268908,256,155,0,50,False
huashang,000291.png,952,576,4762,312,0.268908,256,155,0,50,False
huashang,000292.png,952,576,6695,470,0.268908,256,155,0,50,False
huashang,000293.png,952,576,7706,536,0.268908,256,155,0,50,False
huashang,000294.png,952,576,15534,1075,0.268908,256,155,0,50,False
huashang,000295.png,952,576,12544,895,0.268908,256,155,0,50,False
huashang,000296.png,952,576,4837,339,0.268908,256,155,0,50,False
huashang,000297.png,952,576,5208,406,0.268908,256,155,0,50,False
huashang,000298.png,952,576,12324,897,0.268908,256,155,0,50,False
huashang,000299.png,952,576,12919,889,0.268908,256,155,0,50,False
huashang,000300.png,952,576,7207,542,0.268908,256,155,0,50,False
huashang,000301.png,952,576,7382,534,0.268908,256,155,0,50,False
huashang,000302.png,952,576,5786,433,0.268908,256,155,0,50,False
huashang,000303.png,952,576,11385,828,0.268908,256,155,0,50,False
huashang,000304.png,952,576,10166,730,0.268908,256,155,0,50,False
huashang,000305.png,952,576,12884,943,0.268908,256,155,0,50,False
huashang,000306.png,952,576,5009,360,0.268908,256,155,0,50,False
huashang,000307.png,952,576,3907,284,0.268908,256,155,0,50,False
huashang,000308.png,952,576,8297,586,0.268908,256,155,0,50,False
huashang,000309.png,952,576,10295,745,0.268908,256,155,0,50,False
huashang,000310.png,952,576,10887,804,0.268908,256,155,0,50,False
huashang,000311.png,952,576,10310,740,0.268908,256,155,0,50,False
huashang,000312.png,952,576,5057,365,0.268908,256,155,0,50,False
huashang,000313.png,952,576,10125,732,0.268908,256,155,0,50,False
huashang,000314.png,952,576,20122,1434,0.268908,256,155,0,50,False
huashang,000315.png,952,576,4513,325,0.268908,256,155,0,50,False
huashang,000316.png,952,576,13513,978,0.268908,256,155,0,50,False
huashang,000317.png,952,576,8284,593,0.268908,256,155,0,50,False
huashang,000318.png,952,576,8878,650,0.268908,256,155,0,50,False
huashang,000319.png,952,576,10994,819,0.268908,256,155,0,50,False
huashang,000320.png,952,576,19936,1442,0.268908,256,155,0,50,False
huashang,000321.png,952,576,4225,310,0.268908,256,155,0,50,False
huashang,000322.png,952,576,3565,259,0.268908,256,155,0,50,False
huashang,000323.png,952,576,3796,277,0.268908,256,155,0,50,False
huashang,000324.png,952,576,3525,254,0.268908,256,155,0,50,False
huashang,000325.png,952,576,1970,140,0.268908,256,155,0,50,False
huashang,000326.png,952,576,3407,252,0.268908,256,155,0,50,False
huashang,000327.png,952,576,2548,180,0.268908,256,155,0,50,False
huashang,000328.png,952,576,3070,202,0.268908,256,155,0,50,False
huashang,000329.png,952,576,2256,164,0.268908,256,155,0,50,False
liangying,000000.png,1024,1024,66104,4107,0.250000,256,256,0,0,False
liangying,000001.png,1024,1024,159515,9950,0.250000,256,256,0,0,False
liangying,000002.png,1024,1024,516831,32266,0.250000,256,256,0,0,False
liangying,000003.png,1024,1024,370,22,0.250000,256,256,0,0,False
liangying,000004.png,1024,1024,55464,3445,0.250000,256,256,0,0,False
liangying,000005.png,1024,1024,71454,4474,0.250000,256,256,0,0,False
liangying,000006.png,1024,1024,303513,18925,0.250000,256,256,0,0,False
liangying,000007.png,1024,1024,105559,6584,0.250000,256,256,0,0,False
liangying,000008.png,1024,1024,329549,20563,0.250000,256,256,0,0,False
liangying,000009.png,1024,1024,14973,927,0.250000,256,256,0,0,False
liangying,000010.png,1024,1024,61975,3860,0.250000,256,256,0,0,False
liangying,000011.png,1024,1024,15162,945,0.250000,256,256,0,0,False
liangying,000012.png,1024,1024,3644,218,0.250000,256,256,0,0,False
liangying,000013.png,1024,1024,124499,7796,0.250000,256,256,0,0,False
liangying,000014.png,1024,1024,122176,7615,0.250000,256,256,0,0,False
liangying,000015.png,1024,1024,52456,3285,0.250000,256,256,0,0,False
liangying,000016.png,1024,1024,34943,2186,0.250000,256,256,0,0,False
liangying,000017.png,1024,1024,30203,1901,0.250000,256,256,0,0,False
liangying,000018.png,1024,1024,116429,7271,0.250000,256,256,0,0,False
liangying,000019.png,1024,1024,21537,1357,0.250000,256,256,0,0,False
liangying,000020.png,1024,1024,45267,2841,0.250000,256,256,0,0,False
liangying,000021.png,1024,1024,25617,1606,0.250000,256,256,0,0,False
liangying,000022.png,1024,1024,101515,6356,0.250000,256,256,0,0,False
liangying,000023.png,1024,1024,35736,2232,0.250000,256,256,0,0,False
liangying,000024.png,1024,1024,269640,16873,0.250000,256,256,0,0,False
liangying,000025.png,1024,1024,215438,13416,0.250000,256,256,0,0,False
liangying,000026.png,1024,1024,136430,8507,0.250000,256,256,0,0,False
liangying,000027.png,1024,1024,43488,2726,0.250000,256,256,0,0,False
liangying,000028.png,1024,1024,199749,12505,0.250000,256,256,0,0,False
liangying,000029.png,1024,1024,932,61,0.250000,256,256,0,0,False
liangying,000030.png,1024,1024,296236,18508,0.250000,256,256,0,0,False
liangying,000031.png,1024,1024,489918,30608,0.250000,256,256,0,0,False
liangying,000032.png,1024,1024,214580,13325,0.250000,256,256,0,0,False
liangying,000033.png,1024,1024,380485,23714,0.250000,256,256,0,0,False
liangying,000034.png,1024,1024,139516,8662,0.250000,256,256,0,0,False
liangying,000035.png,1024,1024,201629,12549,0.250000,256,256,0,0,False
liangying,000036.png,1024,1024,386557,24101,0.250000,256,256,0,0,False
liangying,000037.png,1024,1024,474562,29603,0.250000,256,256,0,0,False
liangying,000038.png,1024,1024,105850,6637,0.250000,256,256,0,0,False
liangying,000039.png,1024,1024,320356,19971,0.250000,256,256,0,0,False
liangying,000040.png,1024,1024,227176,14192,0.250000,256,256,0,0,False
liangying,000041.png,1024,1024,172656,10799,0.250000,256,256,0,0,False
liangying,000042.png,1024,1024,232357,14525,0.250000,256,256,0,0,False
liangying,000043.png,1024,1024,247763,15523,0.250000,256,256,0,0,False
liangying,000044.png,1024,1024,95651,5922,0.250000,256,256,0,0,False
liangying,000045.png,1024,1024,27189,1678,0.250000,256,256,0,0,False
liangying,000046.png,1024,1024,117845,7378,0.250000,256,256,0,0,False
liangying,000047.png,1024,1024,452271,28294,0.250000,256,256,0,0,False
liangying,000048.png,1024,1024,51786,3251,0.250000,256,256,0,0,False
liangying,000049.png,1024,1024,78847,4932,0.250000,256,256,0,0,False
liangying,000050.png,1024,1024,27450,1704,0.250000,256,256,0,0,False
liangying,000051.png,1024,1024,60236,3767,0.250000,256,256,0,0,False
liangying,000052.png,1024,1024,33502,2081,0.250000,256,256,0,0,False
liangying,000053.png,1024,1024,74450,4675,0.250000,256,256,0,0,False
liangying,000054.png,1024,1024,64777,4045,0.250000,256,256,0,0,False
liangying,000055.png,1024,1024,47681,2984,0.250000,256,256,0,0,False
liangying,000056.png,1024,1024,349035,21852,0.250000,256,256,0,0,False
liangying,000057.png,1024,1024,6597,413,0.250000,256,256,0,0,False
pengshang,000000.png,768,288,86,8,0.333333,256,96,0,80,False
pengshang,000001.png,1024,1024,241,12,0.250000,256,256,0,0,False
pengshang,000002.png,1024,1024,394,26,0.250000,256,256,0,0,False
pengshang,000003.png,1024,1024,294,19,0.250000,256,256,0,0,False
pengshang,000004.png,1024,1024,223,14,0.250000,256,256,0,0,False
pengshang,000005.png,1024,1024,370,23,0.250000,256,256,0,0,False
pengshang,000006.png,1024,1024,212,14,0.250000,256,256,0,0,False
pengshang,000007.png,1024,1024,574,35,0.250000,256,256,0,0,False
pengshang,000008.png,1024,1024,574,35,0.250000,256,256,0,0,False
pengshang,000009.png,1024,1024,162,10,0.250000,256,256,0,0,False
pengshang,000010.png,1024,1024,135,8,0.250000,256,256,0,0,False
pengshang,000011.png,1024,1024,225,16,0.250000,256,256,0,0,False
pengshang,000012.png,1024,1024,133,8,0.250000,256,256,0,0,False
pengshang,000013.png,1024,1024,1234,77,0.250000,256,256,0,0,False
pengshang,000014.png,1024,1024,282,18,0.250000,256,256,0,0,False
shuiyin,000000.png,1024,1024,11109,683,0.250000,256,256,0,0,False
shuiyin,000001.png,1024,1024,4429,280,0.250000,256,256,0,0,False
shuiyin,000002.png,1024,1024,9577,602,0.250000,256,256,0,0,False
shuiyin,000003.png,1024,1024,28740,1756,0.250000,256,256,0,0,False
shuiyin,000004.png,1024,1024,1844,118,0.250000,256,256,0,0,False
shuiyin,000005.png,1024,1024,8106,506,0.250000,256,256,0,0,False
shuiyin,000006.png,1024,1024,10510,658,0.250000,256,256,0,0,False
shuiyin,000007.png,1024,1024,25406,1590,0.250000,256,256,0,0,False
shuiyin,000008.png,1024,1024,8806,548,0.250000,256,256,0,0,False
shuiyin,000009.png,1024,1024,10346,657,0.250000,256,256,0,0,False
shuiyin,000010.png,1024,1024,3290,209,0.250000,256,256,0,0,False
shuiyin,000011.png,1024,1024,10735,675,0.250000,256,256,0,0,False
shuiyin,000012.png,1024,1024,4869,305,0.250000,256,256,0,0,False
shuiyin,000013.png,1024,1024,7852,499,0.250000,256,256,0,0,False
shuiyin,000014.png,1024,1024,14029,872,0.250000,256,256,0,0,False
shuiyin,000015.png,1024,1024,5706,348,0.250000,256,256,0,0,False
shuiyin,000016.png,1024,1024,17219,1077,0.250000,256,256,0,0,False
shuiyin,000017.png,1024,1024,9619,612,0.250000,256,256,0,0,False
shuiyin,000018.png,1024,1024,7202,445,0.250000,256,256,0,0,False
shuiyin,000019.png,1024,1024,5892,363,0.250000,256,256,0,0,False
shuiyin,000020.png,1024,1024,19401,1211,0.250000,256,256,0,0,False
shuiyin,000021.png,1024,1024,14923,937,0.250000,256,256,0,0,False
shuiyin,000022.png,1024,1024,4164,260,0.250000,256,256,0,0,False
shuiyin,000023.png,1024,1024,14877,937,0.250000,256,256,0,0,False
shuiyin,000024.png,1024,1024,15745,975,0.250000,256,256,0,0,False
shuiyin,000025.png,1024,1024,3732,228,0.250000,256,256,0,0,False
shuiyin,000026.png,1024,1024,18712,1175,0.250000,256,256,0,0,False
shuiyin,000027.png,1024,1024,13050,814,0.250000,256,256,0,0,False
shuiyin,000028.png,1024,1024,20707,1291,0.250000,256,256,0,0,False
shuiyin,000029.png,1024,1024,10631,657,0.250000,256,256,0,0,False
shuiyin,000030.png,1024,1024,14088,882,0.250000,256,256,0,0,False
shuiyin,000031.png,1024,1024,5496,338,0.250000,256,256,0,0,False
shuiyin,000032.png,1024,1024,60336,3796,0.250000,256,256,0,0,False
shuiyin,000033.png,1024,1024,71960,4502,0.250000,256,256,0,0,False
shuiyin,000034.png,1024,1024,6530,410,0.250000,256,256,0,0,False
shuiyin,000035.png,1024,1024,8517,530,0.250000,256,256,0,0,False
shuiyin,000036.png,1024,1024,9525,599,0.250000,256,256,0,0,False
shuiyin,000037.png,1024,1024,13993,868,0.250000,256,256,0,0,False
shuiyin,000038.png,1024,1024,15193,938,0.250000,256,256,0,0,False
shuiyin,000039.png,1024,1024,7592,468,0.250000,256,256,0,0,False
shuiyin,000040.png,1024,1024,17605,1111,0.250000,256,256,0,0,False
shuiyin,000041.png,1024,1024,3957,250,0.250000,256,256,0,0,False
shuiyin,000042.png,1024,1024,10496,654,0.250000,256,256,0,0,False
shuiyin,000043.png,1024,1024,3982,248,0.250000,256,256,0,0,False
shuiyin,000044.png,1024,1024,9445,595,0.250000,256,256,0,0,False
shuiyin,000045.png,1024,1024,16877,1063,0.250000,256,256,0,0,False
shuiyin,000046.png,1024,1024,3775,235,0.250000,256,256,0,0,False
shuiyin,000047.png,1024,1024,13048,826,0.250000,256,256,0,0,False
shuiyin,000048.png,1024,1024,5211,325,0.250000,256,256,0,0,False
shuiyin,000049.png,1024,1024,8424,523,0.250000,256,256,0,0,False
shuiyin,000050.png,1024,1024,9887,618,0.250000,256,256,0,0,False
shuiyin,000051.png,1024,1024,13142,816,0.250000,256,256,0,0,False
shuiyin,000052.png,1024,1024,7359,459,0.250000,256,256,0,0,False
shuiyin,000053.png,1024,1024,4524,280,0.250000,256,256,0,0,False
shuiyin,000054.png,1024,1024,17763,1109,0.250000,256,256,0,0,False
shuiyin,000055.png,1024,1024,13071,816,0.250000,256,256,0,0,False
shuiyin,000056.png,1024,1024,7710,485,0.250000,256,256,0,0,False
shuiyin,000057.png,1024,1024,20111,1271,0.250000,256,256,0,0,False
shuiyin,000058.png,1024,1024,3628,227,0.250000,256,256,0,0,False
shuiyin,000059.png,1024,1024,1541,100,0.250000,256,256,0,0,False
shuiyin,000060.png,1024,1024,8370,522,0.250000,256,256,0,0,False
shuiyin,000061.png,1024,1024,6877,424,0.250000,256,256,0,0,False
shuiyin,000062.png,1024,1024,7466,468,0.250000,256,256,0,0,False
shuiyin,000063.png,1024,1024,23333,1464,0.250000,256,256,0,0,False
shuiyin,000064.png,1024,1024,9218,578,0.250000,256,256,0,0,False
shuiyin,000065.png,1024,1024,8892,565,0.250000,256,256,0,0,False
shuiyin,000066.png,1024,1024,18565,1177,0.250000,256,256,0,0,False
shuiyin,000067.png,1024,1024,12833,805,0.250000,256,256,0,0,False
shuiyin,000068.png,1024,1024,12904,801,0.250000,256,256,0,0,False
shuiyin,000069.png,1024,1024,5696,360,0.250000,256,256,0,0,False
shuiyin,000070.png,1024,1024,8011,506,0.250000,256,256,0,0,False
shuiyin,000071.png,1024,1024,11602,727,0.250000,256,256,0,0,False
shuiyin,000072.png,1024,1024,18272,1151,0.250000,256,256,0,0,False
shuiyin,000073.png,1024,1024,12587,784,0.250000,256,256,0,0,False
shuiyin,000074.png,1024,1024,5722,360,0.250000,256,256,0,0,False
shuiyin,000075.png,1024,1024,16347,1007,0.250000,256,256,0,0,False
shuiyin,000076.png,1024,1024,8962,563,0.250000,256,256,0,0,False
shuiyin,000077.png,1024,1024,12648,791,0.250000,256,256,0,0,False
shuiyin,000078.png,1024,1024,4381,272,0.250000,256,256,0,0,False
shuiyin,000079.png,1024,1024,4415,287,0.250000,256,256,0,0,False
shuiyin,000080.png,1024,1024,20069,1268,0.250000,256,256,0,0,False
shuiyin,000081.png,1024,1024,1708,104,0.250000,256,256,0,0,False
shuiyin,000082.png,1024,1024,4086,261,0.250000,256,256,0,0,False
shuiyin,000083.png,1024,1024,5621,353,0.250000,256,256,0,0,False
shuiyin,000084.png,1024,1024,10420,644,0.250000,256,256,0,0,False
shuiyin,000085.png,1024,1024,3416,213,0.250000,256,256,0,0,False
shuiyin,000086.png,1024,1024,1250,79,0.250000,256,256,0,0,False
shuiyin,000087.png,1024,1024,5860,361,0.250000,256,256,0,0,False
shuiyin,000088.png,1024,1024,2802,177,0.250000,256,256,0,0,False
shuiyin,000089.png,1024,1024,5713,352,0.250000,256,256,0,0,False
shuiyin,000090.png,1024,1024,8036,506,0.250000,256,256,0,0,False
shuiyin,000091.png,1024,1024,5091,314,0.250000,256,256,0,0,False
yashang,000000.png,1024,1024,1111,73,0.250000,256,256,0,0,False
yashang,000001.png,1024,1024,3899,245,0.250000,256,256,0,0,False
yashang,000002.png,1024,1024,3067,194,0.250000,256,256,0,0,False
yashang,000003.png,1024,1024,1073,68,0.250000,256,256,0,0,False
yashang,000004.png,1024,1024,2936,186,0.250000,256,256,0,0,False
yashang,000005.png,1024,1024,1558,99,0.250000,256,256,0,0,False
yashang,000006.png,1024,1024,2364,148,0.250000,256,256,0,0,False
yashang,000007.png,1024,1024,3039,194,0.250000,256,256,0,0,False
yashang,000008.png,1024,1024,1097,66,0.250000,256,256,0,0,False
yashang,000009.png,1024,1024,1913,120,0.250000,256,256,0,0,False
yashang,000010.png,1024,1024,1309,83,0.250000,256,256,0,0,False
yashang,000011.png,1024,1024,1449,90,0.250000,256,256,0,0,False
yashang,000012.png,1024,1024,950,59,0.250000,256,256,0,0,False
yashang,000013.png,1024,1024,2298,144,0.250000,256,256,0,0,False
yashang,000014.png,1024,1024,2039,127,0.250000,256,256,0,0,False
yashang,000015.png,1024,1024,1984,125,0.250000,256,256,0,0,False
yashang,000016.png,1024,1024,1902,122,0.250000,256,256,0,0,False
yashang,000017.png,1024,1024,1236,79,0.250000,256,256,0,0,False
yashang,000018.png,1024,1024,1956,121,0.250000,256,256,0,0,False
yashang,000019.png,1024,1024,1179,72,0.250000,256,256,0,0,False
yashang,000020.png,1024,1024,2933,179,0.250000,256,256,0,0,False
yashang,000021.png,624,576,1646,271,0.410256,256,236,0,10,False
yashang,000022.png,952,576,1321,95,0.268908,256,155,0,50,False
yashang,000023.png,768,288,234,23,0.333333,256,96,0,80,False
yashang,000024.png,768,288,2704,299,0.333333,256,96,0,80,False
yashang,000025.png,768,288,549,62,0.333333,256,96,0,80,False
yashang,000026.png,768,288,650,74,0.333333,256,96,0,80,False
yashang,000027.png,768,288,882,99,0.333333,256,96,0,80,False
yashang,000028.png,1024,1024,2031,127,0.250000,256,256,0,0,False
yashang,000029.png,1024,1024,912,57,0.250000,256,256,0,0,False
yashang,000030.png,1024,1024,690,44,0.250000,256,256,0,0,False
yashang,000031.png,1024,1024,744,50,0.250000,256,256,0,0,False
yashang,000032.png,1024,1024,1278,80,0.250000,256,256,0,0,False
yashang,000033.png,1024,1024,906,54,0.250000,256,256,0,0,False
yashang,000034.png,1024,1024,1325,80,0.250000,256,256,0,0,False
yashang,000035.png,1024,1024,692,45,0.250000,256,256,0,0,False
yashang,000036.png,1024,1024,450,26,0.250000,256,256,0,0,False
yashang,000037.png,1024,1024,1161,72,0.250000,256,256,0,0,False
yashang,000038.png,1024,1024,1664,105,0.250000,256,256,0,0,False
yashang,000039.png,1024,1024,725,43,0.250000,256,256,0,0,False
yashang,000040.png,1024,1024,2589,164,0.250000,256,256,0,0,False
yashang,000041.png,1024,1024,753,47,0.250000,256,256,0,0,False
yashang,000042.png,1024,1024,3369,211,0.250000,256,256,0,0,False
yashang,000043.png,1024,1024,985,61,0.250000,256,256,0,0,False
yashang,000044.png,1024,1024,296,19,0.250000,256,256,0,0,False
yashang,000045.png,1024,1024,680,44,0.250000,256,256,0,0,False
yashang,000046.png,1024,1024,881,55,0.250000,256,256,0,0,False
yashang,000047.png,1024,1024,725,46,0.250000,256,256,0,0,False
yashang,000048.png,1024,1024,1480,92,0.250000,256,256,0,0,False
yashang,000049.png,1024,1024,872,55,0.250000,256,256,0,0,False
yashang,000050.png,1024,1024,2697,170,0.250000,256,256,0,0,False
yashang,000051.png,1024,1024,718,45,0.250000,256,256,0,0,False
yashang,000052.png,1024,1024,718,45,0.250000,256,256,0,0,False
yashang,000053.png,1024,1024,991,62,0.250000,256,256,0,0,False
yashang,000054.png,1024,1024,1767,111,0.250000,256,256,0,0,False
yashang,000055.png,1024,1024,535,33,0.250000,256,256,0,0,False
yashang,000056.png,1024,1024,1064,65,0.250000,256,256,0,0,False
yashang,000057.png,1024,1024,1558,94,0.250000,256,256,0,0,False
yashang,000058.png,1024,1024,724,45,0.250000,256,256,0,0,False
yashang,000059.png,1024,1024,1038,66,0.250000,256,256,0,0,False
yashang,000060.png,1024,1024,2582,160,0.250000,256,256,0,0,False
yashang,000061.png,1024,1024,1043,65,0.250000,256,256,0,0,False
yashang,000062.png,1024,1024,788,47,0.250000,256,256,0,0,False
yashang,000063.png,1024,1024,1255,79,0.250000,256,256,0,0,False
yashang,000064.png,1024,1024,1259,82,0.250000,256,256,0,0,False
yashang,000065.png,1024,1024,859,53,0.250000,256,256,0,0,False
yashang,000066.png,1024,1024,688,45,0.250000,256,256,0,0,False
yashang,000067.png,1024,1024,1607,100,0.250000,256,256,0,0,False
yashang,000068.png,1024,1024,2083,131,0.250000,256,256,0,0,False
yashang,000069.png,1024,1024,876,56,0.250000,256,256,0,0,False
yashang,000070.png,1024,1024,1517,93,0.250000,256,256,0,0,False
yashang,000071.png,1024,1024,582,36,0.250000,256,256,0,0,False
yashang,000072.png,1024,1024,596,38,0.250000,256,256,0,0,False
yashang,000073.png,1024,1024,2613,161,0.250000,256,256,0,0,False
yashang,000074.png,1024,1024,919,57,0.250000,256,256,0,0,False
yashang,000075.png,1024,1024,891,57,0.250000,256,256,0,0,False
yashang,000076.png,1024,1024,1676,105,0.250000,256,256,0,0,False
yashang,000077.png,1024,1024,717,45,0.250000,256,256,0,0,False
yashang,000078.png,1024,1024,867,56,0.250000,256,256,0,0,False
yashang,000079.png,1024,1024,436,28,0.250000,256,256,0,0,False
yashang,000080.png,1024,1024,840,51,0.250000,256,256,0,0,False
yashang,000081.png,1024,1024,689,45,0.250000,256,256,0,0,False
yashang,000082.png,1024,1024,725,45,0.250000,256,256,0,0,False
yashang,000083.png,1024,1024,1150,70,0.250000,256,256,0,0,False
yashang,000084.png,1024,1024,692,42,0.250000,256,256,0,0,False
yashang,000085.png,1024,1024,725,47,0.250000,256,256,0,0,False
yashang,000086.png,1024,1024,394,24,0.250000,256,256,0,0,False
yashang,000087.png,1024,1024,839,53,0.250000,256,256,0,0,False
yashang,000088.png,1024,1024,2079,130,0.250000,256,256,0,0,False
yashang,000089.png,1024,1024,2242,141,0.250000,256,256,0,0,False
yashang,000090.png,1024,1024,590,36,0.250000,256,256,0,0,False
yashang,000091.png,1024,1024,756,46,0.250000,256,256,0,0,False
yashang,000092.png,1024,1024,595,39,0.250000,256,256,0,0,False
yashang,000093.png,688,288,818,114,0.372093,256,107,0,74,False
yashang,000094.png,688,288,3681,507,0.372093,256,107,0,74,False
yashang,000095.png,1024,1024,1185,77,0.250000,256,256,0,0,False
yashang,000096.png,1024,1024,1042,61,0.250000,256,256,0,0,False
yashang,000097.png,1024,1024,1250,79,0.250000,256,256,0,0,False
yashang,000098.png,1024,1024,643,40,0.250000,256,256,0,0,False
yashang,000099.png,720,288,1044,127,0.355556,256,102,0,77,False
yashang,000100.png,720,288,2677,341,0.355556,256,102,0,77,False
yashang,000101.png,720,288,452,55,0.355556,256,102,0,77,False
yashang,000102.png,720,288,1292,159,0.355556,256,102,0,77,False
yashang,000103.png,720,288,690,82,0.355556,256,102,0,77,False
yashang,000104.png,720,288,515,63,0.355556,256,102,0,77,False
yashang,000105.png,720,288,610,75,0.355556,256,102,0,77,False
yashang,000106.png,720,288,732,93,0.355556,256,102,0,77,False
yashang,000107.png,448,288,504,165,0.571429,256,165,0,45,False
yashang,000108.png,448,288,948,314,0.571429,256,165,0,45,False
yashang,000109.png,448,288,798,263,0.571429,256,165,0,45,False
yashang,000110.png,952,576,789,59,0.268908,256,155,0,50,False
yashang,000111.png,768,288,682,76,0.333333,256,96,0,80,False
yashang,000112.png,768,288,1974,220,0.333333,256,96,0,80,False
yashang,000113.png,768,288,1145,127,0.333333,256,96,0,80,False
yashang,000114.png,1024,1024,2239,139,0.250000,256,256,0,0,False
yashang,000115.png,1024,1024,1225,76,0.250000,256,256,0,0,False
yashang,000116.png,1024,1024,994,61,0.250000,256,256,0,0,False
yashang,000117.png,1024,1024,56,4,0.250000,256,256,0,0,False
yashang,000118.png,1024,1024,789,48,0.250000,256,256,0,0,False
yashang,000119.png,1024,1024,1074,65,0.250000,256,256,0,0,False
yashang,000120.png,1024,1024,1359,86,0.250000,256,256,0,0,False
yashang,000121.png,1024,1024,2515,154,0.250000,256,256,0,0,False
yashang,000122.png,1024,1024,860,51,0.250000,256,256,0,0,False
yashang,000123.png,1024,1024,1318,78,0.250000,256,256,0,0,False
yashang,000124.png,1024,1024,1556,97,0.250000,256,256,0,0,False
yashang,000125.png,688,288,1594,222,0.372093,256,107,0,74,False
yashang,000126.png,688,288,379,55,0.372093,256,107,0,74,False
yashang,000127.png,688,288,689,96,0.372093,256,107,0,74,False
yashang,000128.png,1024,1024,2301,142,0.250000,256,256,0,0,False
yashang,000129.png,1024,1024,1433,92,0.250000,256,256,0,0,False
yashang,000130.png,1024,1024,905,56,0.250000,256,256,0,0,False
yashang,000131.png,1024,1024,934,58,0.250000,256,256,0,0,False
yashang,000132.png,1024,1024,2082,127,0.250000,256,256,0,0,False
yashang,000133.png,950,800,928,72,0.269474,256,216,0,20,False
yashang,000134.png,950,800,1779,126,0.269474,256,216,0,20,False
yashang,000135.png,950,800,937,69,0.269474,256,216,0,20,False
yashang,000136.png,950,800,878,64,0.269474,256,216,0,20,False
yashang,000137.png,950,800,930,68,0.269474,256,216,0,20,False
yashang,000138.png,950,800,1089,80,0.269474,256,216,0,20,False
yashang,000139.png,950,800,1171,82,0.269474,256,216,0,20,False
yashang,000140.png,950,800,929,62,0.269474,256,216,0,20,False
yashang,000141.png,950,800,1226,86,0.269474,256,216,0,20,False
yashang,000142.png,950,800,1032,76,0.269474,256,216,0,20,False
yashang,000143.png,950,800,825,65,0.269474,256,216,0,20,False
yashang,000144.png,950,800,847,59,0.269474,256,216,0,20,False
yashang,000145.png,950,800,1178,84,0.269474,256,216,0,20,False
yashang,000146.png,950,800,1324,94,0.269474,256,216,0,20,False
yashang,000147.png,950,800,756,54,0.269474,256,216,0,20,False
yashang,000148.png,950,800,665,47,0.269474,256,216,0,20,False
yashang,000149.png,950,800,997,72,0.269474,256,216,0,20,False
yashang,000150.png,950,800,915,68,0.269474,256,216,0,20,False
yashang,000151.png,950,800,937,64,0.269474,256,216,0,20,False
yashang,000152.png,950,800,937,70,0.269474,256,216,0,20,False
yashang,000153.png,950,800,1923,139,0.269474,256,216,0,20,False
yashang,000154.png,950,800,900,69,0.269474,256,216,0,20,False
yashang,000155.png,950,800,1118,81,0.269474,256,216,0,20,False
yashang,000156.png,950,800,1725,121,0.269474,256,216,0,20,False
yashang,000157.png,950,800,1524,109,0.269474,256,216,0,20,False
yashang,000158.png,950,800,1521,114,0.269474,256,216,0,20,False
yashang,000159.png,950,800,1246,92,0.269474,256,216,0,20,False
yashang,000160.png,950,800,1244,93,0.269474,256,216,0,20,False
yashang,000161.png,950,800,1068,76,0.269474,256,216,0,20,False
yashang,000162.png,950,800,722,51,0.269474,256,216,0,20,False
yashang,000163.png,950,800,704,50,0.269474,256,216,0,20,False
yashang,000164.png,950,800,1022,73,0.269474,256,216,0,20,False
yashang,000165.png,950,800,1803,135,0.269474,256,216,0,20,False
yashang,000166.png,950,800,1275,93,0.269474,256,216,0,20,False
yashang,000167.png,952,576,7180,512,0.268908,256,155,0,50,False
yashang,000168.png,952,576,688,49,0.268908,256,155,0,50,False
yashang,000169.png,720,288,1396,172,0.355556,256,102,0,77,False
yashang,000170.png,720,288,774,92,0.355556,256,102,0,77,False
yashang,000171.png,720,288,1902,234,0.355556,256,102,0,77,False
yashang,000172.png,720,288,2632,328,0.355556,256,102,0,77,False
yashang,000173.png,720,288,1197,141,0.355556,256,102,0,77,False
yashang,000174.png,720,288,207,24,0.355556,256,102,0,77,False
yashang,000175.png,720,288,2657,337,0.355556,256,102,0,77,False
yashang,000176.png,720,288,882,97,0.355556,256,102,0,77,False
yashang,000177.png,720,288,1571,196,0.355556,256,102,0,77,False
yashang,000178.png,720,288,1528,186,0.355556,256,102,0,77,False
yashang,000179.png,720,288,1639,206,0.355556,256,102,0,77,False
yashang,000180.png,720,288,336,43,0.355556,256,102,0,77,False
yashang,000181.png,720,288,284,30,0.355556,256,102,0,77,False
yashang,000182.png,720,288,460,53,0.355556,256,102,0,77,False
yashang,000183.png,720,288,720,93,0.355556,256,102,0,77,False
yashang,000184.png,720,288,1519,193,0.355556,256,102,0,77,False
yashang,000185.png,720,288,974,121,0.355556,256,102,0,77,False
yashang,000186.png,720,288,1096,139,0.355556,256,102,0,77,False
yashang,000187.png,720,288,1965,240,0.355556,256,102,0,77,False
yashang,000188.png,720,288,793,99,0.355556,256,102,0,77,False
yashang,000189.png,720,288,286,31,0.355556,256,102,0,77,False
yashang,000190.png,720,288,1542,185,0.355556,256,102,0,77,False
yashang,000191.png,720,288,1685,212,0.355556,256,102,0,77,False
yashang,000192.png,720,288,1007,118,0.355556,256,102,0,77,False
yashang,000193.png,720,288,1064,127,0.355556,256,102,0,77,False
yashang,000194.png,720,288,571,66,0.355556,256,102,0,77,False
yashang,000195.png,720,288,520,64,0.355556,256,102,0,77,False
yashang,000196.png,720,288,373,39,0.355556,256,102,0,77,False
yashang,000197.png,720,288,1096,139,0.355556,256,102,0,77,False
yashang,000198.png,720,288,1786,225,0.355556,256,102,0,77,False
yashang,000199.png,720,288,804,103,0.355556,256,102,0,77,False
yashang,000200.png,720,288,798,97,0.355556,256,102,0,77,False
yashang,000201.png,800,288,761,77,0.320000,256,92,0,82,False
yashang,000202.png,800,288,537,55,0.320000,256,92,0,82,False
yashang,000203.png,800,288,1561,157,0.320000,256,92,0,82,False
yashang,000204.png,800,288,764,80,0.320000,256,92,0,82,False
yashang,000205.png,800,288,1267,130,0.320000,256,92,0,82,False
yashang,000206.png,400,288,2042,840,0.640000,256,184,0,36,False
yashang,000207.png,952,576,2156,154,0.268908,256,155,0,50,False
yashang,000208.png,720,288,2334,297,0.355556,256,102,0,77,False
yashang,000209.png,720,288,304,36,0.355556,256,102,0,77,False
yashang,000210.png,720,288,389,49,0.355556,256,102,0,77,False
yashang,000211.png,720,288,815,106,0.355556,256,102,0,77,False
yashang,000212.png,952,576,994,69,0.268908,256,155,0,50,False
yashang,000213.png,952,576,1078,80,0.268908,256,155,0,50,False
yashang,000214.png,952,576,1425,100,0.268908,256,155,0,50,False
yashang,000215.png,952,576,1479,101,0.268908,256,155,0,50,False
yashang,000216.png,950,800,1844,132,0.269474,256,216,0,20,False
yashang,000217.png,950,800,2146,158,0.269474,256,216,0,20,False
yashang,000218.png,950,800,1217,91,0.269474,256,216,0,20,False
yashang,000219.png,950,800,1210,87,0.269474,256,216,0,20,False
yashang,000220.png,600,576,432,80,0.426667,256,246,0,5,False
yashang,000221.png,600,576,636,114,0.426667,256,246,0,5,False
yashang,000222.png,952,576,762,55,0.268908,256,155,0,50,False
yashang,000223.png,600,576,1803,323,0.426667,256,246,0,5,False
yashang,000224.png,600,576,700,124,0.426667,256,246,0,5,False
yise,000000.png,1024,1024,267971,16763,0.250000,256,256,0,0,False
yise,000001.png,1024,1024,137444,8608,0.250000,256,256,0,0,False
yise,000002.png,1024,1024,2403,145,0.250000,256,256,0,0,False
yise,000003.png,1024,1024,3784,237,0.250000,256,256,0,0,False
yise,000004.png,1024,1024,20482,1282,0.250000,256,256,0,0,False
yise,000005.png,1024,1024,62862,3925,0.250000,256,256,0,0,False
yise,000006.png,1024,1024,12950,813,0.250000,256,256,0,0,False
yise,000007.png,1024,1024,125469,7853,0.250000,256,256,0,0,False
yise,000008.png,1024,1024,89054,5589,0.250000,256,256,0,0,False
yise,000009.png,1024,1024,133887,8358,0.250000,256,256,0,0,False
yise,000010.png,1024,1024,34037,2092,0.250000,256,256,0,0,False
yise,000011.png,1024,1024,388006,24264,0.250000,256,256,0,0,False
yise,000012.png,1024,1024,324524,20344,0.250000,256,256,0,0,False
yise,000013.png,1024,1024,172875,10755,0.250000,256,256,0,0,False
yise,000014.png,1024,1024,13698,857,0.250000,256,256,0,0,False
yise,000015.png,1024,1024,30473,1908,0.250000,256,256,0,0,False
yise,000016.png,1024,1024,25920,1617,0.250000,256,256,0,0,False
yise,000017.png,1024,1024,61775,3866,0.250000,256,256,0,0,False
yise,000018.png,1024,1024,68202,4267,0.250000,256,256,0,0,False
yise,000019.png,1024,1024,38284,2397,0.250000,256,256,0,0,False
yise,000020.png,1024,1024,83232,5214,0.250000,256,256,0,0,False
yise,000021.png,1024,1024,37938,2376,0.250000,256,256,0,0,False
yise,000022.png,1024,1024,38824,2439,0.250000,256,256,0,0,False
yise,000023.png,1024,1024,9716,606,0.250000,256,256,0,0,False
yise,000024.png,1024,1024,98065,6137,0.250000,256,256,0,0,False
yise,000025.png,1024,1024,35318,2183,0.250000,256,256,0,0,False
yise,000026.png,1024,1024,202693,12665,0.250000,256,256,0,0,False
yise,000027.png,1024,1024,141168,8817,0.250000,256,256,0,0,False
yise,000028.png,1024,1024,237033,14835,0.250000,256,256,0,0,False
yise,000029.png,1024,1024,73170,4579,0.250000,256,256,0,0,False
yise,000030.png,1024,1024,87074,5449,0.250000,256,256,0,0,False
yise,000031.png,1024,1024,39527,2449,0.250000,256,256,0,0,False
yise,000032.png,1024,1024,247816,15473,0.250000,256,256,0,0,False
yise,000033.png,1024,1024,191589,11952,0.250000,256,256,0,0,False
yise,000034.png,1024,1024,386809,24122,0.250000,256,256,0,0,False
yise,000035.png,1024,1024,346169,21595,0.250000,256,256,0,0,False
yise,000036.png,1024,1024,92776,5801,0.250000,256,256,0,0,False
yise,000037.png,1024,1024,102705,6446,0.250000,256,256,0,0,False
yise,000038.png,1024,1024,122951,7691,0.250000,256,256,0,0,False
yise,000039.png,1024,1024,242205,15100,0.250000,256,256,0,0,False
yise,000040.png,1024,1024,83065,5187,0.250000,256,256,0,0,False
yise,000041.png,1024,1024,25185,1579,0.250000,256,256,0,0,False
yise,000042.png,1024,1024,120861,7566,0.250000,256,256,0,0,False
yise,000043.png,1024,1024,76062,4784,0.250000,256,256,0,0,False
yise,000044.png,1024,1024,14269,899,0.250000,256,256,0,0,False
yise,000045.png,1024,1024,57948,3645,0.250000,256,256,0,0,False
yise,000046.png,1024,1024,43434,2709,0.250000,256,256,0,0,False
yise,000047.png,1024,1024,20836,1301,0.250000,256,256,0,0,False
yise,000048.png,1024,1024,112322,7043,0.250000,256,256,0,0,False
yise,000049.png,1024,1024,33631,2120,0.250000,256,256,0,0,False
yise,000050.png,1024,1024,155720,9764,0.250000,256,256,0,0,False
yise,000051.png,1024,1024,101433,6368,0.250000,256,256,0,0,False
yise,000052.png,1024,1024,91290,5712,0.250000,256,256,0,0,False
yise,000053.png,1024,1024,126460,7923,0.250000,256,256,0,0,False
