image_path,defect_type,true_label,score
test\aotu\000000.png,aotu,1,0.6917831301689148
test\aotu\000001.png,aotu,1,0.7362037897109985
test\aotu\000002.png,aotu,1,0.6579974293708801
test\aotu\000003.png,aotu,1,0.7442885637283325
test\aotu\000004.png,aotu,1,0.722017228603363
test\aotu\000005.png,aotu,1,0.7312358021736145
test\aotu\000006.png,aotu,1,0.7136726379394531
test\aotu\000007.png,aotu,1,0.6813258528709412
test\aotu\000008.png,aotu,1,0.7419292330741882
test\aotu\000009.png,aotu,1,0.7129644751548767
test\aotu\000010.png,aotu,1,0.6283189654350281
test\aotu\000011.png,aotu,1,0.6722036004066467
test\aotu\000012.png,aotu,1,0.6855427026748657
test\aotu\000013.png,aotu,1,0.6642453074455261
test\aotu\000014.png,aotu,1,0.6048290133476257
test\aotu\000015.png,aotu,1,0.6879143118858337
test\aotu\000016.png,aotu,1,0.6817363500595093
test\aotu\000017.png,aotu,1,0.746048629283905
test\aotu\000018.png,aotu,1,0.7432984113693237
test\aotu\000019.png,aotu,1,0.6951157450675964
test\aotu\000020.png,aotu,1,0.7024221420288086
test\aotu\000021.png,aotu,1,0.6214322447776794
test\aotu\000022.png,aotu,1,0.741747260093689
test\aotu\000023.png,aotu,1,0.6630856394767761
test\aotu\000024.png,aotu,1,0.6711028218269348
test\aotu\000025.png,aotu,1,0.6202902793884277
test\aotu\000026.png,aotu,1,0.6736319065093994
test\aotu\000027.png,aotu,1,0.6623626351356506
test\aotu\000028.png,aotu,1,0.6560137867927551
test\aotu\000029.png,aotu,1,0.6392011046409607
test\aotu\000030.png,aotu,1,0.7205578684806824
test\aotu\000031.png,aotu,1,0.662497341632843
test\aotu\000032.png,aotu,1,0.7750530242919922
test\aotu\000033.png,aotu,1,0.5215619802474976
test\aotu\000034.png,aotu,1,0.6816080212593079
test\aotu\000035.png,aotu,1,0.65693199634552
test\aotu\000036.png,aotu,1,0.7326215505599976
test\aotu\000037.png,aotu,1,0.6826384663581848
test\aotu\000038.png,aotu,1,0.5540346503257751
test\aotu\000039.png,aotu,1,0.65491783618927
test\aotu\000040.png,aotu,1,0.6843459606170654
test\aotu\000041.png,aotu,1,0.4996066987514496
test\aotu\000042.png,aotu,1,0.5165604948997498
test\aotu\000043.png,aotu,1,0.7065286040306091
test\aotu\000044.png,aotu,1,0.6730436682701111
test\aotu\000045.png,aotu,1,0.7058029174804688
test\aotu\000046.png,aotu,1,0.48679009079933167
test\aotu\000047.png,aotu,1,0.5529718995094299
test\aotu\000048.png,aotu,1,0.565640389919281
test\aotu\000049.png,aotu,1,0.6680447459220886
test\aotu\000050.png,aotu,1,0.7272458672523499
test\aotu\000051.png,aotu,1,0.5170267820358276
test\aotu\000052.png,aotu,1,0.6894324421882629
test\aotu\000053.png,aotu,1,0.7051474452018738
test\aotu\000054.png,aotu,1,0.5674908757209778
test\aotu\000055.png,aotu,1,0.5923255085945129
test\aotu\000056.png,aotu,1,0.6423223614692688
test\aotu\000057.png,aotu,1,0.6888388395309448
test\aotu\000058.png,aotu,1,0.624643862247467
test\aotu\000059.png,aotu,1,0.7042511105537415
test\aotu\000060.png,aotu,1,0.5484737753868103
test\aotu\000061.png,aotu,1,0.4958571195602417
test\aotu\000062.png,aotu,1,0.6162564158439636
test\aotu\000063.png,aotu,1,0.6781191229820251
test\aotu\000064.png,aotu,1,0.6264923214912415
test\aotu\000065.png,aotu,1,0.6225859522819519
test\aotu\000066.png,aotu,1,0.6033970713615417
test\aotu\000067.png,aotu,1,0.6591768860816956
test\aotu\000068.png,aotu,1,0.5676844120025635
test\aotu\000069.png,aotu,1,0.673430323600769
test\aotu\000070.png,aotu,1,0.6196724772453308
test\aotu\000071.png,aotu,1,0.6335778832435608
test\aotu\000072.png,aotu,1,0.7581976652145386
test\aotu\000073.png,aotu,1,0.7847842574119568
test\aotu\000074.png,aotu,1,0.7345935702323914
test\aotu\000075.png,aotu,1,0.6311732530593872
test\aotu\000076.png,aotu,1,0.6177148818969727
test\aotu\000077.png,aotu,1,0.6847952008247375
test\aotu\000078.png,aotu,1,0.5290136933326721
test\aotu\000079.png,aotu,1,0.5250057578086853
test\bianxing\000000.png,bianxing,1,0.4986790716648102
test\bianxing\000001.png,bianxing,1,0.6459486484527588
test\bianxing\000002.png,bianxing,1,0.6977348327636719
test\bianxing\000003.png,bianxing,1,0.7905899286270142
test\bianxing\000004.png,bianxing,1,0.6224760413169861
test\bianxing\000005.png,bianxing,1,0.7214057445526123
test\bianxing\000006.png,bianxing,1,0.6072124242782593
test\bianxing\000007.png,bianxing,1,0.512682318687439
test\bianxing\000008.png,bianxing,1,0.6672109365463257
test\bianxing\000009.png,bianxing,1,0.5183318853378296
test\bianxing\000010.png,bianxing,1,0.5328198075294495
test\bianxing\000011.png,bianxing,1,0.6686739325523376
test\bianxing\000012.png,bianxing,1,0.641710638999939
test\bianxing\000013.png,bianxing,1,0.6642840504646301
test\bianxing\000014.png,bianxing,1,0.5279996991157532
test\bianxing\000015.png,bianxing,1,0.7256055474281311
test\bianxing\000016.png,bianxing,1,0.46662548184394836
test\bianxing\000017.png,bianxing,1,0.49728670716285706
test\bianxing\000018.png,bianxing,1,0.5192552804946899
test\bianxing\000019.png,bianxing,1,0.5049728751182556
test\bianxing\000020.png,bianxing,1,0.519012987613678
test\bianxing\000021.png,bianxing,1,0.6597077250480652
test\bianxing\000022.png,bianxing,1,0.6042515635490417
test\bianxing\000023.png,bianxing,1,0.6338620185852051
test\bianxing\000024.png,bianxing,1,0.4981391429901123
test\bianxing\000025.png,bianxing,1,0.5928694605827332
test\bianxing\000026.png,bianxing,1,0.618499219417572
test\bianxing\000027.png,bianxing,1,0.639192521572113
test\bianxing\000028.png,bianxing,1,0.6576530337333679
test\bianxing\000029.png,bianxing,1,0.654495894908905
test\bianxing\000030.png,bianxing,1,0.6734156012535095
test\bianxing\000031.png,bianxing,1,0.6528993248939514
test\bianxing\000032.png,bianxing,1,0.6596266627311707
test\bianxing\000033.png,bianxing,1,0.5292607545852661
test\bianxing\000034.png,bianxing,1,0.6023933291435242
test\bianxing\000035.png,bianxing,1,0.5745587944984436
test\bianxing\000036.png,bianxing,1,0.4969407916069031
test\bianxing\000037.png,bianxing,1,0.6444364786148071
test\bianxing\000038.png,bianxing,1,0.49474036693573
test\bianxing\000039.png,bianxing,1,0.7460088133811951
test\fabai\000000.png,fabai,1,0.49932923913002014
test\fabai\000001.png,fabai,1,0.6300954818725586
test\fabai\000002.png,fabai,1,0.6594783663749695
test\fabai\000003.png,fabai,1,0.6529563069343567
test\fabai\000004.png,fabai,1,0.6731679439544678
test\fabai\000005.png,fabai,1,0.7206794023513794
test\fabai\000006.png,fabai,1,0.7509686946868896
test\fabai\000007.png,fabai,1,0.6224117875099182
test\fabai\000008.png,fabai,1,0.7652699947357178
test\fabai\000009.png,fabai,1,0.5696607232093811
test\fabai\000010.png,fabai,1,0.6443015933036804
test\fabai\000011.png,fabai,1,0.5818450450897217
test\fabai\000012.png,fabai,1,0.5677170157432556
test\fabai\000013.png,fabai,1,0.8008711338043213
test\fabai\000014.png,fabai,1,0.7757145762443542
test\fabai\000015.png,fabai,1,0.6342854499816895
test\fabai\000016.png,fabai,1,0.8373734951019287
test\fabai\000017.png,fabai,1,0.7782489061355591
test\fabai\000018.png,fabai,1,0.9172494411468506
test\fabai\000019.png,fabai,1,0.7573258876800537
test\fabai\000020.png,fabai,1,0.8209708333015442
test\fabai\000021.png,fabai,1,0.8633475303649902
test\fabai\000022.png,fabai,1,0.9111133813858032
test\fabai\000023.png,fabai,1,0.8580203652381897
test\fabai\000024.png,fabai,1,0.683372437953949
test\fabai\000025.png,fabai,1,0.652252197265625
test\fabai\000026.png,fabai,1,0.6833860278129578
test\fabai\000027.png,fabai,1,0.7135137319564819
test\fabai\000028.png,fabai,1,0.656779944896698
test\fabai\000029.png,fabai,1,0.8257688879966736
test\fabai\000030.png,fabai,1,0.7208237051963806
test\fabai\000031.png,fabai,1,0.6011175513267517
test\fabai\000032.png,fabai,1,0.7102391123771667
test\fabai\000033.png,fabai,1,0.710233747959137
test\fabai\000034.png,fabai,1,0.7401435375213623
test\fabai\000035.png,fabai,1,0.7342336177825928
test\fabai\000036.png,fabai,1,0.7204986810684204
test\fabai\000037.png,fabai,1,0.9284535050392151
test\fabai\000038.png,fabai,1,0.8446835279464722
test\fabai\000039.png,fabai,1,0.8736624121665955
test\fabai\000040.png,fabai,1,0.8489052653312683
test\fabai\000041.png,fabai,1,0.4758412837982178
test\fabai\000042.png,fabai,1,0.7140570282936096
test\fabai\000043.png,fabai,1,0.7033668160438538
test\fabai\000044.png,fabai,1,0.7318477034568787
test\fabai\000045.png,fabai,1,0.697163999080658
test\fabai\000046.png,fabai,1,0.6751319766044617
test\fabai\000047.png,fabai,1,0.699287474155426
test\fabai\000048.png,fabai,1,0.7736075520515442
test\fabai\000049.png,fabai,1,0.6111519932746887
test\fabai\000050.png,fabai,1,0.6855819821357727
test\fabai\000051.png,fabai,1,0.6622485518455505
test\fabai\000052.png,fabai,1,0.8468573689460754
test\fabai\000053.png,fabai,1,0.6750602722167969
test\fabai\000054.png,fabai,1,0.7019097805023193
test\fabai\000055.png,fabai,1,0.5765346884727478
test\fabai\000056.png,fabai,1,0.5885695219039917
test\fabai\000057.png,fabai,1,0.6770303249359131
test\fabai\000058.png,fabai,1,0.6059457063674927
test\fabai\000059.png,fabai,1,0.5982468724250793
test\fabai\000060.png,fabai,1,0.6730780601501465
test\fabai\000061.png,fabai,1,0.6691582202911377
test\fabai\000062.png,fabai,1,0.6988608837127686
test\fabai\000063.png,fabai,1,0.6914184093475342
test\fabai\000064.png,fabai,1,0.672065794467926
test\fabai\000065.png,fabai,1,0.7593099474906921
test\fabai\000066.png,fabai,1,0.6869128942489624
test\fabai\000067.png,fabai,1,0.6299412846565247
test\fabai\000068.png,fabai,1,0.5837355852127075
test\fabai\000069.png,fabai,1,0.7658143639564514
test\fabai\000070.png,fabai,1,0.6230515837669373
test\fabai\000071.png,fabai,1,0.6629443168640137
test\fabai\000072.png,fabai,1,0.6374216675758362
test\fabai\000073.png,fabai,1,0.799928605556488
test\fabai\000074.png,fabai,1,0.6538788080215454
test\fabai\000075.png,fabai,1,0.7106415629386902
test\fabai\000076.png,fabai,1,0.7290113568305969
test\fabai\000077.png,fabai,1,0.7155988812446594
test\fabai\000078.png,fabai,1,0.726861298084259
test\fabai\000079.png,fabai,1,0.7076881527900696
test\fabai\000080.png,fabai,1,0.538780689239502
test\fabai\000081.png,fabai,1,0.7888238430023193
test\fabai\000082.png,fabai,1,0.5396802425384521
test\fabai\000083.png,fabai,1,0.5303030014038086
test\fabai\000084.png,fabai,1,0.49840936064720154
test\fabai\000085.png,fabai,1,0.4888392686843872
test\fabai\000086.png,fabai,1,0.5182139873504639
test\fabai\000087.png,fabai,1,0.7644293904304504
test\fabai\000088.png,fabai,1,0.8335574269294739
test\fabai\000089.png,fabai,1,0.8058282136917114
test\fabai\000090.png,fabai,1,0.4624135494232178
test\fabai\000091.png,fabai,1,0.48145434260368347
test\fabai\000092.png,fabai,1,0.4405004680156708
test\fabai\000093.png,fabai,1,0.4396936595439911
test\fabai\000094.png,fabai,1,0.4961898624897003
test\fabai\000095.png,fabai,1,0.7824450135231018
test\fabai\000096.png,fabai,1,0.7753754258155823
test\fabai\000097.png,fabai,1,0.6514734029769897
test\fabai\000098.png,fabai,1,0.6574692130088806
test\fabai\000099.png,fabai,1,0.7226846814155579
test\fabai\000100.png,fabai,1,0.6611127257347107
test\fabai\000101.png,fabai,1,0.6813904643058777
test\fabai\000102.png,fabai,1,0.6875799298286438
test\fabai\000103.png,fabai,1,0.6778323650360107
test\fabai\000104.png,fabai,1,0.6365822553634644
test\fabai\000105.png,fabai,1,0.6774079203605652
test\fabai\000106.png,fabai,1,0.7147771120071411
test\fabai\000107.png,fabai,1,0.5222519040107727
test\good\000000.png,good,0,0.5059986114501953
test\good\000001.png,good,0,0.6556188464164734
test\good\000002.png,good,0,0.47251787781715393
test\good\000003.png,good,0,0.4463820159435272
test\good\000004.png,good,0,0.4998955726623535
test\good\000005.png,good,0,0.5807399749755859
test\good\000006.png,good,0,0.526482105255127
test\good\000007.png,good,0,0.4792289435863495
test\good\000008.png,good,0,0.4830435514450073
test\good\000009.png,good,0,0.4537811875343323
test\good\000010.png,good,0,0.48245227336883545
test\good\000011.png,good,0,0.48830199241638184
test\good\000012.png,good,0,0.5321418046951294
test\good\000013.png,good,0,0.4781188666820526
test\good\000014.png,good,0,0.4703933000564575
test\good\000015.png,good,0,0.5378468632698059
test\good\000016.png,good,0,0.49195918440818787
test\good\000017.png,good,0,0.5189523696899414
test\good\000018.png,good,0,0.5205953121185303
test\good\000019.png,good,0,0.4994100332260132
test\good\000020.png,good,0,0.5271714925765991
test\good\000021.png,good,0,0.5314847826957703
test\good\000022.png,good,0,0.5401551723480225
test\good\000023.png,good,0,0.5143707394599915
test\good\000024.png,good,0,0.45788493752479553
test\good\000025.png,good,0,0.5032859444618225
test\good\000026.png,good,0,0.4920254349708557
test\good\000027.png,good,0,0.5398497581481934
test\good\000028.png,good,0,0.5014389157295227
test\good\000029.png,good,0,0.5360796451568604
test\good\000030.png,good,0,0.5211418271064758
test\good\000031.png,good,0,0.5332493782043457
test\good\000032.png,good,0,0.5238081216812134
test\good\000033.png,good,0,0.4731610417366028
test\good\000034.png,good,0,0.437679648399353
test\good\000035.png,good,0,0.49222734570503235
test\good\000036.png,good,0,0.4884089231491089
test\good\000037.png,good,0,0.4638577997684479
test\good\000038.png,good,0,0.5052355527877808
test\good\000039.png,good,0,0.5090616941452026
test\good\000040.png,good,0,0.5022145509719849
test\good\000041.png,good,0,0.5243921279907227
test\good\000042.png,good,0,0.5159599184989929
test\good\000043.png,good,0,0.4872753322124481
test\good\000044.png,good,0,0.5386863350868225
test\good\000045.png,good,0,0.5798936486244202
test\good\000046.png,good,0,0.43405142426490784
test\good\000047.png,good,0,0.521207332611084
test\good\000048.png,good,0,0.49285370111465454
test\good\000049.png,good,0,0.4768104553222656
test\good\000050.png,good,0,0.47244396805763245
test\good\000051.png,good,0,0.49472975730895996
test\good\000052.png,good,0,0.4858713746070862
test\good\000053.png,good,0,0.6077931523323059
test\good\000054.png,good,0,0.5261260271072388
test\good\000055.png,good,0,0.4845045506954193
test\good\000056.png,good,0,0.636499285697937
test\good\000057.png,good,0,0.5568361282348633
test\good\000058.png,good,0,0.5433251857757568
test\good\000059.png,good,0,0.48513156175613403
test\good\000060.png,good,0,0.49350669980049133
test\good\000061.png,good,0,0.48448020219802856
test\good\000062.png,good,0,0.5322756171226501
test\good\000063.png,good,0,0.4471304714679718
test\good\000064.png,good,0,0.502030074596405
test\good\000065.png,good,0,0.5005517601966858
test\good\000066.png,good,0,0.5400090217590332
test\good\000067.png,good,0,0.47119733691215515
test\good\000068.png,good,0,0.5098251104354858
test\good\000069.png,good,0,0.47171884775161743
test\good\000070.png,good,0,0.707263708114624
test\good\000071.png,good,0,0.48432958126068115
test\good\000072.png,good,0,0.5473389029502869
test\good\000073.png,good,0,0.4954178035259247
test\good\000074.png,good,0,0.4508213698863983
test\good\000075.png,good,0,0.46568208932876587
test\good\000076.png,good,0,0.5066893696784973
test\good\000077.png,good,0,0.5700552463531494
test\good\000078.png,good,0,0.4602130353450775
test\good\000079.png,good,0,0.5047211647033691
test\good\000080.png,good,0,0.5116778612136841
test\good\000081.png,good,0,0.5937228202819824
test\good\000082.png,good,0,0.467390239238739
test\good\000083.png,good,0,0.468473345041275
test\good\000084.png,good,0,0.4918709695339203
test\good\000085.png,good,0,0.5017544031143188
test\good\000086.png,good,0,0.4670742452144623
test\good\000087.png,good,0,0.45917704701423645
test\good\000088.png,good,0,0.49763381481170654
test\good\000089.png,good,0,0.49014440178871155
test\good\000090.png,good,0,0.4612724184989929
test\good\000091.png,good,0,0.5180256962776184
test\good\000092.png,good,0,0.6890401840209961
test\good\000093.png,good,0,0.4756269156932831
test\good\000094.png,good,0,0.6272376179695129
test\good\000095.png,good,0,0.4897383153438568
test\good\000096.png,good,0,0.5010923147201538
test\good\000097.png,good,0,0.46726831793785095
test\good\000098.png,good,0,0.4981817305088043
test\good\000099.png,good,0,0.5225340723991394
test\good\000100.png,good,0,0.5064653754234314
test\good\000101.png,good,0,0.5763571262359619
test\good\000102.png,good,0,0.6557165384292603
test\good\000103.png,good,0,0.7612691521644592
test\good\000104.png,good,0,0.586555540561676
test\good\000105.png,good,0,0.5008862614631653
test\good\000106.png,good,0,0.4710144102573395
test\good\000107.png,good,0,0.4800729751586914
test\good\000108.png,good,0,0.5081302523612976
test\good\000109.png,good,0,0.5112062096595764
test\good\000110.png,good,0,0.49831512570381165
test\good\000111.png,good,0,0.5190418362617493
test\good\000112.png,good,0,0.49989283084869385
test\good\000113.png,good,0,0.47708913683891296
test\good\000114.png,good,0,0.4949411451816559
test\good\000115.png,good,0,0.4847281575202942
test\good\000116.png,good,0,0.49134621024131775
test\good\000117.png,good,0,0.5830749869346619
test\good\000118.png,good,0,0.4531211853027344
test\good\000119.png,good,0,0.48673349618911743
test\good\000120.png,good,0,0.5394108891487122
test\good\000121.png,good,0,0.4705980122089386
test\good\000122.png,good,0,0.4917462468147278
test\good\000123.png,good,0,0.4857657253742218
test\good\000124.png,good,0,0.5611420273780823
test\good\000125.png,good,0,0.5440202355384827
test\good\000126.png,good,0,0.4715467393398285
test\good\000127.png,good,0,0.51861971616745
test\good\000128.png,good,0,0.4992726445198059
test\good\000129.png,good,0,0.5161584615707397
test\good\000130.png,good,0,0.6475769877433777
test\good\000131.png,good,0,0.5974791049957275
test\good\000132.png,good,0,0.5114085674285889
test\good\000133.png,good,0,0.4920843243598938
test\good\000134.png,good,0,0.4708045423030853
test\good\000135.png,good,0,0.5676732063293457
test\good\000136.png,good,0,0.7509891986846924
test\good\000137.png,good,0,0.4832436740398407
test\good\000138.png,good,0,0.4996551275253296
test\good\000139.png,good,0,0.5753571391105652
test\good\000140.png,good,0,0.4678376615047455
test\good\000141.png,good,0,0.5166335105895996
test\good\000142.png,good,0,0.5120173096656799
test\good\000143.png,good,0,0.519652247428894
test\good\000144.png,good,0,0.5984270572662354
test\good\000145.png,good,0,0.6085916757583618
test\good\000146.png,good,0,0.5971358418464661
test\good\000147.png,good,0,0.5583588480949402
test\good\000148.png,good,0,0.47380417585372925
test\good\000149.png,good,0,0.6567898988723755
test\good\000150.png,good,0,0.5027629137039185
test\good\000151.png,good,0,0.48671844601631165
test\good\000152.png,good,0,0.44331300258636475
test\good\000153.png,good,0,0.5225443243980408
test\good\000154.png,good,0,0.45790526270866394
test\good\000155.png,good,0,0.5209291577339172
test\good\000156.png,good,0,0.44389867782592773
test\good\000157.png,good,0,0.5193034410476685
test\good\000158.png,good,0,0.503336489200592
test\good\000159.png,good,0,0.5051184892654419
test\good\000160.png,good,0,0.4717711806297302
test\good\000161.png,good,0,0.5184376835823059
test\good\000162.png,good,0,0.5968531966209412
test\good\000163.png,good,0,0.7154143452644348
test\good\000164.png,good,0,0.5057833790779114
test\good\000165.png,good,0,0.46844637393951416
test\good\000166.png,good,0,0.47452661395072937
test\good\000167.png,good,0,0.49256253242492676
test\good\000168.png,good,0,0.483372300863266
test\good\000169.png,good,0,0.4544874429702759
test\good\000170.png,good,0,0.48790451884269714
test\good\000171.png,good,0,0.4993576407432556
test\good\000172.png,good,0,0.5205633640289307
test\good\000173.png,good,0,0.5734959244728088
test\good\000174.png,good,0,0.4887855052947998
test\good\000175.png,good,0,0.48859351873397827
test\good\000176.png,good,0,0.5194529891014099
test\good\000177.png,good,0,0.548576295375824
test\good\000178.png,good,0,0.5658263564109802
test\good\000179.png,good,0,0.4824082851409912
test\good\000180.png,good,0,0.6359603404998779
test\good\000181.png,good,0,0.5166667699813843
test\good\000182.png,good,0,0.5084741711616516
test\good\000183.png,good,0,0.46260866522789
test\good\000184.png,good,0,0.4701935350894928
test\good\000185.png,good,0,0.46241626143455505
test\good\000186.png,good,0,0.4687306582927704
test\good\000187.png,good,0,0.47325965762138367
test\good\000188.png,good,0,0.4472798705101013
test\good\000189.png,good,0,0.5150625705718994
test\good\000190.png,good,0,0.4971858859062195
test\good\000191.png,good,0,0.5113927125930786
test\good\000192.png,good,0,0.49484312534332275
test\good\000193.png,good,0,0.4927253723144531
test\good\000194.png,good,0,0.5129426717758179
test\good\000195.png,good,0,0.492195725440979
test\good\000196.png,good,0,0.48724302649497986
test\good\000197.png,good,0,0.48634907603263855
test\good\000198.png,good,0,0.6611127257347107
test\good\000199.png,good,0,0.48386985063552856
test\good\000200.png,good,0,0.5489992499351501
test\good\000201.png,good,0,0.47890931367874146
test\good\000202.png,good,0,0.6321025490760803
test\good\000203.png,good,0,0.6807088255882263
test\good\000204.png,good,0,0.47621217370033264
test\good\000205.png,good,0,0.5112902522087097
test\good\000206.png,good,0,0.5385147929191589
test\good\000207.png,good,0,0.6018610596656799
test\good\000208.png,good,0,0.47573429346084595
test\good\000209.png,good,0,0.48824596405029297
test\good\000210.png,good,0,0.47635534405708313
test\good\000211.png,good,0,0.49965858459472656
test\good\000212.png,good,0,0.496479868888855
test\good\000213.png,good,0,0.520570695400238
test\good\000214.png,good,0,0.4916282892227173
test\good\000215.png,good,0,0.5226507186889648
test\good\000216.png,good,0,0.5302115082740784
test\good\000217.png,good,0,0.49030184745788574
test\good\000218.png,good,0,0.5261394381523132
test\good\000219.png,good,0,0.5068116188049316
test\good\000220.png,good,0,0.5052719116210938
test\good\000221.png,good,0,0.47740861773490906
test\good\000222.png,good,0,0.48794031143188477
test\good\000223.png,good,0,0.4741736352443695
test\good\000224.png,good,0,0.46762457489967346
test\good\000225.png,good,0,0.4894537925720215
test\good\000226.png,good,0,0.47518736124038696
test\good\000227.png,good,0,0.5329909324645996
test\good\000228.png,good,0,0.49362456798553467
test\good\000229.png,good,0,0.5005480647087097
test\good\000230.png,good,0,0.4464300870895386
test\good\000231.png,good,0,0.5003565549850464
test\good\000232.png,good,0,0.6986786127090454
test\good\000233.png,good,0,0.521879255771637
test\good\000234.png,good,0,0.47477951645851135
test\good\000235.png,good,0,0.4694361388683319
test\good\000236.png,good,0,0.4713097810745239
test\good\000237.png,good,0,0.5280091762542725
test\good\000238.png,good,0,0.5232859253883362
test\good\000239.png,good,0,0.5050965547561646
test\good\000240.png,good,0,0.5788336992263794
test\good\000241.png,good,0,0.6010164022445679
test\good\000242.png,good,0,0.6222884654998779
test\good\000243.png,good,0,0.5260285139083862
test\good\000244.png,good,0,0.5301533937454224
test\good\000245.png,good,0,0.5783988833427429
test\good\000246.png,good,0,0.4897802770137787
test\good\000247.png,good,0,0.5158745050430298
test\good\000248.png,good,0,0.4914562404155731
test\good\000249.png,good,0,0.48118266463279724
test\good\000250.png,good,0,0.5349138379096985
test\good\000251.png,good,0,0.4663070738315582
test\good\000252.png,good,0,0.4691818654537201
test\good\000253.png,good,0,0.48872366547584534
test\good\000254.png,good,0,0.46848568320274353
test\good\000255.png,good,0,0.4990951120853424
test\good\000256.png,good,0,0.49266451597213745
test\good\000257.png,good,0,0.48263099789619446
test\good\000258.png,good,0,0.5624420642852783
test\good\000259.png,good,0,0.5136354565620422
test\good\000260.png,good,0,0.44703608751296997
test\good\000261.png,good,0,0.6063607931137085
test\good\000262.png,good,0,0.5017527341842651
test\good\000263.png,good,0,0.6584213972091675
test\good\000264.png,good,0,0.4495931565761566
test\good\000265.png,good,0,0.5054912567138672
test\good\000266.png,good,0,0.5285163521766663
test\good\000267.png,good,0,0.5085469484329224
test\good\000268.png,good,0,0.4710823595523834
test\good\000269.png,good,0,0.5307064652442932
test\good\000270.png,good,0,0.5042978525161743
test\good\000271.png,good,0,0.5474213361740112
test\good\000272.png,good,0,0.5519509315490723
test\good\000273.png,good,0,0.47933143377304077
test\good\000274.png,good,0,0.5029938220977783
test\good\000275.png,good,0,0.6218041777610779
test\good\000276.png,good,0,0.6414444446563721
test\good\000277.png,good,0,0.42657172679901123
test\good\000278.png,good,0,0.5472871661186218
test\good\000279.png,good,0,0.4793713390827179
test\good\000280.png,good,0,0.48993992805480957
test\good\000281.png,good,0,0.47519561648368835
test\good\000282.png,good,0,0.5262956023216248
test\good\000283.png,good,0,0.5280048847198486
test\good\000284.png,good,0,0.5388939380645752
test\good\000285.png,good,0,0.4742295742034912
test\good\000286.png,good,0,0.47912806272506714
test\good\000287.png,good,0,0.46377336978912354
test\good\000288.png,good,0,0.5000232458114624
test\good\000289.png,good,0,0.5077958106994629
test\good\000290.png,good,0,0.5151339173316956
test\good\000291.png,good,0,0.5009244680404663
test\good\000292.png,good,0,0.6194709539413452
test\good\000293.png,good,0,0.48670485615730286
test\good\000294.png,good,0,0.46431964635849
test\good\000295.png,good,0,0.5740078687667847
test\good\000296.png,good,0,0.5316229462623596
test\good\000297.png,good,0,0.6294524669647217
test\good\000298.png,good,0,0.47422629594802856
test\good\000299.png,good,0,0.47026681900024414
test\good\000300.png,good,0,0.44768428802490234
test\good\000301.png,good,0,0.5076345205307007
test\good\000302.png,good,0,0.5083683133125305
test\good\000303.png,good,0,0.4758143424987793
test\good\000304.png,good,0,0.4845253527164459
test\good\000305.png,good,0,0.5334467887878418
test\good\000306.png,good,0,0.5883373618125916
test\good\000307.png,good,0,0.508331835269928
test\good\000308.png,good,0,0.4785146415233612
test\good\000309.png,good,0,0.47238442301750183
test\good\000310.png,good,0,0.4981817305088043
test\good\000311.png,good,0,0.5090472102165222
test\good\000312.png,good,0,0.532486081123352
test\good\000313.png,good,0,0.47645115852355957
test\good\000314.png,good,0,0.6643589735031128
test\good\000315.png,good,0,0.5955073833465576
test\good\000316.png,good,0,0.4993329346179962
test\good\000317.png,good,0,0.4835156798362732
test\good\000318.png,good,0,0.5132871866226196
test\good\000319.png,good,0,0.7650445699691772
test\good\000320.png,good,0,0.5396201610565186
test\good\000321.png,good,0,0.5162693858146667
test\good\000322.png,good,0,0.529882550239563
test\good\000323.png,good,0,0.5096703171730042
test\good\000324.png,good,0,0.501431941986084
test\good\000325.png,good,0,0.49819740653038025
test\good\000326.png,good,0,0.6101759672164917
test\good\000327.png,good,0,0.6270735859870911
test\good\000328.png,good,0,0.5107303857803345
test\good\000329.png,good,0,0.4190645217895508
test\good\000330.png,good,0,0.49957579374313354
test\good\000331.png,good,0,0.5840311050415039
test\good\000332.png,good,0,0.5045337080955505
test\good\000333.png,good,0,0.5633569955825806
test\good\000334.png,good,0,0.6870568990707397
test\good\000335.png,good,0,0.5168070197105408
test\good\000336.png,good,0,0.5774943232536316
test\good\000337.png,good,0,0.5021770000457764
test\good\000338.png,good,0,0.526785671710968
test\good\000339.png,good,0,0.4956030547618866
test\good\000340.png,good,0,0.5981473326683044
test\good\000341.png,good,0,0.485186368227005
test\good\000342.png,good,0,0.4761234223842621
test\good\000343.png,good,0,0.5176168084144592
test\good\000344.png,good,0,0.49313032627105713
test\good\000345.png,good,0,0.47476068139076233
test\good\000346.png,good,0,0.4755243957042694
test\good\000347.png,good,0,0.4884788393974304
test\good\000348.png,good,0,0.5152417421340942
test\good\000349.png,good,0,0.5453193187713623
test\good\000350.png,good,0,0.5432413816452026
test\good\000351.png,good,0,0.49560752511024475
test\good\000352.png,good,0,0.4790804386138916
test\good\000353.png,good,0,0.45059072971343994
test\good\000354.png,good,0,0.4881522059440613
test\good\000355.png,good,0,0.47365081310272217
test\good\000356.png,good,0,0.47114941477775574
test\good\000357.png,good,0,0.5467357039451599
test\good\000358.png,good,0,0.505294680595398
test\good\000359.png,good,0,0.5055587291717529
test\good\000360.png,good,0,0.44304412603378296
test\good\000361.png,good,0,0.48049429059028625
test\good\000362.png,good,0,0.49256277084350586
test\good\000363.png,good,0,0.5011932849884033
test\good\000364.png,good,0,0.474311888217926
test\good\000365.png,good,0,0.5146577954292297
test\good\000366.png,good,0,0.47131940722465515
test\good\000367.png,good,0,0.48289114236831665
test\good\000368.png,good,0,0.5488273501396179
test\guoxi\000000.png,guoxi,1,0.8443876504898071
test\guoxi\000001.png,guoxi,1,0.6716945171356201
test\guoxi\000002.png,guoxi,1,0.8425813317298889
test\guoxi\000003.png,guoxi,1,0.7475037574768066
test\guoxi\000004.png,guoxi,1,0.6864227056503296
test\guoxi\000005.png,guoxi,1,0.8196687698364258
test\guoxi\000006.png,guoxi,1,0.8514134883880615
test\guoxi\000007.png,guoxi,1,0.6865637898445129
test\guoxi\000008.png,guoxi,1,0.8199649453163147
test\guoxi\000009.png,guoxi,1,0.7839269042015076
test\guoxi\000010.png,guoxi,1,0.7156374454498291
test\guoxi\000011.png,guoxi,1,0.7921801805496216
test\guoxi\000012.png,guoxi,1,0.8056588172912598
test\guoxi\000013.png,guoxi,1,0.8618449568748474
test\guoxi\000014.png,guoxi,1,0.6937885284423828
test\guoxi\000015.png,guoxi,1,0.6761382818222046
test\guoxi\000016.png,guoxi,1,0.7497323155403137
test\guoxi\000017.png,guoxi,1,0.853651225566864
test\guoxi\000018.png,guoxi,1,0.593435525894165
test\guoxi\000019.png,guoxi,1,0.763088047504425
test\guoxi\000020.png,guoxi,1,0.8086280226707458
test\guoxi\000021.png,guoxi,1,0.7111244201660156
test\guoxi\000022.png,guoxi,1,0.6586517691612244
test\guoxi\000023.png,guoxi,1,0.9397774934768677
test\guoxi\000024.png,guoxi,1,0.7951169013977051
test\guoxi\000025.png,guoxi,1,0.7953015565872192
test\guoxi\000026.png,guoxi,1,0.8091053366661072
test\guoxi\000027.png,guoxi,1,0.7691324949264526
test\guoxi\000028.png,guoxi,1,0.8512890338897705
test\guoxi\000029.png,guoxi,1,0.5939761400222778
test\guoxi\000030.png,guoxi,1,0.7388927340507507
test\guoxi\000031.png,guoxi,1,0.7433395385742188
test\guoxi\000032.png,guoxi,1,0.7860870361328125
test\guoxi\000033.png,guoxi,1,0.6255589723587036
test\guoxi\000034.png,guoxi,1,0.7567027807235718
test\guoxi\000035.png,guoxi,1,0.812229573726654
test\guoxi\000036.png,guoxi,1,0.736761212348938
test\guoxi\000037.png,guoxi,1,0.7469688057899475
test\guoxi\000038.png,guoxi,1,0.7696351408958435
test\guoxi\000039.png,guoxi,1,0.7390341758728027
test\guoxi\000040.png,guoxi,1,0.6571511030197144
test\guoxi\000041.png,guoxi,1,0.8121463060379028
test\guoxi\000042.png,guoxi,1,0.6497418880462646
test\guoxi\000043.png,guoxi,1,0.7765288352966309
test\guoxi\000044.png,guoxi,1,0.4827449917793274
test\guoxi\000045.png,guoxi,1,0.7939971685409546
test\guoxi\000046.png,guoxi,1,0.7460563778877258
test\guoxi\000047.png,guoxi,1,0.7605230808258057
test\guoxi\000048.png,guoxi,1,0.7082521915435791
test\guoxi\000049.png,guoxi,1,0.7334746718406677
test\guoxi\000050.png,guoxi,1,0.707368016242981
test\guoxi\000051.png,guoxi,1,0.7993828654289246
test\guoxi\000052.png,guoxi,1,0.8412260413169861
test\guoxi\000053.png,guoxi,1,0.8439912796020508
test\guoxi\000054.png,guoxi,1,0.881033182144165
test\guoxi\000055.png,guoxi,1,0.837971031665802
test\guoxi\000056.png,guoxi,1,0.8368849158287048
test\guoxi\000057.png,guoxi,1,0.7521055340766907
test\guoxi\000058.png,guoxi,1,0.7853800058364868
test\guoxi\000059.png,guoxi,1,0.7846652865409851
test\guoxi\000060.png,guoxi,1,0.7630895376205444
test\guoxi\000061.png,guoxi,1,0.761062502861023
test\guoxi\000062.png,guoxi,1,0.8115506172180176
test\guoxi\000063.png,guoxi,1,0.832897961139679
test\guoxi\000064.png,guoxi,1,0.4760293960571289
test\guoxi\000065.png,guoxi,1,0.6990121603012085
test\guoxi\000066.png,guoxi,1,0.806209921836853
test\guoxi\000067.png,guoxi,1,0.8344190120697021
test\guoxi\000068.png,guoxi,1,0.7701022028923035
test\guoxi\000069.png,guoxi,1,0.7134860157966614
test\guoxi\000070.png,guoxi,1,0.7180361151695251
test\guoxi\000071.png,guoxi,1,0.8592802286148071
test\guoxi\000072.png,guoxi,1,0.821373462677002
test\guoxi\000073.png,guoxi,1,0.7613384127616882
test\guoxi\000074.png,guoxi,1,0.7790312767028809
test\huashang\000000.png,huashang,1,0.7154660224914551
test\huashang\000001.png,huashang,1,0.6295825839042664
test\huashang\000002.png,huashang,1,0.718077540397644
test\huashang\000003.png,huashang,1,0.6486526727676392
test\huashang\000004.png,huashang,1,0.660953938961029
test\huashang\000005.png,huashang,1,0.7708375453948975
test\huashang\000006.png,huashang,1,0.6901816129684448
test\huashang\000007.png,huashang,1,0.6650189757347107
test\huashang\000008.png,huashang,1,0.7849311232566833
test\huashang\000009.png,huashang,1,0.7145041227340698
test\huashang\000010.png,huashang,1,0.7139945030212402
test\huashang\000011.png,huashang,1,0.6529539823532104
test\huashang\000012.png,huashang,1,0.7808147072792053
test\huashang\000013.png,huashang,1,0.5852422118186951
test\huashang\000014.png,huashang,1,0.5554835200309753
test\huashang\000015.png,huashang,1,0.6936796307563782
test\huashang\000016.png,huashang,1,0.4580972194671631
test\huashang\000017.png,huashang,1,0.7502700090408325
test\huashang\000018.png,huashang,1,0.5479886531829834
test\huashang\000019.png,huashang,1,0.4689670205116272
test\huashang\000020.png,huashang,1,0.600313127040863
test\huashang\000021.png,huashang,1,0.49989569187164307
test\huashang\000022.png,huashang,1,0.7224539518356323
test\huashang\000023.png,huashang,1,0.6871452927589417
test\huashang\000024.png,huashang,1,0.6386558413505554
test\huashang\000025.png,huashang,1,0.6653996109962463
test\huashang\000026.png,huashang,1,0.7178161144256592
test\huashang\000027.png,huashang,1,0.5131798982620239
test\huashang\000028.png,huashang,1,0.5756380558013916
test\huashang\000029.png,huashang,1,0.5407295227050781
test\huashang\000030.png,huashang,1,0.46344244480133057
test\huashang\000031.png,huashang,1,0.5519903302192688
test\huashang\000032.png,huashang,1,0.6391265988349915
test\huashang\000033.png,huashang,1,0.5834723114967346
test\huashang\000034.png,huashang,1,0.43373024463653564
test\huashang\000035.png,huashang,1,0.6139837503433228
test\huashang\000036.png,huashang,1,0.493709921836853
test\huashang\000037.png,huashang,1,0.4747030436992645
test\huashang\000038.png,huashang,1,0.6131484508514404
test\huashang\000039.png,huashang,1,0.6083999276161194
test\huashang\000040.png,huashang,1,0.6929329633712769
test\huashang\000041.png,huashang,1,0.8080397248268127
test\huashang\000042.png,huashang,1,0.7643563151359558
test\huashang\000043.png,huashang,1,0.5890606641769409
test\huashang\000044.png,huashang,1,0.4785764217376709
test\huashang\000045.png,huashang,1,0.6227794289588928
test\huashang\000046.png,huashang,1,0.5947562456130981
test\huashang\000047.png,huashang,1,0.5746226906776428
test\huashang\000048.png,huashang,1,0.7284806966781616
test\huashang\000049.png,huashang,1,0.5664834976196289
test\huashang\000050.png,huashang,1,0.7114949822425842
test\huashang\000051.png,huashang,1,0.44182491302490234
test\huashang\000052.png,huashang,1,0.4953652322292328
test\huashang\000053.png,huashang,1,0.7293498516082764
test\huashang\000054.png,huashang,1,0.608564555644989
test\huashang\000055.png,huashang,1,0.7243748903274536
test\huashang\000056.png,huashang,1,0.7405353784561157
test\huashang\000057.png,huashang,1,0.7647185921669006
test\huashang\000058.png,huashang,1,0.5645008683204651
test\huashang\000059.png,huashang,1,0.7826898694038391
test\huashang\000060.png,huashang,1,0.7468975782394409
test\huashang\000061.png,huashang,1,0.7515783905982971
test\huashang\000062.png,huashang,1,0.6518816947937012
test\huashang\000063.png,huashang,1,0.7574650645256042
test\huashang\000064.png,huashang,1,0.7054581642150879
test\huashang\000065.png,huashang,1,0.8271581530570984
test\huashang\000066.png,huashang,1,0.7399786114692688
test\huashang\000067.png,huashang,1,0.7849188446998596
test\huashang\000068.png,huashang,1,0.7037369608879089
test\huashang\000069.png,huashang,1,0.7431741952896118
test\huashang\000070.png,huashang,1,0.7767961025238037
test\huashang\000071.png,huashang,1,0.7593241333961487
test\huashang\000072.png,huashang,1,0.7784717082977295
test\huashang\000073.png,huashang,1,0.7500422596931458
test\huashang\000074.png,huashang,1,0.5572537183761597
test\huashang\000075.png,huashang,1,0.7630353569984436
test\huashang\000076.png,huashang,1,0.6443555355072021
test\huashang\000077.png,huashang,1,0.7198676466941833
test\huashang\000078.png,huashang,1,0.7698509097099304
test\huashang\000079.png,huashang,1,0.7369924783706665
test\huashang\000080.png,huashang,1,0.769827663898468
test\huashang\000081.png,huashang,1,0.824273407459259
test\huashang\000082.png,huashang,1,0.7352643609046936
test\huashang\000083.png,huashang,1,0.7801408171653748
test\huashang\000084.png,huashang,1,0.7407628297805786
test\huashang\000085.png,huashang,1,0.7477607727050781
test\huashang\000086.png,huashang,1,0.7724230289459229
test\huashang\000087.png,huashang,1,0.5707694292068481
test\huashang\000088.png,huashang,1,0.60245281457901
test\huashang\000089.png,huashang,1,0.5526878833770752
test\huashang\000090.png,huashang,1,0.8627521395683289
test\huashang\000091.png,huashang,1,0.4854879677295685
test\huashang\000092.png,huashang,1,0.5581222176551819
test\huashang\000093.png,huashang,1,0.6469998359680176
test\huashang\000094.png,huashang,1,0.5712355375289917
test\huashang\000095.png,huashang,1,0.5306912064552307
test\huashang\000096.png,huashang,1,0.6026023626327515
test\huashang\000097.png,huashang,1,0.6316145062446594
test\huashang\000098.png,huashang,1,0.6928443312644958
test\huashang\000099.png,huashang,1,0.5335215330123901
test\huashang\000100.png,huashang,1,0.6942546367645264
test\huashang\000101.png,huashang,1,0.7014719843864441
test\huashang\000102.png,huashang,1,0.5148534178733826
test\huashang\000103.png,huashang,1,0.5398615598678589
test\huashang\000104.png,huashang,1,0.5963194370269775
test\huashang\000105.png,huashang,1,0.6336800456047058
test\huashang\000106.png,huashang,1,0.730521559715271
test\huashang\000107.png,huashang,1,0.7306130528450012
test\huashang\000108.png,huashang,1,0.7726175785064697
test\huashang\000109.png,huashang,1,0.7541992664337158
test\huashang\000110.png,huashang,1,0.7249842882156372
test\huashang\000111.png,huashang,1,0.7335352301597595
test\huashang\000112.png,huashang,1,0.7017050981521606
test\huashang\000113.png,huashang,1,0.7636710405349731
test\huashang\000114.png,huashang,1,0.8045280575752258
test\huashang\000115.png,huashang,1,0.7253659963607788
test\huashang\000116.png,huashang,1,0.7498239278793335
test\huashang\000117.png,huashang,1,0.7506638765335083
test\huashang\000118.png,huashang,1,0.5963683128356934
test\huashang\000119.png,huashang,1,0.7565693259239197
test\huashang\000120.png,huashang,1,0.7951767444610596
test\huashang\000121.png,huashang,1,0.7366049885749817
test\huashang\000122.png,huashang,1,0.647375762462616
test\huashang\000123.png,huashang,1,0.7498018741607666
test\huashang\000124.png,huashang,1,0.744543194770813
test\huashang\000125.png,huashang,1,0.7545198202133179
test\huashang\000126.png,huashang,1,0.7753692269325256
test\huashang\000127.png,huashang,1,0.7345344424247742
test\huashang\000128.png,huashang,1,0.7860133051872253
test\huashang\000129.png,huashang,1,0.7761879563331604
test\huashang\000130.png,huashang,1,0.7554435133934021
test\huashang\000131.png,huashang,1,0.774886429309845
test\huashang\000132.png,huashang,1,0.7862069606781006
test\huashang\000133.png,huashang,1,0.790709912776947
test\huashang\000134.png,huashang,1,0.6569830775260925
test\huashang\000135.png,huashang,1,0.7673530578613281
test\huashang\000136.png,huashang,1,0.7425082921981812
test\huashang\000137.png,huashang,1,0.7589563727378845
test\huashang\000138.png,huashang,1,0.6197439432144165
test\huashang\000139.png,huashang,1,0.796587347984314
test\huashang\000140.png,huashang,1,0.7540067434310913
test\huashang\000141.png,huashang,1,0.7592790126800537
test\huashang\000142.png,huashang,1,0.7517385482788086
test\huashang\000143.png,huashang,1,0.6671041250228882
test\huashang\000144.png,huashang,1,0.8549197316169739
test\huashang\000145.png,huashang,1,0.7791534662246704
test\huashang\000146.png,huashang,1,0.7648869156837463
test\huashang\000147.png,huashang,1,0.772047758102417
test\huashang\000148.png,huashang,1,0.7573036551475525
test\huashang\000149.png,huashang,1,0.7946345806121826
test\huashang\000150.png,huashang,1,0.7445026636123657
test\huashang\000151.png,huashang,1,0.7556827664375305
test\huashang\000152.png,huashang,1,0.7815563082695007
test\huashang\000153.png,huashang,1,0.5358264446258545
test\huashang\000154.png,huashang,1,0.49533069133758545
test\huashang\000155.png,huashang,1,0.693282961845398
test\huashang\000156.png,huashang,1,0.6778432726860046
test\huashang\000157.png,huashang,1,0.5142742395401001
test\huashang\000158.png,huashang,1,0.7471427321434021
test\huashang\000159.png,huashang,1,0.650004506111145
test\huashang\000160.png,huashang,1,0.7749144434928894
test\huashang\000161.png,huashang,1,0.5014917254447937
test\huashang\000162.png,huashang,1,0.5082342624664307
test\huashang\000163.png,huashang,1,0.6117280125617981
test\huashang\000164.png,huashang,1,0.737834632396698
test\huashang\000165.png,huashang,1,0.6905417442321777
test\huashang\000166.png,huashang,1,0.7202341556549072
test\huashang\000167.png,huashang,1,0.7799186706542969
test\huashang\000168.png,huashang,1,0.5149196982383728
test\huashang\000169.png,huashang,1,0.5111225843429565
test\huashang\000170.png,huashang,1,0.7018107771873474
test\huashang\000171.png,huashang,1,0.5550199747085571
test\huashang\000172.png,huashang,1,0.6160938143730164
test\huashang\000173.png,huashang,1,0.5357146263122559
test\huashang\000174.png,huashang,1,0.7554064989089966
test\huashang\000175.png,huashang,1,0.5037164688110352
test\huashang\000176.png,huashang,1,0.778667688369751
test\huashang\000177.png,huashang,1,0.5015478134155273
test\huashang\000178.png,huashang,1,0.45486485958099365
test\huashang\000179.png,huashang,1,0.5708562135696411
test\huashang\000180.png,huashang,1,0.5493707656860352
test\huashang\000181.png,huashang,1,0.5078629851341248
test\huashang\000182.png,huashang,1,0.49362069368362427
test\huashang\000183.png,huashang,1,0.5188974738121033
test\huashang\000184.png,huashang,1,0.5974986553192139
test\huashang\000185.png,huashang,1,0.5734177827835083
test\huashang\000186.png,huashang,1,0.5344297885894775
test\huashang\000187.png,huashang,1,0.5912177562713623
test\huashang\000188.png,huashang,1,0.5696408152580261
test\huashang\000189.png,huashang,1,0.5725276470184326
test\huashang\000190.png,huashang,1,0.5377193689346313
test\huashang\000191.png,huashang,1,0.6929506063461304
test\huashang\000192.png,huashang,1,0.6302399039268494
test\huashang\000193.png,huashang,1,0.6281538605690002
test\huashang\000194.png,huashang,1,0.5804136395454407
test\huashang\000195.png,huashang,1,0.6028949022293091
test\huashang\000196.png,huashang,1,0.45118388533592224
test\huashang\000197.png,huashang,1,0.5362655520439148
test\huashang\000198.png,huashang,1,0.5901834964752197
test\huashang\000199.png,huashang,1,0.640012800693512
test\huashang\000200.png,huashang,1,0.7474445700645447
test\huashang\000201.png,huashang,1,0.7265391945838928
test\huashang\000202.png,huashang,1,0.7297465205192566
test\huashang\000203.png,huashang,1,0.7564993500709534
test\huashang\000204.png,huashang,1,0.7090849280357361
test\huashang\000205.png,huashang,1,0.5708688497543335
test\huashang\000206.png,huashang,1,0.5264295935630798
test\huashang\000207.png,huashang,1,0.6376088261604309
test\huashang\000208.png,huashang,1,0.5166974067687988
test\huashang\000209.png,huashang,1,0.5634506344795227
test\huashang\000210.png,huashang,1,0.5667060613632202
test\huashang\000211.png,huashang,1,0.5425058603286743
test\huashang\000212.png,huashang,1,0.7066547274589539
test\huashang\000213.png,huashang,1,0.5680984854698181
test\huashang\000214.png,huashang,1,0.5968932509422302
test\huashang\000215.png,huashang,1,0.47805464267730713
test\huashang\000216.png,huashang,1,0.5427165627479553
test\huashang\000217.png,huashang,1,0.6647146344184875
test\huashang\000218.png,huashang,1,0.4812331795692444
test\huashang\000219.png,huashang,1,0.5504721999168396
test\huashang\000220.png,huashang,1,0.5245453119277954
test\huashang\000221.png,huashang,1,0.7947543263435364
test\huashang\000222.png,huashang,1,0.7615779042243958
test\huashang\000223.png,huashang,1,0.7322809100151062
test\huashang\000224.png,huashang,1,0.83456951379776
test\huashang\000225.png,huashang,1,0.7346163988113403
test\huashang\000226.png,huashang,1,0.4994586110115051
test\huashang\000227.png,huashang,1,0.6089771389961243
test\huashang\000228.png,huashang,1,0.5632955431938171
test\huashang\000229.png,huashang,1,0.6981046795845032
test\huashang\000230.png,huashang,1,0.6214977502822876
test\huashang\000231.png,huashang,1,0.7787542343139648
test\huashang\000232.png,huashang,1,0.4731854796409607
test\huashang\000233.png,huashang,1,0.6132773756980896
test\huashang\000234.png,huashang,1,0.7559630870819092
test\huashang\000235.png,huashang,1,0.7994065284729004
test\huashang\000236.png,huashang,1,0.5685930848121643
test\huashang\000237.png,huashang,1,0.5427774786949158
test\huashang\000238.png,huashang,1,0.4739859402179718
test\huashang\000239.png,huashang,1,0.6318699717521667
test\huashang\000240.png,huashang,1,0.7209467887878418
test\huashang\000241.png,huashang,1,0.6809395551681519
test\huashang\000242.png,huashang,1,0.7973366975784302
test\huashang\000243.png,huashang,1,0.6595081090927124
test\huashang\000244.png,huashang,1,0.5677876472473145
test\huashang\000245.png,huashang,1,0.5910422205924988
test\huashang\000246.png,huashang,1,0.7101271748542786
test\huashang\000247.png,huashang,1,0.6692237257957458
test\huashang\000248.png,huashang,1,0.6883009076118469
test\huashang\000249.png,huashang,1,0.5673621296882629
test\huashang\000250.png,huashang,1,0.5106483697891235
test\huashang\000251.png,huashang,1,0.6769419312477112
test\huashang\000252.png,huashang,1,0.6416900753974915
test\huashang\000253.png,huashang,1,0.4856410622596741
test\huashang\000254.png,huashang,1,0.5653592944145203
test\huashang\000255.png,huashang,1,0.5916136503219604
test\huashang\000256.png,huashang,1,0.7724525928497314
test\huashang\000257.png,huashang,1,0.5237252712249756
test\huashang\000258.png,huashang,1,0.5432413816452026
test\huashang\000259.png,huashang,1,0.7543814778327942
test\huashang\000260.png,huashang,1,0.5016413331031799
test\huashang\000261.png,huashang,1,0.46870967745780945
test\huashang\000262.png,huashang,1,0.730256974697113
test\huashang\000263.png,huashang,1,0.47642290592193604
test\huashang\000264.png,huashang,1,0.5869644284248352
test\huashang\000265.png,huashang,1,0.5637885332107544
test\huashang\000266.png,huashang,1,0.5612474679946899
test\huashang\000267.png,huashang,1,0.44672518968582153
test\huashang\000268.png,huashang,1,0.46342572569847107
test\huashang\000269.png,huashang,1,0.47325989603996277
test\huashang\000270.png,huashang,1,0.4919288754463196
test\huashang\000271.png,huashang,1,0.6375726461410522
test\huashang\000272.png,huashang,1,0.5000240802764893
test\huashang\000273.png,huashang,1,0.48839709162712097
test\huashang\000274.png,huashang,1,0.5044174790382385
test\huashang\000275.png,huashang,1,0.4596695303916931
test\huashang\000276.png,huashang,1,0.4973878562450409
test\huashang\000277.png,huashang,1,0.5555009841918945
test\huashang\000278.png,huashang,1,0.7315882444381714
test\huashang\000279.png,huashang,1,0.5922430753707886
test\huashang\000280.png,huashang,1,0.5721964836120605
test\huashang\000281.png,huashang,1,0.5645717978477478
test\huashang\000282.png,huashang,1,0.5463998913764954
test\huashang\000283.png,huashang,1,0.5352988839149475
test\huashang\000284.png,huashang,1,0.430641770362854
test\huashang\000285.png,huashang,1,0.5464396476745605
test\huashang\000286.png,huashang,1,0.5944705605506897
test\huashang\000287.png,huashang,1,0.7144696712493896
test\huashang\000288.png,huashang,1,0.654056966304779
test\huashang\000289.png,huashang,1,0.4631088376045227
test\huashang\000290.png,huashang,1,0.48396024107933044
test\huashang\000291.png,huashang,1,0.5015258193016052
test\huashang\000292.png,huashang,1,0.7058639526367188
test\huashang\000293.png,huashang,1,0.5857197642326355
test\huashang\000294.png,huashang,1,0.4792543351650238
test\huashang\000295.png,huashang,1,0.6005198359489441
test\huashang\000296.png,huashang,1,0.5931493639945984
test\huashang\000297.png,huashang,1,0.5960493087768555
test\huashang\000298.png,huashang,1,0.6025951504707336
test\huashang\000299.png,huashang,1,0.6328960657119751
test\huashang\000300.png,huashang,1,0.7457854151725769
test\huashang\000301.png,huashang,1,0.806445300579071
test\huashang\000302.png,huashang,1,0.5983797311782837
test\huashang\000303.png,huashang,1,0.654462456703186
test\huashang\000304.png,huashang,1,0.5202914476394653
test\huashang\000305.png,huashang,1,0.6147416234016418
test\huashang\000306.png,huashang,1,0.49854710698127747
test\huashang\000307.png,huashang,1,0.5930894017219543
test\huashang\000308.png,huashang,1,0.5985875129699707
test\huashang\000309.png,huashang,1,0.6938445568084717
test\huashang\000310.png,huashang,1,0.5501617789268494
test\huashang\000311.png,huashang,1,0.5615314245223999
test\huashang\000312.png,huashang,1,0.49473506212234497
test\huashang\000313.png,huashang,1,0.6881971955299377
test\huashang\000314.png,huashang,1,0.4931276738643646
test\huashang\000315.png,huashang,1,0.5337194204330444
test\huashang\000316.png,huashang,1,0.5782159566879272
test\huashang\000317.png,huashang,1,0.5588226914405823
test\huashang\000318.png,huashang,1,0.6260345578193665
test\huashang\000319.png,huashang,1,0.5823545455932617
test\huashang\000320.png,huashang,1,0.607202410697937
test\huashang\000321.png,huashang,1,0.5917147994041443
test\huashang\000322.png,huashang,1,0.461139053106308
test\huashang\000323.png,huashang,1,0.5228326320648193
test\huashang\000324.png,huashang,1,0.5109249353408813
test\huashang\000325.png,huashang,1,0.48853471875190735
test\huashang\000326.png,huashang,1,0.5685904622077942
test\huashang\000327.png,huashang,1,0.48884329199790955
test\huashang\000328.png,huashang,1,0.5493243336677551
test\huashang\000329.png,huashang,1,0.6397548317909241
test\liangying\000000.png,liangying,1,0.8205652236938477
test\liangying\000001.png,liangying,1,0.6485726237297058
test\liangying\000002.png,liangying,1,0.7038993835449219
test\liangying\000003.png,liangying,1,0.4472793638706207
test\liangying\000004.png,liangying,1,0.8337730765342712
test\liangying\000005.png,liangying,1,0.8050475120544434
test\liangying\000006.png,liangying,1,0.5862150192260742
test\liangying\000007.png,liangying,1,0.7939164042472839
test\liangying\000008.png,liangying,1,0.6405001282691956
test\liangying\000009.png,liangying,1,0.6808247566223145
test\liangying\000010.png,liangying,1,0.7678914666175842
test\liangying\000011.png,liangying,1,0.8678531050682068
test\liangying\000012.png,liangying,1,0.593137800693512
test\liangying\000013.png,liangying,1,0.6703877449035645
test\liangying\000014.png,liangying,1,0.8279643058776855
test\liangying\000015.png,liangying,1,0.716159462928772
test\liangying\000016.png,liangying,1,0.8055383563041687
test\liangying\000017.png,liangying,1,0.7149183750152588
test\liangying\000018.png,liangying,1,0.8114936351776123
test\liangying\000019.png,liangying,1,0.578923761844635
test\liangying\000020.png,liangying,1,0.6356375217437744
test\liangying\000021.png,liangying,1,0.6078049540519714
test\liangying\000022.png,liangying,1,0.6816533207893372
test\liangying\000023.png,liangying,1,0.6258267760276794
test\liangying\000024.png,liangying,1,0.638570249080658
test\liangying\000025.png,liangying,1,0.7400025725364685
test\liangying\000026.png,liangying,1,0.7629755735397339
test\liangying\000027.png,liangying,1,0.6966099143028259
test\liangying\000028.png,liangying,1,0.7376200556755066
test\liangying\000029.png,liangying,1,0.7013837695121765
test\liangying\000030.png,liangying,1,0.735421359539032
test\liangying\000031.png,liangying,1,0.585969865322113
test\liangying\000032.png,liangying,1,0.7354241609573364
test\liangying\000033.png,liangying,1,0.6614673137664795
test\liangying\000034.png,liangying,1,0.7415086030960083
test\liangying\000035.png,liangying,1,0.7057304978370667
test\liangying\000036.png,liangying,1,0.5362347364425659
test\liangying\000037.png,liangying,1,0.5721424221992493
test\liangying\000038.png,liangying,1,0.7135234475135803
test\liangying\000039.png,liangying,1,0.5769941210746765
test\liangying\000040.png,liangying,1,0.7797394394874573
test\liangying\000041.png,liangying,1,0.6192710399627686
test\liangying\000042.png,liangying,1,0.8026511073112488
test\liangying\000043.png,liangying,1,0.7561280131340027
test\liangying\000044.png,liangying,1,0.7435984015464783
test\liangying\000045.png,liangying,1,0.540422260761261
test\liangying\000046.png,liangying,1,0.5994517803192139
test\liangying\000047.png,liangying,1,0.6671180129051208
test\liangying\000048.png,liangying,1,0.6290321946144104
test\liangying\000049.png,liangying,1,0.5828976035118103
test\liangying\000050.png,liangying,1,0.6620239615440369
test\liangying\000051.png,liangying,1,0.5956357717514038
test\liangying\000052.png,liangying,1,0.6474044322967529
test\liangying\000053.png,liangying,1,0.7925519347190857
test\liangying\000054.png,liangying,1,0.6393963098526001
test\liangying\000055.png,liangying,1,0.7070220708847046
test\liangying\000056.png,liangying,1,0.7856366634368896
test\liangying\000057.png,liangying,1,0.7299504280090332
test\pengshang\000000.png,pengshang,1,0.6804227828979492
test\pengshang\000001.png,pengshang,1,0.6545245051383972
test\pengshang\000002.png,pengshang,1,0.7323940992355347
test\pengshang\000003.png,pengshang,1,0.6328667402267456
test\pengshang\000004.png,pengshang,1,0.6595969200134277
test\pengshang\000005.png,pengshang,1,0.7410537004470825
test\pengshang\000006.png,pengshang,1,0.5801881551742554
test\pengshang\000007.png,pengshang,1,0.5820315480232239
test\pengshang\000008.png,pengshang,1,0.6644666194915771
test\pengshang\000009.png,pengshang,1,0.7126781344413757
test\pengshang\000010.png,pengshang,1,0.6779195666313171
test\pengshang\000011.png,pengshang,1,0.6936075687408447
test\pengshang\000012.png,pengshang,1,0.6645276546478271
test\pengshang\000013.png,pengshang,1,0.7500787377357483
test\pengshang\000014.png,pengshang,1,0.6951098442077637
test\shuiyin\000000.png,shuiyin,1,0.8124260306358337
test\shuiyin\000001.png,shuiyin,1,0.7987264394760132
test\shuiyin\000002.png,shuiyin,1,0.8011263012886047
test\shuiyin\000003.png,shuiyin,1,0.8027204871177673
test\shuiyin\000004.png,shuiyin,1,0.7942127585411072
test\shuiyin\000005.png,shuiyin,1,0.7633935213088989
test\shuiyin\000006.png,shuiyin,1,0.7476677298545837
test\shuiyin\000007.png,shuiyin,1,0.8056131601333618
test\shuiyin\000008.png,shuiyin,1,0.8141766786575317
test\shuiyin\000009.png,shuiyin,1,0.8131963014602661
test\shuiyin\000010.png,shuiyin,1,0.8122283816337585
test\shuiyin\000011.png,shuiyin,1,0.8184810280799866
test\shuiyin\000012.png,shuiyin,1,0.7891756296157837
test\shuiyin\000013.png,shuiyin,1,0.7750218510627747
test\shuiyin\000014.png,shuiyin,1,0.8008477687835693
test\shuiyin\000015.png,shuiyin,1,0.8036860227584839
test\shuiyin\000016.png,shuiyin,1,0.8332614302635193
test\shuiyin\000017.png,shuiyin,1,0.7696539163589478
test\shuiyin\000018.png,shuiyin,1,0.7841068506240845
test\shuiyin\000019.png,shuiyin,1,0.8104059100151062
test\shuiyin\000020.png,shuiyin,1,0.8225659728050232
test\shuiyin\000021.png,shuiyin,1,0.7567591667175293
test\shuiyin\000022.png,shuiyin,1,0.735990583896637
test\shuiyin\000023.png,shuiyin,1,0.8264873623847961
test\shuiyin\000024.png,shuiyin,1,0.8261505365371704
test\shuiyin\000025.png,shuiyin,1,0.8109933137893677
test\shuiyin\000026.png,shuiyin,1,0.7845212817192078
test\shuiyin\000027.png,shuiyin,1,0.7701221108436584
test\shuiyin\000028.png,shuiyin,1,0.860507607460022
test\shuiyin\000029.png,shuiyin,1,0.7879379391670227
test\shuiyin\000030.png,shuiyin,1,0.7753868699073792
test\shuiyin\000031.png,shuiyin,1,0.7660903930664062
test\shuiyin\000032.png,shuiyin,1,0.7490196824073792
test\shuiyin\000033.png,shuiyin,1,0.7567558884620667
test\shuiyin\000034.png,shuiyin,1,0.7774372696876526
test\shuiyin\000035.png,shuiyin,1,0.7376193404197693
test\shuiyin\000036.png,shuiyin,1,0.7838345170021057
test\shuiyin\000037.png,shuiyin,1,0.7911053895950317
test\shuiyin\000038.png,shuiyin,1,0.7937175631523132
test\shuiyin\000039.png,shuiyin,1,0.7823593020439148
test\shuiyin\000040.png,shuiyin,1,0.8088992834091187
test\shuiyin\000041.png,shuiyin,1,0.7747631072998047
test\shuiyin\000042.png,shuiyin,1,0.8203858137130737
test\shuiyin\000043.png,shuiyin,1,0.7725305557250977
test\shuiyin\000044.png,shuiyin,1,0.7944813966751099
test\shuiyin\000045.png,shuiyin,1,0.7634669542312622
test\shuiyin\000046.png,shuiyin,1,0.7775513529777527
test\shuiyin\000047.png,shuiyin,1,0.7881207466125488
test\shuiyin\000048.png,shuiyin,1,0.7690073251724243
test\shuiyin\000049.png,shuiyin,1,0.7614744305610657
test\shuiyin\000050.png,shuiyin,1,0.7861943244934082
test\shuiyin\000051.png,shuiyin,1,0.8049736022949219
test\shuiyin\000052.png,shuiyin,1,0.7816852331161499
test\shuiyin\000053.png,shuiyin,1,0.7719449996948242
test\shuiyin\000054.png,shuiyin,1,0.7523800134658813
test\shuiyin\000055.png,shuiyin,1,0.8121569156646729
test\shuiyin\000056.png,shuiyin,1,0.8018820285797119
test\shuiyin\000057.png,shuiyin,1,0.7834416627883911
test\shuiyin\000058.png,shuiyin,1,0.7623084783554077
test\shuiyin\000059.png,shuiyin,1,0.7555150985717773
test\shuiyin\000060.png,shuiyin,1,0.7915435433387756
test\shuiyin\000061.png,shuiyin,1,0.8155864477157593
test\shuiyin\000062.png,shuiyin,1,0.7883373498916626
test\shuiyin\000063.png,shuiyin,1,0.7921526432037354
test\shuiyin\000064.png,shuiyin,1,0.8083961009979248
test\shuiyin\000065.png,shuiyin,1,0.8102599382400513
test\shuiyin\000066.png,shuiyin,1,0.7732492685317993
test\shuiyin\000067.png,shuiyin,1,0.8074460029602051
test\shuiyin\000068.png,shuiyin,1,0.8054770231246948
test\shuiyin\000069.png,shuiyin,1,0.7748826742172241
test\shuiyin\000070.png,shuiyin,1,0.7644670009613037
test\shuiyin\000071.png,shuiyin,1,0.7558298707008362
test\shuiyin\000072.png,shuiyin,1,0.8202049732208252
test\shuiyin\000073.png,shuiyin,1,0.7568085193634033
test\shuiyin\000074.png,shuiyin,1,0.788221001625061
test\shuiyin\000075.png,shuiyin,1,0.7770209312438965
test\shuiyin\000076.png,shuiyin,1,0.7840632796287537
test\shuiyin\000077.png,shuiyin,1,0.7871510982513428
test\shuiyin\000078.png,shuiyin,1,0.8476285338401794
test\shuiyin\000079.png,shuiyin,1,0.8198176622390747
test\shuiyin\000080.png,shuiyin,1,0.7470335960388184
test\shuiyin\000081.png,shuiyin,1,0.7047642469406128
test\shuiyin\000082.png,shuiyin,1,0.7505626082420349
test\shuiyin\000083.png,shuiyin,1,0.7999033331871033
test\shuiyin\000084.png,shuiyin,1,0.7903131246566772
test\shuiyin\000085.png,shuiyin,1,0.8308266997337341
test\shuiyin\000086.png,shuiyin,1,0.7612534165382385
test\shuiyin\000087.png,shuiyin,1,0.7955947518348694
test\shuiyin\000088.png,shuiyin,1,0.8331900835037231
test\shuiyin\000089.png,shuiyin,1,0.8319801688194275
test\shuiyin\000090.png,shuiyin,1,0.7752652168273926
test\shuiyin\000091.png,shuiyin,1,0.8003734946250916
test\yashang\000000.png,yashang,1,0.7955454587936401
test\yashang\000001.png,yashang,1,0.7906099557876587
test\yashang\000002.png,yashang,1,0.9011767506599426
test\yashang\000003.png,yashang,1,0.6820222735404968
test\yashang\000004.png,yashang,1,0.8947872519493103
test\yashang\000005.png,yashang,1,0.7886027693748474
test\yashang\000006.png,yashang,1,0.8672937154769897
test\yashang\000007.png,yashang,1,0.8256810903549194
test\yashang\000008.png,yashang,1,0.8026442527770996
test\yashang\000009.png,yashang,1,0.8626940846443176
test\yashang\000010.png,yashang,1,0.8087827563285828
test\yashang\000011.png,yashang,1,0.8255486488342285
test\yashang\000012.png,yashang,1,0.8084157705307007
test\yashang\000013.png,yashang,1,0.8796702027320862
test\yashang\000014.png,yashang,1,0.8590481877326965
test\yashang\000015.png,yashang,1,0.789857804775238
test\yashang\000016.png,yashang,1,0.8499784469604492
test\yashang\000017.png,yashang,1,0.8083041310310364
test\yashang\000018.png,yashang,1,0.7949861288070679
test\yashang\000019.png,yashang,1,0.8340593576431274
test\yashang\000020.png,yashang,1,0.8536771535873413
test\yashang\000021.png,yashang,1,0.8313320875167847
test\yashang\000022.png,yashang,1,0.7949591279029846
test\yashang\000023.png,yashang,1,0.49717485904693604
test\yashang\000024.png,yashang,1,0.7403802871704102
test\yashang\000025.png,yashang,1,0.7467740774154663
test\yashang\000026.png,yashang,1,0.7474985718727112
test\yashang\000027.png,yashang,1,0.5384200215339661
test\yashang\000028.png,yashang,1,0.8293332457542419
test\yashang\000029.png,yashang,1,0.7789104580879211
test\yashang\000030.png,yashang,1,0.7412306666374207
test\yashang\000031.png,yashang,1,0.7626302242279053
test\yashang\000032.png,yashang,1,0.824784517288208
test\yashang\000033.png,yashang,1,0.8281221389770508
test\yashang\000034.png,yashang,1,0.8092143535614014
test\yashang\000035.png,yashang,1,0.7991079688072205
test\yashang\000036.png,yashang,1,0.8093596696853638
test\yashang\000037.png,yashang,1,0.6955606341362
test\yashang\000038.png,yashang,1,0.7990627288818359
test\yashang\000039.png,yashang,1,0.7869963049888611
test\yashang\000040.png,yashang,1,0.8231531381607056
test\yashang\000041.png,yashang,1,0.6392619013786316
test\yashang\000042.png,yashang,1,0.937427282333374
test\yashang\000043.png,yashang,1,0.8098192811012268
test\yashang\000044.png,yashang,1,0.7961987853050232
test\yashang\000045.png,yashang,1,0.7112599611282349
test\yashang\000046.png,yashang,1,0.7847359776496887
test\yashang\000047.png,yashang,1,0.732498049736023
test\yashang\000048.png,yashang,1,0.8256754279136658
test\yashang\000049.png,yashang,1,0.7712286114692688
test\yashang\000050.png,yashang,1,0.8171970844268799
test\yashang\000051.png,yashang,1,0.7845375537872314
test\yashang\000052.png,yashang,1,0.7848200798034668
test\yashang\000053.png,yashang,1,0.8100925087928772
test\yashang\000054.png,yashang,1,0.8345390558242798
test\yashang\000055.png,yashang,1,0.7099577188491821
test\yashang\000056.png,yashang,1,0.7822188138961792
test\yashang\000057.png,yashang,1,0.8356271982192993
test\yashang\000058.png,yashang,1,0.7365395426750183
test\yashang\000059.png,yashang,1,0.6695089340209961
test\yashang\000060.png,yashang,1,0.7718543410301208
test\yashang\000061.png,yashang,1,0.7172269821166992
test\yashang\000062.png,yashang,1,0.7229512333869934
test\yashang\000063.png,yashang,1,0.7587058544158936
test\yashang\000064.png,yashang,1,0.7878015637397766
test\yashang\000065.png,yashang,1,0.7457118034362793
test\yashang\000066.png,yashang,1,0.7133303880691528
test\yashang\000067.png,yashang,1,0.783230721950531
test\yashang\000068.png,yashang,1,0.8312958478927612
test\yashang\000069.png,yashang,1,0.8264083862304688
test\yashang\000070.png,yashang,1,0.7467735409736633
test\yashang\000071.png,yashang,1,0.6977062225341797
test\yashang\000072.png,yashang,1,0.7188417315483093
test\yashang\000073.png,yashang,1,0.8157361745834351
test\yashang\000074.png,yashang,1,0.7751607298851013
test\yashang\000075.png,yashang,1,0.7208759784698486
test\yashang\000076.png,yashang,1,0.8327581286430359
test\yashang\000077.png,yashang,1,0.7469190955162048
test\yashang\000078.png,yashang,1,0.7451372742652893
test\yashang\000079.png,yashang,1,0.571286141872406
test\yashang\000080.png,yashang,1,0.6328290700912476
test\yashang\000081.png,yashang,1,0.7930992841720581
test\yashang\000082.png,yashang,1,0.7507256865501404
test\yashang\000083.png,yashang,1,0.7448222637176514
test\yashang\000084.png,yashang,1,0.7909645438194275
test\yashang\000085.png,yashang,1,0.7343685626983643
test\yashang\000086.png,yashang,1,0.6751760840415955
test\yashang\000087.png,yashang,1,0.7685806155204773
test\yashang\000088.png,yashang,1,0.8518751859664917
test\yashang\000089.png,yashang,1,0.792603075504303
test\yashang\000090.png,yashang,1,0.7714071869850159
test\yashang\000091.png,yashang,1,0.788140058517456
test\yashang\000092.png,yashang,1,0.6935122013092041
test\yashang\000093.png,yashang,1,0.6854884624481201
test\yashang\000094.png,yashang,1,0.74765545129776
test\yashang\000095.png,yashang,1,0.724095344543457
test\yashang\000096.png,yashang,1,0.7270536422729492
test\yashang\000097.png,yashang,1,0.8042641878128052
test\yashang\000098.png,yashang,1,0.6177017092704773
test\yashang\000099.png,yashang,1,0.5905446410179138
test\yashang\000100.png,yashang,1,0.6265130639076233
test\yashang\000101.png,yashang,1,0.4797022342681885
test\yashang\000102.png,yashang,1,0.4707166850566864
test\yashang\000103.png,yashang,1,0.5248143076896667
test\yashang\000104.png,yashang,1,0.5528436899185181
test\yashang\000105.png,yashang,1,0.5536091923713684
test\yashang\000106.png,yashang,1,0.46875303983688354
test\yashang\000107.png,yashang,1,0.8038308024406433
test\yashang\000108.png,yashang,1,0.808663547039032
test\yashang\000109.png,yashang,1,0.805176317691803
test\yashang\000110.png,yashang,1,0.6396864652633667
test\yashang\000111.png,yashang,1,0.721323549747467
test\yashang\000112.png,yashang,1,0.5707155466079712
test\yashang\000113.png,yashang,1,0.6374806761741638
test\yashang\000114.png,yashang,1,0.9180909395217896
test\yashang\000115.png,yashang,1,0.7877017259597778
test\yashang\000116.png,yashang,1,0.8429719805717468
test\yashang\000117.png,yashang,1,0.6167345643043518
test\yashang\000118.png,yashang,1,0.8172513842582703
test\yashang\000119.png,yashang,1,0.8640854358673096
test\yashang\000120.png,yashang,1,0.7692165374755859
test\yashang\000121.png,yashang,1,0.8841020464897156
test\yashang\000122.png,yashang,1,0.7598971128463745
test\yashang\000123.png,yashang,1,0.802715539932251
test\yashang\000124.png,yashang,1,0.8153762817382812
test\yashang\000125.png,yashang,1,0.8032314777374268
test\yashang\000126.png,yashang,1,0.7168412208557129
test\yashang\000127.png,yashang,1,0.6950588226318359
test\yashang\000128.png,yashang,1,0.8616973757743835
test\yashang\000129.png,yashang,1,0.6880636215209961
test\yashang\000130.png,yashang,1,0.8204392194747925
test\yashang\000131.png,yashang,1,0.8057807683944702
test\yashang\000132.png,yashang,1,0.8718120455741882
test\yashang\000133.png,yashang,1,0.7467467188835144
test\yashang\000134.png,yashang,1,0.5478053092956543
test\yashang\000135.png,yashang,1,0.6162257194519043
test\yashang\000136.png,yashang,1,0.7891704440116882
test\yashang\000137.png,yashang,1,0.7963082194328308
test\yashang\000138.png,yashang,1,0.6513022184371948
test\yashang\000139.png,yashang,1,0.7847698926925659
test\yashang\000140.png,yashang,1,0.6362999081611633
test\yashang\000141.png,yashang,1,0.7494053244590759
test\yashang\000142.png,yashang,1,0.7446478605270386
test\yashang\000143.png,yashang,1,0.6591609716415405
test\yashang\000144.png,yashang,1,0.6397413611412048
test\yashang\000145.png,yashang,1,0.6014519333839417
test\yashang\000146.png,yashang,1,0.5709649920463562
test\yashang\000147.png,yashang,1,0.671617865562439
test\yashang\000148.png,yashang,1,0.551647961139679
test\yashang\000149.png,yashang,1,0.7982358932495117
test\yashang\000150.png,yashang,1,0.6233493685722351
test\yashang\000151.png,yashang,1,0.5536468029022217
test\yashang\000152.png,yashang,1,0.7224555611610413
test\yashang\000153.png,yashang,1,0.5407674908638
test\yashang\000154.png,yashang,1,0.8608230352401733
test\yashang\000155.png,yashang,1,0.8130736351013184
test\yashang\000156.png,yashang,1,0.6256499886512756
test\yashang\000157.png,yashang,1,0.645712673664093
test\yashang\000158.png,yashang,1,0.5140686631202698
test\yashang\000159.png,yashang,1,0.6279177069664001
test\yashang\000160.png,yashang,1,0.8211437463760376
test\yashang\000161.png,yashang,1,0.7808157801628113
test\yashang\000162.png,yashang,1,0.5247803926467896
test\yashang\000163.png,yashang,1,0.4828181862831116
test\yashang\000164.png,yashang,1,0.8489868640899658
test\yashang\000165.png,yashang,1,0.5106407403945923
test\yashang\000166.png,yashang,1,0.5603074431419373
test\yashang\000167.png,yashang,1,0.8690465688705444
test\yashang\000168.png,yashang,1,0.5652872323989868
test\yashang\000169.png,yashang,1,0.46598100662231445
test\yashang\000170.png,yashang,1,0.5286588668823242
test\yashang\000171.png,yashang,1,0.8225114941596985
test\yashang\000172.png,yashang,1,0.6077703237533569
test\yashang\000173.png,yashang,1,0.739457905292511
test\yashang\000174.png,yashang,1,0.4788833260536194
test\yashang\000175.png,yashang,1,0.756247878074646
test\yashang\000176.png,yashang,1,0.4967573583126068
test\yashang\000177.png,yashang,1,0.7996851205825806
test\yashang\000178.png,yashang,1,0.7993540167808533
test\yashang\000179.png,yashang,1,0.8274182677268982
test\yashang\000180.png,yashang,1,0.539235532283783
test\yashang\000181.png,yashang,1,0.4684414267539978
test\yashang\000182.png,yashang,1,0.48001015186309814
test\yashang\000183.png,yashang,1,0.526942253112793
test\yashang\000184.png,yashang,1,0.8199872970581055
test\yashang\000185.png,yashang,1,0.6266471147537231
test\yashang\000186.png,yashang,1,0.7241253852844238
test\yashang\000187.png,yashang,1,0.4925868511199951
test\yashang\000188.png,yashang,1,0.5479006171226501
test\yashang\000189.png,yashang,1,0.5092232823371887
test\yashang\000190.png,yashang,1,0.5888447165489197
test\yashang\000191.png,yashang,1,0.6307772397994995
test\yashang\000192.png,yashang,1,0.4860535264015198
test\yashang\000193.png,yashang,1,0.6076398491859436
test\yashang\000194.png,yashang,1,0.49282142519950867
test\yashang\000195.png,yashang,1,0.6273754835128784
test\yashang\000196.png,yashang,1,0.5283982753753662
test\yashang\000197.png,yashang,1,0.725375771522522
test\yashang\000198.png,yashang,1,0.803782045841217
test\yashang\000199.png,yashang,1,0.4800322353839874
test\yashang\000200.png,yashang,1,0.4813939332962036
test\yashang\000201.png,yashang,1,0.7511089444160461
test\yashang\000202.png,yashang,1,0.7668061852455139
test\yashang\000203.png,yashang,1,0.8194110989570618
test\yashang\000204.png,yashang,1,0.5519331097602844
test\yashang\000205.png,yashang,1,0.5145877599716187
test\yashang\000206.png,yashang,1,0.8905801773071289
test\yashang\000207.png,yashang,1,0.7031803727149963
test\yashang\000208.png,yashang,1,0.6302063465118408
test\yashang\000209.png,yashang,1,0.5011257529258728
test\yashang\000210.png,yashang,1,0.4656476676464081
test\yashang\000211.png,yashang,1,0.4772563874721527
test\yashang\000212.png,yashang,1,0.5163232088088989
test\yashang\000213.png,yashang,1,0.6835858225822449
test\yashang\000214.png,yashang,1,0.7845872044563293
test\yashang\000215.png,yashang,1,0.8349790573120117
test\yashang\000216.png,yashang,1,0.5530363321304321
test\yashang\000217.png,yashang,1,0.7571098208427429
test\yashang\000218.png,yashang,1,0.7522094249725342
test\yashang\000219.png,yashang,1,0.6092628836631775
test\yashang\000220.png,yashang,1,0.6928780674934387
test\yashang\000221.png,yashang,1,0.8075047731399536
test\yashang\000222.png,yashang,1,0.70712810754776
test\yashang\000223.png,yashang,1,0.7426624298095703
test\yashang\000224.png,yashang,1,0.6971866488456726
test\yise\000000.png,yise,1,0.72303706407547
test\yise\000001.png,yise,1,0.7686592936515808
test\yise\000002.png,yise,1,0.6723597645759583
test\yise\000003.png,yise,1,0.5610024333000183
test\yise\000004.png,yise,1,0.6075260043144226
test\yise\000005.png,yise,1,0.8212650418281555
test\yise\000006.png,yise,1,0.700389564037323
test\yise\000007.png,yise,1,0.7201704978942871
test\yise\000008.png,yise,1,0.728756308555603
test\yise\000009.png,yise,1,0.7725823521614075
test\yise\000010.png,yise,1,0.645630955696106
test\yise\000011.png,yise,1,0.7167519927024841
test\yise\000012.png,yise,1,0.6164239048957825
test\yise\000013.png,yise,1,0.8487640619277954
test\yise\000014.png,yise,1,0.9092920422554016
test\yise\000015.png,yise,1,0.7414063811302185
test\yise\000016.png,yise,1,0.7891963720321655
test\yise\000017.png,yise,1,0.7073785662651062
test\yise\000018.png,yise,1,0.8327187299728394
test\yise\000019.png,yise,1,0.8084921836853027
test\yise\000020.png,yise,1,0.878551721572876
test\yise\000021.png,yise,1,0.777272641658783
test\yise\000022.png,yise,1,0.5829799175262451
test\yise\000023.png,yise,1,0.7227062582969666
test\yise\000024.png,yise,1,0.8170097470283508
test\yise\000025.png,yise,1,0.692939817905426
test\yise\000026.png,yise,1,0.6659338474273682
test\yise\000027.png,yise,1,0.8075074553489685
test\yise\000028.png,yise,1,0.7866922616958618
test\yise\000029.png,yise,1,0.6568766832351685
test\yise\000030.png,yise,1,0.8159409761428833
test\yise\000031.png,yise,1,0.753073513507843
test\yise\000032.png,yise,1,0.7271047234535217
test\yise\000033.png,yise,1,0.7289233803749084
test\yise\000034.png,yise,1,0.6724683046340942
test\yise\000035.png,yise,1,0.7116667032241821
test\yise\000036.png,yise,1,0.6728755831718445
test\yise\000037.png,yise,1,0.8162630200386047
test\yise\000038.png,yise,1,0.8391596674919128
test\yise\000039.png,yise,1,0.7610787153244019
test\yise\000040.png,yise,1,0.5288136601448059
test\yise\000041.png,yise,1,0.8611961603164673
test\yise\000042.png,yise,1,0.7869044542312622
test\yise\000043.png,yise,1,0.7799729108810425
test\yise\000044.png,yise,1,0.8287431597709656
test\yise\000045.png,yise,1,0.7733936309814453
test\yise\000046.png,yise,1,0.8417061567306519
test\yise\000047.png,yise,1,0.8141602873802185
test\yise\000048.png,yise,1,0.6865305304527283
test\yise\000049.png,yise,1,0.7335208058357239
test\yise\000050.png,yise,1,0.6004301309585571
test\yise\000051.png,yise,1,0.6263940334320068
test\yise\000052.png,yise,1,0.7970263957977295
test\yise\000053.png,yise,1,0.6481376886367798
