image_path,defect_type,true_label,score,valid_patches
test\aotu\000000.png,aotu,1,0.7890750169754028,1024
test\aotu\000001.png,aotu,1,0.7938164472579956,1024
test\aotu\000002.png,aotu,1,0.7178991436958313,1024
test\aotu\000003.png,aotu,1,0.8172910213470459,1024
test\aotu\000004.png,aotu,1,0.7805242538452148,1024
test\aotu\000005.png,aotu,1,0.7738164663314819,1024
test\aotu\000006.png,aotu,1,0.7460782527923584,1024
test\aotu\000007.png,aotu,1,0.7281689047813416,1024
test\aotu\000008.png,aotu,1,0.7243237495422363,1024
test\aotu\000009.png,aotu,1,0.7605640888214111,1024
test\aotu\000010.png,aotu,1,0.7405332922935486,1024
test\aotu\000011.png,aotu,1,0.7290283441543579,1024
test\aotu\000012.png,aotu,1,0.7516507506370544,1024
test\aotu\000013.png,aotu,1,0.6657806634902954,1024
test\aotu\000014.png,aotu,1,0.6670408844947815,1024
test\aotu\000015.png,aotu,1,0.7349478006362915,1024
test\aotu\000016.png,aotu,1,0.6758831739425659,1024
test\aotu\000017.png,aotu,1,0.7642406225204468,1024
test\aotu\000018.png,aotu,1,0.7611955404281616,1024
test\aotu\000019.png,aotu,1,0.7428961396217346,1024
test\aotu\000020.png,aotu,1,0.7463021278381348,1024
test\aotu\000021.png,aotu,1,0.7053552865982056,1024
test\aotu\000022.png,aotu,1,0.7681147456169128,1024
test\aotu\000023.png,aotu,1,0.704129695892334,1024
test\aotu\000024.png,aotu,1,0.6716393232345581,1024
test\aotu\000025.png,aotu,1,0.6653813719749451,1024
test\aotu\000026.png,aotu,1,0.6648702621459961,1024
test\aotu\000027.png,aotu,1,0.6652550101280212,1024
test\aotu\000028.png,aotu,1,0.6877518892288208,1024
test\aotu\000029.png,aotu,1,0.7120491862297058,1024
test\aotu\000030.png,aotu,1,0.7522097229957581,1024
test\aotu\000031.png,aotu,1,0.6961690187454224,1024
test\aotu\000032.png,aotu,1,0.7977817058563232,1024
test\aotu\000033.png,aotu,1,0.5851205587387085,1024
test\aotu\000034.png,aotu,1,0.7509238719940186,1024
test\aotu\000035.png,aotu,1,0.6990020871162415,1024
test\aotu\000036.png,aotu,1,0.7204441428184509,1024
test\aotu\000037.png,aotu,1,0.722517728805542,1024
test\aotu\000038.png,aotu,1,0.6784249544143677,1024
test\aotu\000039.png,aotu,1,0.704706072807312,1024
test\aotu\000040.png,aotu,1,0.7077415585517883,1024
test\aotu\000041.png,aotu,1,0.5487257838249207,1024
test\aotu\000042.png,aotu,1,0.5575938820838928,1024
test\aotu\000043.png,aotu,1,0.7085956931114197,1024
test\aotu\000044.png,aotu,1,0.7021800875663757,1024
test\aotu\000045.png,aotu,1,0.7721843123435974,1024
test\aotu\000046.png,aotu,1,0.5886793732643127,1024
test\aotu\000047.png,aotu,1,0.6277028918266296,1024
test\aotu\000048.png,aotu,1,0.6536194086074829,1024
test\aotu\000049.png,aotu,1,0.7280380129814148,1024
test\aotu\000050.png,aotu,1,0.7431104183197021,1024
test\aotu\000051.png,aotu,1,0.6033011674880981,1024
test\aotu\000052.png,aotu,1,0.7493700981140137,1024
test\aotu\000053.png,aotu,1,0.7232999801635742,1024
test\aotu\000054.png,aotu,1,0.670883059501648,1024
test\aotu\000055.png,aotu,1,0.6011670231819153,1024
test\aotu\000056.png,aotu,1,0.6907730102539062,1024
test\aotu\000057.png,aotu,1,0.7029204368591309,1024
test\aotu\000058.png,aotu,1,0.6822783350944519,1024
test\aotu\000059.png,aotu,1,0.7614946365356445,1024
test\aotu\000060.png,aotu,1,0.5997135639190674,1024
test\aotu\000061.png,aotu,1,0.5591290593147278,1024
test\aotu\000062.png,aotu,1,0.659710168838501,1024
test\aotu\000063.png,aotu,1,0.6964555382728577,1024
test\aotu\000064.png,aotu,1,0.6821602582931519,1024
test\aotu\000065.png,aotu,1,0.6271514296531677,1024
test\aotu\000066.png,aotu,1,0.6367857456207275,1024
test\aotu\000067.png,aotu,1,0.7369349002838135,1024
test\aotu\000068.png,aotu,1,0.653019368648529,1024
test\aotu\000069.png,aotu,1,0.7327863574028015,1024
test\aotu\000070.png,aotu,1,0.6250680685043335,1024
test\aotu\000071.png,aotu,1,0.6608448028564453,1024
test\aotu\000072.png,aotu,1,0.7613368630409241,1024
test\aotu\000073.png,aotu,1,0.7885116338729858,1024
test\aotu\000074.png,aotu,1,0.7861604690551758,1024
test\aotu\000075.png,aotu,1,0.6531202793121338,1024
test\aotu\000076.png,aotu,1,0.6548160314559937,1024
test\aotu\000077.png,aotu,1,0.7485570311546326,1024
test\aotu\000078.png,aotu,1,0.5572713017463684,1024
test\aotu\000079.png,aotu,1,0.5827265977859497,1024
test\bianxing\000000.png,bianxing,1,0.5884052515029907,1024
test\bianxing\000001.png,bianxing,1,0.6675367951393127,1024
test\bianxing\000002.png,bianxing,1,0.7062364220619202,1024
test\bianxing\000003.png,bianxing,1,0.7732505798339844,384
test\bianxing\000004.png,bianxing,1,0.6459587216377258,384
test\bianxing\000005.png,bianxing,1,0.7629973888397217,384
test\bianxing\000006.png,bianxing,1,0.6558697819709778,1024
test\bianxing\000007.png,bianxing,1,0.5675538182258606,1024
test\bianxing\000008.png,bianxing,1,0.7215868234634399,1024
test\bianxing\000009.png,bianxing,1,0.5767614245414734,1024
test\bianxing\000010.png,bianxing,1,0.5886439681053162,1024
test\bianxing\000011.png,bianxing,1,0.7119090557098389,1024
test\bianxing\000012.png,bianxing,1,0.6714245080947876,1024
test\bianxing\000013.png,bianxing,1,0.7113322019577026,1024
test\bianxing\000014.png,bianxing,1,0.5794684886932373,1024
test\bianxing\000015.png,bianxing,1,0.7215090394020081,1024
test\bianxing\000016.png,bianxing,1,0.5927945375442505,1024
test\bianxing\000017.png,bianxing,1,0.5618351101875305,1024
test\bianxing\000018.png,bianxing,1,0.5930473804473877,1024
test\bianxing\000019.png,bianxing,1,0.5792924761772156,1024
test\bianxing\000020.png,bianxing,1,0.5100886821746826,1024
test\bianxing\000021.png,bianxing,1,0.7290161848068237,1024
test\bianxing\000022.png,bianxing,1,0.6421652436256409,1024
test\bianxing\000023.png,bianxing,1,0.6517720818519592,1024
test\bianxing\000024.png,bianxing,1,0.563056230545044,1024
test\bianxing\000025.png,bianxing,1,0.625579833984375,1024
test\bianxing\000026.png,bianxing,1,0.6207813024520874,1024
test\bianxing\000027.png,bianxing,1,0.6431748270988464,1024
test\bianxing\000028.png,bianxing,1,0.6776212453842163,1024
test\bianxing\000029.png,bianxing,1,0.6693481802940369,1024
test\bianxing\000030.png,bianxing,1,0.7132975459098816,1024
test\bianxing\000031.png,bianxing,1,0.6602205038070679,1024
test\bianxing\000032.png,bianxing,1,0.6766167879104614,1024
test\bianxing\000033.png,bianxing,1,0.6960884928703308,1024
test\bianxing\000034.png,bianxing,1,0.6851100325584412,1024
test\bianxing\000035.png,bianxing,1,0.6355466842651367,1024
test\bianxing\000036.png,bianxing,1,0.4998726546764374,1024
test\bianxing\000037.png,bianxing,1,0.6791921257972717,1024
test\bianxing\000038.png,bianxing,1,0.5193080306053162,640
test\bianxing\000039.png,bianxing,1,0.8040077686309814,640
test\fabai\000000.png,fabai,1,0.5932599306106567,1024
test\fabai\000001.png,fabai,1,0.6614870429039001,1024
test\fabai\000002.png,fabai,1,0.6529868841171265,1024
test\fabai\000003.png,fabai,1,0.6802456974983215,1024
test\fabai\000004.png,fabai,1,0.7533848285675049,1024
test\fabai\000005.png,fabai,1,0.7284651398658752,768
test\fabai\000006.png,fabai,1,0.78801429271698,1024
test\fabai\000007.png,fabai,1,0.7367808222770691,1024
test\fabai\000008.png,fabai,1,0.7913769483566284,1024
test\fabai\000009.png,fabai,1,0.6567381024360657,1024
test\fabai\000010.png,fabai,1,0.663873553276062,1024
test\fabai\000011.png,fabai,1,0.6610462665557861,1024
test\fabai\000012.png,fabai,1,0.70162433385849,1024
test\fabai\000013.png,fabai,1,0.786730170249939,1024
test\fabai\000014.png,fabai,1,0.7743424773216248,1024
test\fabai\000015.png,fabai,1,0.6642240285873413,1024
test\fabai\000016.png,fabai,1,0.8367717266082764,1024
test\fabai\000017.png,fabai,1,0.7658270597457886,1024
test\fabai\000018.png,fabai,1,0.922825038433075,1024
test\fabai\000019.png,fabai,1,0.7426660060882568,1024
test\fabai\000020.png,fabai,1,0.8234888911247253,1024
test\fabai\000021.png,fabai,1,0.8990021347999573,1024
test\fabai\000022.png,fabai,1,0.8769047856330872,1024
test\fabai\000023.png,fabai,1,0.8607137203216553,1024
test\fabai\000024.png,fabai,1,0.6167883276939392,1024
test\fabai\000025.png,fabai,1,0.6811081767082214,1024
test\fabai\000026.png,fabai,1,0.6031727194786072,1024
test\fabai\000027.png,fabai,1,0.7749484777450562,1024
test\fabai\000028.png,fabai,1,0.7033057808876038,1024
test\fabai\000029.png,fabai,1,0.8210938572883606,1024
test\fabai\000030.png,fabai,1,0.77981036901474,1024
test\fabai\000031.png,fabai,1,0.6368611454963684,960
test\fabai\000032.png,fabai,1,0.7911626100540161,960
test\fabai\000033.png,fabai,1,0.7758994102478027,448
test\fabai\000034.png,fabai,1,0.7574102878570557,448
test\fabai\000035.png,fabai,1,0.7741652131080627,448
test\fabai\000036.png,fabai,1,0.7663803100585938,448
test\fabai\000037.png,fabai,1,0.9367109537124634,1024
test\fabai\000038.png,fabai,1,0.8730224967002869,1024
test\fabai\000039.png,fabai,1,0.9047014713287354,1024
test\fabai\000040.png,fabai,1,0.863558828830719,1024
test\fabai\000041.png,fabai,1,0.594819188117981,1024
test\fabai\000042.png,fabai,1,0.7693654894828796,1024
test\fabai\000043.png,fabai,1,0.7305129766464233,1024
test\fabai\000044.png,fabai,1,0.7757837176322937,1024
test\fabai\000045.png,fabai,1,0.785509467124939,1024
test\fabai\000046.png,fabai,1,0.6605063676834106,448
test\fabai\000047.png,fabai,1,0.7190918326377869,448
test\fabai\000048.png,fabai,1,0.7831876277923584,448
test\fabai\000049.png,fabai,1,0.6338568925857544,448
test\fabai\000050.png,fabai,1,0.6917991638183594,448
test\fabai\000051.png,fabai,1,0.7304033637046814,1024
test\fabai\000052.png,fabai,1,0.850016713142395,1024
test\fabai\000053.png,fabai,1,0.7547109723091125,1024
test\fabai\000054.png,fabai,1,0.7585439682006836,1024
test\fabai\000055.png,fabai,1,0.6452192664146423,1024
test\fabai\000056.png,fabai,1,0.6522083282470703,1024
test\fabai\000057.png,fabai,1,0.6876745820045471,1024
test\fabai\000058.png,fabai,1,0.7004820704460144,1024
test\fabai\000059.png,fabai,1,0.6659339070320129,1024
test\fabai\000060.png,fabai,1,0.7651722431182861,1024
test\fabai\000061.png,fabai,1,0.727235734462738,896
test\fabai\000062.png,fabai,1,0.7368034720420837,896
test\fabai\000063.png,fabai,1,0.7051776051521301,896
test\fabai\000064.png,fabai,1,0.7026094794273376,896
test\fabai\000065.png,fabai,1,0.8029109835624695,896
test\fabai\000066.png,fabai,1,0.7137630581855774,896
test\fabai\000067.png,fabai,1,0.6959091424942017,1024
test\fabai\000068.png,fabai,1,0.6478158235549927,1024
test\fabai\000069.png,fabai,1,0.784220814704895,1024
test\fabai\000070.png,fabai,1,0.718244194984436,896
test\fabai\000071.png,fabai,1,0.7781652808189392,896
test\fabai\000072.png,fabai,1,0.6815983057022095,896
test\fabai\000073.png,fabai,1,0.8563734292984009,896
test\fabai\000074.png,fabai,1,0.6749210953712463,896
test\fabai\000075.png,fabai,1,0.7425082921981812,896
test\fabai\000076.png,fabai,1,0.7339299917221069,896
test\fabai\000077.png,fabai,1,0.7396847605705261,896
test\fabai\000078.png,fabai,1,0.7537714242935181,896
test\fabai\000079.png,fabai,1,0.7705984115600586,896
test\fabai\000080.png,fabai,1,0.5667887330055237,1024
test\fabai\000081.png,fabai,1,0.8706793189048767,1024
test\fabai\000082.png,fabai,1,0.5618725419044495,1024
test\fabai\000083.png,fabai,1,0.5851812958717346,384
test\fabai\000084.png,fabai,1,0.5934343934059143,384
test\fabai\000085.png,fabai,1,0.5805494785308838,384
test\fabai\000086.png,fabai,1,0.5526835918426514,384
test\fabai\000087.png,fabai,1,0.7800105214118958,768
test\fabai\000088.png,fabai,1,0.8316258788108826,768
test\fabai\000089.png,fabai,1,0.8075000643730164,768
test\fabai\000090.png,fabai,1,0.4974058270454407,384
test\fabai\000091.png,fabai,1,0.5552371740341187,384
test\fabai\000092.png,fabai,1,0.5993755459785461,384
test\fabai\000093.png,fabai,1,0.49855008721351624,384
test\fabai\000094.png,fabai,1,0.5423159599304199,960
test\fabai\000095.png,fabai,1,0.7883617877960205,768
test\fabai\000096.png,fabai,1,0.7698770761489868,768
test\fabai\000097.png,fabai,1,0.6967993378639221,896
test\fabai\000098.png,fabai,1,0.7215863466262817,896
test\fabai\000099.png,fabai,1,0.7835288643836975,896
test\fabai\000100.png,fabai,1,0.6779981851577759,896
test\fabai\000101.png,fabai,1,0.721102237701416,896
test\fabai\000102.png,fabai,1,0.7673824429512024,896
test\fabai\000103.png,fabai,1,0.738219141960144,896
test\fabai\000104.png,fabai,1,0.7533485293388367,640
test\fabai\000105.png,fabai,1,0.6997901797294617,448
test\fabai\000106.png,fabai,1,0.7684982419013977,384
test\fabai\000107.png,fabai,1,0.6049562096595764,384
test\good\000000.png,good,0,0.5733451247215271,1024
test\good\000001.png,good,0,0.6355306506156921,1024
test\good\000002.png,good,0,0.553925096988678,1024
test\good\000003.png,good,0,0.5261576771736145,1024
test\good\000004.png,good,0,0.5409413576126099,1024
test\good\000005.png,good,0,0.6163889169692993,1024
test\good\000006.png,good,0,0.630535900592804,1024
test\good\000007.png,good,0,0.6164004802703857,640
test\good\000008.png,good,0,0.5636764764785767,960
test\good\000009.png,good,0,0.5188910365104675,640
test\good\000010.png,good,0,0.489576518535614,896
test\good\000011.png,good,0,0.5802468061447144,1024
test\good\000012.png,good,0,0.6242860555648804,1024
test\good\000013.png,good,0,0.541844367980957,1024
test\good\000014.png,good,0,0.547735869884491,640
test\good\000015.png,good,0,0.5972529053688049,1024
test\good\000016.png,good,0,0.5270951390266418,1024
test\good\000017.png,good,0,0.5851718187332153,1024
test\good\000018.png,good,0,0.6077679991722107,640
test\good\000019.png,good,0,0.5512442588806152,896
test\good\000020.png,good,0,0.5319180488586426,896
test\good\000021.png,good,0,0.5561332702636719,1024
test\good\000022.png,good,0,0.6071028709411621,1024
test\good\000023.png,good,0,0.5968549847602844,1024
test\good\000024.png,good,0,0.4744259715080261,384
test\good\000025.png,good,0,0.5405372977256775,384
test\good\000026.png,good,0,0.5465094447135925,1024
test\good\000027.png,good,0,0.572289764881134,1024
test\good\000028.png,good,0,0.5588736534118652,1024
test\good\000029.png,good,0,0.6067327260971069,1024
test\good\000030.png,good,0,0.5554438233375549,640
test\good\000031.png,good,0,0.564241349697113,1024
test\good\000032.png,good,0,0.5673348903656006,1024
test\good\000033.png,good,0,0.518101155757904,384
test\good\000034.png,good,0,0.5026418566703796,1024
test\good\000035.png,good,0,0.5033115148544312,1024
test\good\000036.png,good,0,0.5932653546333313,1024
test\good\000037.png,good,0,0.5366312265396118,1024
test\good\000038.png,good,0,0.5274253487586975,1024
test\good\000039.png,good,0,0.5864717960357666,1024
test\good\000040.png,good,0,0.5380833745002747,1024
test\good\000041.png,good,0,0.5570009350776672,640
test\good\000042.png,good,0,0.4923698306083679,384
test\good\000043.png,good,0,0.49267226457595825,896
test\good\000044.png,good,0,0.5925909280776978,1024
test\good\000045.png,good,0,0.6278244256973267,384
test\good\000046.png,good,0,0.48961159586906433,1024
test\good\000047.png,good,0,0.6417429447174072,1024
test\good\000048.png,good,0,0.5356156229972839,1024
test\good\000049.png,good,0,0.5099047422409058,1024
test\good\000050.png,good,0,0.48992252349853516,1024
test\good\000051.png,good,0,0.5258775353431702,1024
test\good\000052.png,good,0,0.6115162968635559,896
test\good\000053.png,good,0,0.6449926495552063,1024
test\good\000054.png,good,0,0.5551033020019531,1024
test\good\000055.png,good,0,0.50888592004776,1024
test\good\000056.png,good,0,0.6886628270149231,1024
test\good\000057.png,good,0,0.5958032011985779,1024
test\good\000058.png,good,0,0.6636613607406616,896
test\good\000059.png,good,0,0.5236915946006775,1024
test\good\000060.png,good,0,0.5577419400215149,1024
test\good\000061.png,good,0,0.5441347360610962,1024
test\good\000062.png,good,0,0.5356758236885071,384
test\good\000063.png,good,0,0.5100271105766296,384
test\good\000064.png,good,0,0.5955912470817566,640
test\good\000065.png,good,0,0.5314401388168335,1024
test\good\000066.png,good,0,0.5973532795906067,960
test\good\000067.png,good,0,0.6240221858024597,1024
test\good\000068.png,good,0,0.4895108938217163,384
test\good\000069.png,good,0,0.5333670973777771,1024
test\good\000070.png,good,0,0.6914180517196655,1024
test\good\000071.png,good,0,0.5220336318016052,1024
test\good\000072.png,good,0,0.6353769898414612,1024
test\good\000073.png,good,0,0.5419552326202393,1024
test\good\000074.png,good,0,0.4994261562824249,1024
test\good\000075.png,good,0,0.5318266153335571,896
test\good\000076.png,good,0,0.5215544104576111,1024
test\good\000077.png,good,0,0.590769350528717,1024
test\good\000078.png,good,0,0.5109866261482239,1024
test\good\000079.png,good,0,0.5309119820594788,1024
test\good\000080.png,good,0,0.5543869733810425,1024
test\good\000081.png,good,0,0.641060471534729,896
test\good\000082.png,good,0,0.507079541683197,1024
test\good\000083.png,good,0,0.5666171908378601,1024
test\good\000084.png,good,0,0.4920852780342102,384
test\good\000085.png,good,0,0.46549147367477417,1024
test\good\000086.png,good,0,0.4980475902557373,1024
test\good\000087.png,good,0,0.5975238084793091,384
test\good\000088.png,good,0,0.48050782084465027,1024
test\good\000089.png,good,0,0.5880438089370728,896
test\good\000090.png,good,0,0.5118128657341003,1024
test\good\000091.png,good,0,0.5837568044662476,1024
test\good\000092.png,good,0,0.7767431139945984,448
test\good\000093.png,good,0,0.5400413870811462,1024
test\good\000094.png,good,0,0.6742344498634338,1024
test\good\000095.png,good,0,0.5629830956459045,1024
test\good\000096.png,good,0,0.5148829221725464,1024
test\good\000097.png,good,0,0.5125840306282043,1024
test\good\000098.png,good,0,0.4943476915359497,1024
test\good\000099.png,good,0,0.5647030472755432,1024
test\good\000100.png,good,0,0.5927060842514038,1024
test\good\000101.png,good,0,0.6253905296325684,1024
test\good\000102.png,good,0,0.6322110891342163,640
test\good\000103.png,good,0,0.7030321955680847,1024
test\good\000104.png,good,0,0.6373001933097839,1024
test\good\000105.png,good,0,0.49418923258781433,1024
test\good\000106.png,good,0,0.5932369232177734,1024
test\good\000107.png,good,0,0.5147075057029724,1024
test\good\000108.png,good,0,0.525362491607666,1024
test\good\000109.png,good,0,0.6011353135108948,1024
test\good\000110.png,good,0,0.5591856241226196,896
test\good\000111.png,good,0,0.559535562992096,384
test\good\000112.png,good,0,0.5382851958274841,1024
test\good\000113.png,good,0,0.5202242136001587,1024
test\good\000114.png,good,0,0.4807960093021393,384
test\good\000115.png,good,0,0.5051877498626709,1024
test\good\000116.png,good,0,0.5362039804458618,960
test\good\000117.png,good,0,0.5552290081977844,640
test\good\000118.png,good,0,0.4938225746154785,1024
test\good\000119.png,good,0,0.5529226064682007,896
test\good\000120.png,good,0,0.6099463701248169,1024
test\good\000121.png,good,0,0.526577889919281,1024
test\good\000122.png,good,0,0.5959408283233643,1024
test\good\000123.png,good,0,0.5753371715545654,1024
test\good\000124.png,good,0,0.598158061504364,640
test\good\000125.png,good,0,0.5980635285377502,1024
test\good\000126.png,good,0,0.4851177930831909,1024
test\good\000127.png,good,0,0.5873555541038513,1024
test\good\000128.png,good,0,0.5109491944313049,1024
test\good\000129.png,good,0,0.5484133362770081,1024
test\good\000130.png,good,0,0.6594001054763794,1024
test\good\000131.png,good,0,0.6877570152282715,896
test\good\000132.png,good,0,0.5504276156425476,1024
test\good\000133.png,good,0,0.6147314310073853,640
test\good\000134.png,good,0,0.7515333890914917,384
test\good\000135.png,good,0,0.618824303150177,1024
test\good\000136.png,good,0,0.7442684769630432,1024
test\good\000137.png,good,0,0.48781314492225647,384
test\good\000138.png,good,0,0.5100425481796265,1024
test\good\000139.png,good,0,0.5896599292755127,1024
test\good\000140.png,good,0,0.4786934554576874,1024
test\good\000141.png,good,0,0.5164623856544495,960
test\good\000142.png,good,0,0.544273316860199,1024
test\good\000143.png,good,0,0.546347975730896,1024
test\good\000144.png,good,0,0.6566363573074341,1024
test\good\000145.png,good,0,0.6777321696281433,1024
test\good\000146.png,good,0,0.655188262462616,1024
test\good\000147.png,good,0,0.6262207627296448,896
test\good\000148.png,good,0,0.49951374530792236,1024
test\good\000149.png,good,0,0.7276483178138733,896
test\good\000150.png,good,0,0.6104782223701477,1024
test\good\000151.png,good,0,0.546650767326355,1024
test\good\000152.png,good,0,0.5014061331748962,1024
test\good\000153.png,good,0,0.620142936706543,896
test\good\000154.png,good,0,0.48201075196266174,1024
test\good\000155.png,good,0,0.5892742276191711,1024
test\good\000156.png,good,0,0.5203965902328491,1024
test\good\000157.png,good,0,0.6497319340705872,896
test\good\000158.png,good,0,0.5544414520263672,1024
test\good\000159.png,good,0,0.5365318059921265,1024
test\good\000160.png,good,0,0.5407219529151917,1024
test\good\000161.png,good,0,0.5652915835380554,1024
test\good\000162.png,good,0,0.6470141410827637,1024
test\good\000163.png,good,0,0.641386091709137,896
test\good\000164.png,good,0,0.5353724956512451,896
test\good\000165.png,good,0,0.5168094038963318,1024
test\good\000166.png,good,0,0.523781955242157,1024
test\good\000167.png,good,0,0.5150390267372131,1024
test\good\000168.png,good,0,0.5661793351173401,1024
test\good\000169.png,good,0,0.5114294290542603,1024
test\good\000170.png,good,0,0.5326210856437683,1024
test\good\000171.png,good,0,0.5619586110115051,1024
test\good\000172.png,good,0,0.5844828486442566,1024
test\good\000173.png,good,0,0.6647034883499146,1024
test\good\000174.png,good,0,0.49163010716438293,1024
test\good\000175.png,good,0,0.49730443954467773,1024
test\good\000176.png,good,0,0.5405176281929016,1024
test\good\000177.png,good,0,0.6072969436645508,640
test\good\000178.png,good,0,0.5749679207801819,960
test\good\000179.png,good,0,0.4858614504337311,384
test\good\000180.png,good,0,0.6114892959594727,960
test\good\000181.png,good,0,0.5930299758911133,896
test\good\000182.png,good,0,0.5679067969322205,1024
test\good\000183.png,good,0,0.5278628468513489,1024
test\good\000184.png,good,0,0.5260615944862366,640
test\good\000185.png,good,0,0.5287609100341797,1024
test\good\000186.png,good,0,0.5181772112846375,1024
test\good\000187.png,good,0,0.5390035510063171,1024
test\good\000188.png,good,0,0.48270928859710693,640
test\good\000189.png,good,0,0.5738970041275024,1024
test\good\000190.png,good,0,0.5581613183021545,1024
test\good\000191.png,good,0,0.5754044055938721,1024
test\good\000192.png,good,0,0.550453782081604,1024
test\good\000193.png,good,0,0.5550400614738464,896
test\good\000194.png,good,0,0.6015691161155701,1024
test\good\000195.png,good,0,0.5702141523361206,1024
test\good\000196.png,good,0,0.5652129054069519,1024
test\good\000197.png,good,0,0.5911267399787903,1024
test\good\000198.png,good,0,0.6897101998329163,1024
test\good\000199.png,good,0,0.526704728603363,1024
test\good\000200.png,good,0,0.6122102737426758,1024
test\good\000201.png,good,0,0.5289954543113708,1024
test\good\000202.png,good,0,0.627084493637085,1024
test\good\000203.png,good,0,0.6928399801254272,960
test\good\000204.png,good,0,0.5130417346954346,1024
test\good\000205.png,good,0,0.5647441744804382,1024
test\good\000206.png,good,0,0.5730888247489929,384
test\good\000207.png,good,0,0.6723709106445312,1024
test\good\000208.png,good,0,0.5241503119468689,1024
test\good\000209.png,good,0,0.5819092988967896,1024
test\good\000210.png,good,0,0.5164275169372559,1024
test\good\000211.png,good,0,0.5244147181510925,1024
test\good\000212.png,good,0,0.5902464985847473,640
test\good\000213.png,good,0,0.6124148964881897,1024
test\good\000214.png,good,0,0.5371282696723938,1024
test\good\000215.png,good,0,0.5617883205413818,384
test\good\000216.png,good,0,0.5752061009407043,1024
test\good\000217.png,good,0,0.5355315804481506,1024
test\good\000218.png,good,0,0.53741055727005,1024
test\good\000219.png,good,0,0.571170449256897,1024
test\good\000220.png,good,0,0.5794750452041626,1024
test\good\000221.png,good,0,0.5289411544799805,1024
test\good\000222.png,good,0,0.5114848017692566,1024
test\good\000223.png,good,0,0.5526269674301147,384
test\good\000224.png,good,0,0.5001301765441895,1024
test\good\000225.png,good,0,0.5424475073814392,1024
test\good\000226.png,good,0,0.5099688172340393,384
test\good\000227.png,good,0,0.5674576163291931,1024
test\good\000228.png,good,0,0.5781140923500061,1024
test\good\000229.png,good,0,0.554919421672821,1024
test\good\000230.png,good,0,0.5257362723350525,384
test\good\000231.png,good,0,0.5530064702033997,896
test\good\000232.png,good,0,0.7282865643501282,1024
test\good\000233.png,good,0,0.5872366428375244,1024
test\good\000234.png,good,0,0.527336835861206,1024
test\good\000235.png,good,0,0.47777292132377625,1024
test\good\000236.png,good,0,0.4709725081920624,1024
test\good\000237.png,good,0,0.5873663425445557,1024
test\good\000238.png,good,0,0.6105256676673889,1024
test\good\000239.png,good,0,0.5292430520057678,960
test\good\000240.png,good,0,0.6332590579986572,896
test\good\000241.png,good,0,0.5490728616714478,640
test\good\000242.png,good,0,0.6345683932304382,1024
test\good\000243.png,good,0,0.5738707184791565,1024
test\good\000244.png,good,0,0.6182661652565002,640
test\good\000245.png,good,0,0.6338629126548767,896
test\good\000246.png,good,0,0.5538656115531921,1024
test\good\000247.png,good,0,0.5652959942817688,1024
test\good\000248.png,good,0,0.5747379660606384,1024
test\good\000249.png,good,0,0.5988079309463501,1024
test\good\000250.png,good,0,0.5359764695167542,896
test\good\000251.png,good,0,0.4991922974586487,1024
test\good\000252.png,good,0,0.47489023208618164,1024
test\good\000253.png,good,0,0.5047642588615417,960
test\good\000254.png,good,0,0.5070323944091797,1024
test\good\000255.png,good,0,0.474010705947876,1024
test\good\000256.png,good,0,0.5270386934280396,1024
test\good\000257.png,good,0,0.4828852117061615,1024
test\good\000258.png,good,0,0.6151631474494934,1024
test\good\000259.png,good,0,0.6045604348182678,1024
test\good\000260.png,good,0,0.4850437045097351,384
test\good\000261.png,good,0,0.6393357515335083,1024
test\good\000262.png,good,0,0.5550656318664551,1024
test\good\000263.png,good,0,0.7088850736618042,1024
test\good\000264.png,good,0,0.5377920866012573,384
test\good\000265.png,good,0,0.6186870336532593,1024
test\good\000266.png,good,0,0.5845228433609009,1024
test\good\000267.png,good,0,0.5797598958015442,896
test\good\000268.png,good,0,0.4966510534286499,384
test\good\000269.png,good,0,0.5531211495399475,640
test\good\000270.png,good,0,0.5718945264816284,1024
test\good\000271.png,good,0,0.6161049008369446,1024
test\good\000272.png,good,0,0.6323294043540955,896
test\good\000273.png,good,0,0.48031502962112427,1024
test\good\000274.png,good,0,0.5014569759368896,1024
test\good\000275.png,good,0,0.6299020051956177,1024
test\good\000276.png,good,0,0.6971222758293152,1024
test\good\000277.png,good,0,0.47281309962272644,384
test\good\000278.png,good,0,0.5850015878677368,1024
test\good\000279.png,good,0,0.5488241910934448,1024
test\good\000280.png,good,0,0.577751636505127,640
test\good\000281.png,good,0,0.4978539049625397,1024
test\good\000282.png,good,0,0.5466843247413635,1024
test\good\000283.png,good,0,0.5845238566398621,1024
test\good\000284.png,good,0,0.608049750328064,1024
test\good\000285.png,good,0,0.48177215456962585,1024
test\good\000286.png,good,0,0.5312535762786865,1024
test\good\000287.png,good,0,0.5052019357681274,1024
test\good\000288.png,good,0,0.49197590351104736,1024
test\good\000289.png,good,0,0.5374819040298462,1024
test\good\000290.png,good,0,0.6044480204582214,1024
test\good\000291.png,good,0,0.5146973133087158,1024
test\good\000292.png,good,0,0.6374973058700562,1024
test\good\000293.png,good,0,0.4686329960823059,1024
test\good\000294.png,good,0,0.5059759020805359,640
test\good\000295.png,good,0,0.6020503640174866,640
test\good\000296.png,good,0,0.5663804411888123,1024
test\good\000297.png,good,0,0.6579136252403259,1024
test\good\000298.png,good,0,0.5076956748962402,1024
test\good\000299.png,good,0,0.5020672082901001,1024
test\good\000300.png,good,0,0.5032023191452026,896
test\good\000301.png,good,0,0.620631754398346,1024
test\good\000302.png,good,0,0.5974836945533752,640
test\good\000303.png,good,0,0.5430938601493835,1024
test\good\000304.png,good,0,0.4747556746006012,1024
test\good\000305.png,good,0,0.5732635259628296,384
test\good\000306.png,good,0,0.7622463703155518,896
test\good\000307.png,good,0,0.5323256850242615,1024
test\good\000308.png,good,0,0.5362166166305542,1024
test\good\000309.png,good,0,0.4955967962741852,640
test\good\000310.png,good,0,0.4943476915359497,1024
test\good\000311.png,good,0,0.6010419726371765,896
test\good\000312.png,good,0,0.6066700220108032,896
test\good\000313.png,good,0,0.5548410415649414,1024
test\good\000314.png,good,0,0.6805208921432495,1024
test\good\000315.png,good,0,0.612506628036499,640
test\good\000316.png,good,0,0.5284784436225891,1024
test\good\000317.png,good,0,0.5685097575187683,896
test\good\000318.png,good,0,0.5755829215049744,1024
test\good\000319.png,good,0,0.7064381241798401,1024
test\good\000320.png,good,0,0.5913469791412354,1024
test\good\000321.png,good,0,0.584525465965271,1024
test\good\000322.png,good,0,0.5633271932601929,1024
test\good\000323.png,good,0,0.5694094300270081,1024
test\good\000324.png,good,0,0.5603184103965759,1024
test\good\000325.png,good,0,0.600185751914978,1024
test\good\000326.png,good,0,0.6134443283081055,1024
test\good\000327.png,good,0,0.7088550925254822,1024
test\good\000328.png,good,0,0.5300769209861755,1024
test\good\000329.png,good,0,0.47716620564460754,384
test\good\000330.png,good,0,0.5619201064109802,1024
test\good\000331.png,good,0,0.6054309606552124,640
test\good\000332.png,good,0,0.5043662786483765,1024
test\good\000333.png,good,0,0.6552044153213501,1024
test\good\000334.png,good,0,0.7611061334609985,1024
test\good\000335.png,good,0,0.5844581723213196,1024
test\good\000336.png,good,0,0.5742959976196289,960
test\good\000337.png,good,0,0.5010541081428528,1024
test\good\000338.png,good,0,0.5457459092140198,1024
test\good\000339.png,good,0,0.5116234421730042,1024
test\good\000340.png,good,0,0.6234219670295715,896
test\good\000341.png,good,0,0.5330278277397156,1024
test\good\000342.png,good,0,0.49319028854370117,1024
test\good\000343.png,good,0,0.5256581902503967,640
test\good\000344.png,good,0,0.5447030663490295,1024
test\good\000345.png,good,0,0.5223347544670105,1024
test\good\000346.png,good,0,0.5352849960327148,640
test\good\000347.png,good,0,0.5563965439796448,1024
test\good\000348.png,good,0,0.5884482860565186,1024
test\good\000349.png,good,0,0.5891935229301453,896
test\good\000350.png,good,0,0.5437352061271667,1024
test\good\000351.png,good,0,0.4777722954750061,640
test\good\000352.png,good,0,0.5258187055587769,1024
test\good\000353.png,good,0,0.5084330439567566,1024
test\good\000354.png,good,0,0.5507802963256836,1024
test\good\000355.png,good,0,0.5317185521125793,1024
test\good\000356.png,good,0,0.5299572348594666,1024
test\good\000357.png,good,0,0.5756083130836487,1024
test\good\000358.png,good,0,0.5468931198120117,1024
test\good\000359.png,good,0,0.5833829045295715,1024
test\good\000360.png,good,0,0.4784182012081146,384
test\good\000361.png,good,0,0.4854920208454132,896
test\good\000362.png,good,0,0.5651816129684448,1024
test\good\000363.png,good,0,0.47103023529052734,1024
test\good\000364.png,good,0,0.5259324908256531,640
test\good\000365.png,good,0,0.5871298313140869,1024
test\good\000366.png,good,0,0.5522913932800293,1024
test\good\000367.png,good,0,0.523504912853241,1024
test\good\000368.png,good,0,0.6089029908180237,1024
test\guoxi\000000.png,guoxi,1,0.8454477190971375,640
test\guoxi\000001.png,guoxi,1,0.6939374804496765,640
test\guoxi\000002.png,guoxi,1,0.8619967103004456,960
test\guoxi\000003.png,guoxi,1,0.7961488366127014,960
test\guoxi\000004.png,guoxi,1,0.7021437883377075,960
test\guoxi\000005.png,guoxi,1,0.8357714414596558,960
test\guoxi\000006.png,guoxi,1,0.8621261715888977,960
test\guoxi\000007.png,guoxi,1,0.7032949328422546,960
test\guoxi\000008.png,guoxi,1,0.8286420702934265,960
test\guoxi\000009.png,guoxi,1,0.76169353723526,960
test\guoxi\000010.png,guoxi,1,0.7053812146186829,640
test\guoxi\000011.png,guoxi,1,0.8604608178138733,384
test\guoxi\000012.png,guoxi,1,0.8104909062385559,384
test\guoxi\000013.png,guoxi,1,0.8527137637138367,640
test\guoxi\000014.png,guoxi,1,0.7210696339607239,640
test\guoxi\000015.png,guoxi,1,0.67765212059021,640
test\guoxi\000016.png,guoxi,1,0.7583572268486023,960
test\guoxi\000017.png,guoxi,1,0.8513931632041931,960
test\guoxi\000018.png,guoxi,1,0.6276525259017944,640
test\guoxi\000019.png,guoxi,1,0.8184539675712585,448
test\guoxi\000020.png,guoxi,1,0.847103476524353,640
test\guoxi\000021.png,guoxi,1,0.7620318531990051,640
test\guoxi\000022.png,guoxi,1,0.7197019457817078,640
test\guoxi\000023.png,guoxi,1,0.9297319650650024,640
test\guoxi\000024.png,guoxi,1,0.8304734230041504,640
test\guoxi\000025.png,guoxi,1,0.8209319710731506,640
test\guoxi\000026.png,guoxi,1,0.8299239277839661,640
test\guoxi\000027.png,guoxi,1,0.7733070850372314,640
test\guoxi\000028.png,guoxi,1,0.8492168188095093,640
test\guoxi\000029.png,guoxi,1,0.6301276683807373,640
test\guoxi\000030.png,guoxi,1,0.7991688847541809,960
test\guoxi\000031.png,guoxi,1,0.7422280311584473,960
test\guoxi\000032.png,guoxi,1,0.7708972096443176,960
test\guoxi\000033.png,guoxi,1,0.6577364206314087,384
test\guoxi\000034.png,guoxi,1,0.7878804206848145,384
test\guoxi\000035.png,guoxi,1,0.7891936898231506,384
test\guoxi\000036.png,guoxi,1,0.75214022397995,384
test\guoxi\000037.png,guoxi,1,0.7726553678512573,384
test\guoxi\000038.png,guoxi,1,0.8033990263938904,384
test\guoxi\000039.png,guoxi,1,0.7958417534828186,384
test\guoxi\000040.png,guoxi,1,0.7296442985534668,384
test\guoxi\000041.png,guoxi,1,0.818200409412384,384
test\guoxi\000042.png,guoxi,1,0.8093069195747375,384
test\guoxi\000043.png,guoxi,1,0.7866381406784058,384
test\guoxi\000044.png,guoxi,1,0.6289767622947693,384
test\guoxi\000045.png,guoxi,1,0.78411865234375,640
test\guoxi\000046.png,guoxi,1,0.7653915882110596,960
test\guoxi\000047.png,guoxi,1,0.7773600220680237,448
test\guoxi\000048.png,guoxi,1,0.696500837802887,960
test\guoxi\000049.png,guoxi,1,0.793578028678894,960
test\guoxi\000050.png,guoxi,1,0.7239665985107422,960
test\guoxi\000051.png,guoxi,1,0.8027549386024475,960
test\guoxi\000052.png,guoxi,1,0.8738790154457092,1024
test\guoxi\000053.png,guoxi,1,0.8343561291694641,1024
test\guoxi\000054.png,guoxi,1,0.8756819367408752,1024
test\guoxi\000055.png,guoxi,1,0.8660167455673218,1024
test\guoxi\000056.png,guoxi,1,0.8445608019828796,960
test\guoxi\000057.png,guoxi,1,0.766992449760437,960
test\guoxi\000058.png,guoxi,1,0.7676765322685242,960
test\guoxi\000059.png,guoxi,1,0.8018383979797363,960
test\guoxi\000060.png,guoxi,1,0.8064253926277161,960
test\guoxi\000061.png,guoxi,1,0.7743633985519409,960
test\guoxi\000062.png,guoxi,1,0.8288231492042542,960
test\guoxi\000063.png,guoxi,1,0.8509047031402588,960
test\guoxi\000064.png,guoxi,1,0.5784271955490112,960
test\guoxi\000065.png,guoxi,1,0.7351583242416382,960
test\guoxi\000066.png,guoxi,1,0.8029422760009766,960
test\guoxi\000067.png,guoxi,1,0.84101802110672,960
test\guoxi\000068.png,guoxi,1,0.8156823515892029,960
test\guoxi\000069.png,guoxi,1,0.6957772970199585,960
test\guoxi\000070.png,guoxi,1,0.7479074001312256,960
test\guoxi\000071.png,guoxi,1,0.8785285353660583,960
test\guoxi\000072.png,guoxi,1,0.8342024087905884,960
test\guoxi\000073.png,guoxi,1,0.8143922090530396,960
test\guoxi\000074.png,guoxi,1,0.8289836049079895,960
test\huashang\000000.png,huashang,1,0.7208586931228638,1024
test\huashang\000001.png,huashang,1,0.7193291783332825,1024
test\huashang\000002.png,huashang,1,0.7279449105262756,1024
test\huashang\000003.png,huashang,1,0.6861563324928284,1024
test\huashang\000004.png,huashang,1,0.7023221850395203,1024
test\huashang\000005.png,huashang,1,0.7541875839233398,1024
test\huashang\000006.png,huashang,1,0.7281737923622131,1024
test\huashang\000007.png,huashang,1,0.6713094115257263,1024
test\huashang\000008.png,huashang,1,0.8163467645645142,1024
test\huashang\000009.png,huashang,1,0.7248546481132507,1024
test\huashang\000010.png,huashang,1,0.7632291316986084,1024
test\huashang\000011.png,huashang,1,0.6775181889533997,1024
test\huashang\000012.png,huashang,1,0.8280560374259949,1024
test\huashang\000013.png,huashang,1,0.6688003540039062,640
test\huashang\000014.png,huashang,1,0.7104354500770569,640
test\huashang\000015.png,huashang,1,0.7161707878112793,640
test\huashang\000016.png,huashang,1,0.5063184499740601,640
test\huashang\000017.png,huashang,1,0.7816222310066223,640
test\huashang\000018.png,huashang,1,0.6231492161750793,640
test\huashang\000019.png,huashang,1,0.5068319439888,640
test\huashang\000020.png,huashang,1,0.6424290537834167,640
test\huashang\000021.png,huashang,1,0.522026002407074,640
test\huashang\000022.png,huashang,1,0.73457270860672,640
test\huashang\000023.png,huashang,1,0.6994157433509827,640
test\huashang\000024.png,huashang,1,0.7023802399635315,640
test\huashang\000025.png,huashang,1,0.6762233376502991,640
test\huashang\000026.png,huashang,1,0.7168166637420654,640
test\huashang\000027.png,huashang,1,0.6338542103767395,640
test\huashang\000028.png,huashang,1,0.6132112741470337,640
test\huashang\000029.png,huashang,1,0.5416966080665588,640
test\huashang\000030.png,huashang,1,0.5232955813407898,640
test\huashang\000031.png,huashang,1,0.653728187084198,640
test\huashang\000032.png,huashang,1,0.6710236072540283,640
test\huashang\000033.png,huashang,1,0.6395519971847534,640
test\huashang\000034.png,huashang,1,0.4964108467102051,640
test\huashang\000035.png,huashang,1,0.6590648293495178,640
test\huashang\000036.png,huashang,1,0.5270032286643982,640
test\huashang\000037.png,huashang,1,0.5637979507446289,640
test\huashang\000038.png,huashang,1,0.7491122484207153,640
test\huashang\000039.png,huashang,1,0.6945357322692871,640
test\huashang\000040.png,huashang,1,0.7410953640937805,640
test\huashang\000041.png,huashang,1,0.7787632346153259,640
test\huashang\000042.png,huashang,1,0.7213885188102722,640
test\huashang\000043.png,huashang,1,0.7009872198104858,640
test\huashang\000044.png,huashang,1,0.5830758810043335,640
test\huashang\000045.png,huashang,1,0.6666691303253174,640
test\huashang\000046.png,huashang,1,0.6374403834342957,640
test\huashang\000047.png,huashang,1,0.6483598947525024,640
test\huashang\000048.png,huashang,1,0.7335342168807983,640
test\huashang\000049.png,huashang,1,0.7065567970275879,640
test\huashang\000050.png,huashang,1,0.7382181286811829,640
test\huashang\000051.png,huashang,1,0.5242263674736023,640
test\huashang\000052.png,huashang,1,0.5984264016151428,640
test\huashang\000053.png,huashang,1,0.7664509415626526,640
test\huashang\000054.png,huashang,1,0.6558066010475159,640
test\huashang\000055.png,huashang,1,0.7925126552581787,640
test\huashang\000056.png,huashang,1,0.7652115821838379,640
test\huashang\000057.png,huashang,1,0.7808017134666443,640
test\huashang\000058.png,huashang,1,0.6096784472465515,1024
test\huashang\000059.png,huashang,1,0.7899834513664246,1024
test\huashang\000060.png,huashang,1,0.7615005373954773,1024
test\huashang\000061.png,huashang,1,0.7677451372146606,1024
test\huashang\000062.png,huashang,1,0.6958677768707275,1024
test\huashang\000063.png,huashang,1,0.781417727470398,1024
test\huashang\000064.png,huashang,1,0.7489248514175415,1024
test\huashang\000065.png,huashang,1,0.838027834892273,1024
test\huashang\000066.png,huashang,1,0.7716850638389587,1024
test\huashang\000067.png,huashang,1,0.7712039351463318,1024
test\huashang\000068.png,huashang,1,0.7408925890922546,1024
test\huashang\000069.png,huashang,1,0.7543989419937134,1024
test\huashang\000070.png,huashang,1,0.7931269407272339,1024
test\huashang\000071.png,huashang,1,0.7518284320831299,1024
test\huashang\000072.png,huashang,1,0.7864217758178711,1024
test\huashang\000073.png,huashang,1,0.7563480734825134,1024
test\huashang\000074.png,huashang,1,0.6882646083831787,1024
test\huashang\000075.png,huashang,1,0.7726469039916992,1024
test\huashang\000076.png,huashang,1,0.6935603618621826,1024
test\huashang\000077.png,huashang,1,0.7665571570396423,1024
test\huashang\000078.png,huashang,1,0.7681235074996948,1024
test\huashang\000079.png,huashang,1,0.7430936694145203,1024
test\huashang\000080.png,huashang,1,0.7842658758163452,1024
test\huashang\000081.png,huashang,1,0.7788037657737732,1024
test\huashang\000082.png,huashang,1,0.7628328204154968,1024
test\huashang\000083.png,huashang,1,0.8212157487869263,1024
test\huashang\000084.png,huashang,1,0.7654147744178772,1024
test\huashang\000085.png,huashang,1,0.7592446804046631,1024
test\huashang\000086.png,huashang,1,0.8053914904594421,1024
test\huashang\000087.png,huashang,1,0.6432530283927917,640
test\huashang\000088.png,huashang,1,0.6009334921836853,640
test\huashang\000089.png,huashang,1,0.6446429491043091,640
test\huashang\000090.png,huashang,1,0.8436513543128967,640
test\huashang\000091.png,huashang,1,0.5885868668556213,640
test\huashang\000092.png,huashang,1,0.6883912682533264,640
test\huashang\000093.png,huashang,1,0.7214843034744263,640
test\huashang\000094.png,huashang,1,0.5972268581390381,640
test\huashang\000095.png,huashang,1,0.5383070111274719,640
test\huashang\000096.png,huashang,1,0.665427565574646,640
test\huashang\000097.png,huashang,1,0.6929370760917664,640
test\huashang\000098.png,huashang,1,0.7819826006889343,640
test\huashang\000099.png,huashang,1,0.6328680515289307,640
test\huashang\000100.png,huashang,1,0.7460533380508423,640
test\huashang\000101.png,huashang,1,0.7671142220497131,640
test\huashang\000102.png,huashang,1,0.5563446879386902,640
test\huashang\000103.png,huashang,1,0.5848311185836792,640
test\huashang\000104.png,huashang,1,0.5904790163040161,640
test\huashang\000105.png,huashang,1,0.7842482328414917,640
test\huashang\000106.png,huashang,1,0.7576906681060791,1024
test\huashang\000107.png,huashang,1,0.7807536125183105,1024
test\huashang\000108.png,huashang,1,0.7812923192977905,1024
test\huashang\000109.png,huashang,1,0.776716411113739,1024
test\huashang\000110.png,huashang,1,0.7465364933013916,1024
test\huashang\000111.png,huashang,1,0.7687529921531677,1024
test\huashang\000112.png,huashang,1,0.7178537249565125,1024
test\huashang\000113.png,huashang,1,0.7861324548721313,1024
test\huashang\000114.png,huashang,1,0.7556294202804565,1024
test\huashang\000115.png,huashang,1,0.7687709331512451,1024
test\huashang\000116.png,huashang,1,0.7647692561149597,1024
test\huashang\000117.png,huashang,1,0.7676969170570374,1024
test\huashang\000118.png,huashang,1,0.5807085037231445,1024
test\huashang\000119.png,huashang,1,0.7960222363471985,1024
test\huashang\000120.png,huashang,1,0.7825272083282471,1024
test\huashang\000121.png,huashang,1,0.7311850190162659,1024
test\huashang\000122.png,huashang,1,0.6831094026565552,1024
test\huashang\000123.png,huashang,1,0.7744486927986145,1024
test\huashang\000124.png,huashang,1,0.7264689803123474,1024
test\huashang\000125.png,huashang,1,0.7742579579353333,1024
test\huashang\000126.png,huashang,1,0.7638214230537415,1024
test\huashang\000127.png,huashang,1,0.7429392337799072,1024
test\huashang\000128.png,huashang,1,0.7909600138664246,1024
test\huashang\000129.png,huashang,1,0.7857473492622375,1024
test\huashang\000130.png,huashang,1,0.7444114089012146,1024
test\huashang\000131.png,huashang,1,0.7897481918334961,1024
test\huashang\000132.png,huashang,1,0.7741180062294006,1024
test\huashang\000133.png,huashang,1,0.7649000883102417,1024
test\huashang\000134.png,huashang,1,0.6927469372749329,1024
test\huashang\000135.png,huashang,1,0.7750987410545349,1024
test\huashang\000136.png,huashang,1,0.7449626326560974,1024
test\huashang\000137.png,huashang,1,0.7660110592842102,1024
test\huashang\000138.png,huashang,1,0.6765109896659851,1024
test\huashang\000139.png,huashang,1,0.8040728569030762,1024
test\huashang\000140.png,huashang,1,0.7898169755935669,1024
test\huashang\000141.png,huashang,1,0.754763662815094,1024
test\huashang\000142.png,huashang,1,0.7718004584312439,1024
test\huashang\000143.png,huashang,1,0.6790962815284729,1024
test\huashang\000144.png,huashang,1,0.8625354766845703,1024
test\huashang\000145.png,huashang,1,0.7825106382369995,1024
test\huashang\000146.png,huashang,1,0.7736744284629822,1024
test\huashang\000147.png,huashang,1,0.7676602602005005,1024
test\huashang\000148.png,huashang,1,0.7719146013259888,1024
test\huashang\000149.png,huashang,1,0.7812941074371338,1024
test\huashang\000150.png,huashang,1,0.7808988094329834,1024
test\huashang\000151.png,huashang,1,0.7612529993057251,1024
test\huashang\000152.png,huashang,1,0.7704275250434875,1024
test\huashang\000153.png,huashang,1,0.5632027387619019,640
test\huashang\000154.png,huashang,1,0.5847557783126831,640
test\huashang\000155.png,huashang,1,0.7828395962715149,640
test\huashang\000156.png,huashang,1,0.7453101277351379,640
test\huashang\000157.png,huashang,1,0.6522793173789978,640
test\huashang\000158.png,huashang,1,0.7649092674255371,640
test\huashang\000159.png,huashang,1,0.6973699927330017,640
test\huashang\000160.png,huashang,1,0.7650595903396606,640
test\huashang\000161.png,huashang,1,0.5697578191757202,640
test\huashang\000162.png,huashang,1,0.5996208786964417,640
test\huashang\000163.png,huashang,1,0.684821605682373,640
test\huashang\000164.png,huashang,1,0.7973237633705139,640
test\huashang\000165.png,huashang,1,0.7395446300506592,640
test\huashang\000166.png,huashang,1,0.7397509813308716,640
test\huashang\000167.png,huashang,1,0.7725476622581482,640
test\huashang\000168.png,huashang,1,0.5839967131614685,640
test\huashang\000169.png,huashang,1,0.5880715847015381,640
test\huashang\000170.png,huashang,1,0.7365845441818237,640
test\huashang\000171.png,huashang,1,0.6429736018180847,640
test\huashang\000172.png,huashang,1,0.6702662706375122,640
test\huashang\000173.png,huashang,1,0.5773823857307434,640
test\huashang\000174.png,huashang,1,0.8207953572273254,640
test\huashang\000175.png,huashang,1,0.5954275131225586,640
test\huashang\000176.png,huashang,1,0.7650425434112549,640
test\huashang\000177.png,huashang,1,0.6262161135673523,640
test\huashang\000178.png,huashang,1,0.5006563067436218,640
test\huashang\000179.png,huashang,1,0.5308237075805664,640
test\huashang\000180.png,huashang,1,0.5891810059547424,640
test\huashang\000181.png,huashang,1,0.5769831538200378,640
test\huashang\000182.png,huashang,1,0.5936309099197388,640
test\huashang\000183.png,huashang,1,0.596646249294281,640
test\huashang\000184.png,huashang,1,0.6213153004646301,640
test\huashang\000185.png,huashang,1,0.6241292357444763,640
test\huashang\000186.png,huashang,1,0.65458083152771,1024
test\huashang\000187.png,huashang,1,0.6242225766181946,1024
test\huashang\000188.png,huashang,1,0.6488874554634094,640
test\huashang\000189.png,huashang,1,0.6924347281455994,640
test\huashang\000190.png,huashang,1,0.6191027760505676,640
test\huashang\000191.png,huashang,1,0.6804163455963135,640
test\huashang\000192.png,huashang,1,0.6932143568992615,640
test\huashang\000193.png,huashang,1,0.679085373878479,640
test\huashang\000194.png,huashang,1,0.6791054606437683,640
test\huashang\000195.png,huashang,1,0.5995399951934814,640
test\huashang\000196.png,huashang,1,0.6056564450263977,640
test\huashang\000197.png,huashang,1,0.6230975985527039,640
test\huashang\000198.png,huashang,1,0.6019815802574158,640
test\huashang\000199.png,huashang,1,0.670031726360321,1024
test\huashang\000200.png,huashang,1,0.7512753009796143,1024
test\huashang\000201.png,huashang,1,0.7586803436279297,1024
test\huashang\000202.png,huashang,1,0.767524242401123,1024
test\huashang\000203.png,huashang,1,0.7813344597816467,1024
test\huashang\000204.png,huashang,1,0.746448278427124,640
test\huashang\000205.png,huashang,1,0.5917990803718567,640
test\huashang\000206.png,huashang,1,0.6028191447257996,640
test\huashang\000207.png,huashang,1,0.6866251230239868,640
test\huashang\000208.png,huashang,1,0.5811981558799744,640
test\huashang\000209.png,huashang,1,0.6314423680305481,640
test\huashang\000210.png,huashang,1,0.6230664849281311,640
test\huashang\000211.png,huashang,1,0.5250487923622131,640
test\huashang\000212.png,huashang,1,0.7196747064590454,640
test\huashang\000213.png,huashang,1,0.7084811925888062,640
test\huashang\000214.png,huashang,1,0.6296723484992981,640
test\huashang\000215.png,huashang,1,0.5301649570465088,640
test\huashang\000216.png,huashang,1,0.5741032361984253,640
test\huashang\000217.png,huashang,1,0.6670158505439758,640
test\huashang\000218.png,huashang,1,0.602462112903595,640
test\huashang\000219.png,huashang,1,0.5972257852554321,640
test\huashang\000220.png,huashang,1,0.6590672135353088,640
test\huashang\000221.png,huashang,1,0.7995197772979736,1024
test\huashang\000222.png,huashang,1,0.785569965839386,1024
test\huashang\000223.png,huashang,1,0.7509521245956421,1024
test\huashang\000224.png,huashang,1,0.8121601343154907,1024
test\huashang\000225.png,huashang,1,0.7644628286361694,1024
test\huashang\000226.png,huashang,1,0.5322484970092773,640
test\huashang\000227.png,huashang,1,0.7060592174530029,640
test\huashang\000228.png,huashang,1,0.6283524036407471,640
test\huashang\000229.png,huashang,1,0.7831838130950928,640
test\huashang\000230.png,huashang,1,0.6566566824913025,640
test\huashang\000231.png,huashang,1,0.7742530107498169,640
test\huashang\000232.png,huashang,1,0.5811365246772766,640
test\huashang\000233.png,huashang,1,0.6626225709915161,640
test\huashang\000234.png,huashang,1,0.791083574295044,640
test\huashang\000235.png,huashang,1,0.7961111068725586,640
test\huashang\000236.png,huashang,1,0.6496728658676147,640
test\huashang\000237.png,huashang,1,0.7360238432884216,640
test\huashang\000238.png,huashang,1,0.5146331787109375,640
test\huashang\000239.png,huashang,1,0.7180750370025635,640
test\huashang\000240.png,huashang,1,0.7779210805892944,1024
test\huashang\000241.png,huashang,1,0.7113741040229797,1024
test\huashang\000242.png,huashang,1,0.7774232029914856,640
test\huashang\000243.png,huashang,1,0.7120548486709595,640
test\huashang\000244.png,huashang,1,0.6586244702339172,640
test\huashang\000245.png,huashang,1,0.6838511228561401,640
test\huashang\000246.png,huashang,1,0.7817134261131287,640
test\huashang\000247.png,huashang,1,0.6743045449256897,640
test\huashang\000248.png,huashang,1,0.7456297874450684,640
test\huashang\000249.png,huashang,1,0.6438318490982056,640
test\huashang\000250.png,huashang,1,0.5762606263160706,640
test\huashang\000251.png,huashang,1,0.6958858966827393,640
test\huashang\000252.png,huashang,1,0.6781100034713745,640
test\huashang\000253.png,huashang,1,0.6324907541275024,640
test\huashang\000254.png,huashang,1,0.7061769366264343,640
test\huashang\000255.png,huashang,1,0.6542723774909973,640
test\huashang\000256.png,huashang,1,0.7859578728675842,640
test\huashang\000257.png,huashang,1,0.585371732711792,640
test\huashang\000258.png,huashang,1,0.5892452001571655,640
test\huashang\000259.png,huashang,1,0.809130072593689,640
test\huashang\000260.png,huashang,1,0.5487162470817566,640
test\huashang\000261.png,huashang,1,0.5791322588920593,640
test\huashang\000262.png,huashang,1,0.7419922351837158,640
test\huashang\000263.png,huashang,1,0.5160170793533325,640
test\huashang\000264.png,huashang,1,0.580110490322113,640
test\huashang\000265.png,huashang,1,0.6432921290397644,640
test\huashang\000266.png,huashang,1,0.6788610219955444,640
test\huashang\000267.png,huashang,1,0.49333274364471436,640
test\huashang\000268.png,huashang,1,0.5227420926094055,640
test\huashang\000269.png,huashang,1,0.5357251167297363,640
test\huashang\000270.png,huashang,1,0.5968175530433655,640
test\huashang\000271.png,huashang,1,0.5863224864006042,640
test\huashang\000272.png,huashang,1,0.5471984148025513,640
test\huashang\000273.png,huashang,1,0.6026760339736938,640
test\huashang\000274.png,huashang,1,0.5225379467010498,640
test\huashang\000275.png,huashang,1,0.5321720242500305,640
test\huashang\000276.png,huashang,1,0.5366784930229187,640
test\huashang\000277.png,huashang,1,0.5972237586975098,640
test\huashang\000278.png,huashang,1,0.7900807857513428,640
test\huashang\000279.png,huashang,1,0.6810982823371887,640
test\huashang\000280.png,huashang,1,0.5869920253753662,640
test\huashang\000281.png,huashang,1,0.5747175216674805,640
test\huashang\000282.png,huashang,1,0.6036153435707092,640
test\huashang\000283.png,huashang,1,0.6688799858093262,640
test\huashang\000284.png,huashang,1,0.5123089551925659,640
test\huashang\000285.png,huashang,1,0.5797867178916931,640
test\huashang\000286.png,huashang,1,0.6329706907272339,640
test\huashang\000287.png,huashang,1,0.7559080123901367,640
test\huashang\000288.png,huashang,1,0.6764163374900818,640
test\huashang\000289.png,huashang,1,0.5083574056625366,640
test\huashang\000290.png,huashang,1,0.6342179775238037,640
test\huashang\000291.png,huashang,1,0.5752549767494202,640
test\huashang\000292.png,huashang,1,0.7819278836250305,640
test\huashang\000293.png,huashang,1,0.6482944488525391,640
test\huashang\000294.png,huashang,1,0.5245751142501831,640
test\huashang\000295.png,huashang,1,0.6497916579246521,640
test\huashang\000296.png,huashang,1,0.6073773503303528,640
test\huashang\000297.png,huashang,1,0.648966372013092,640
test\huashang\000298.png,huashang,1,0.6637083888053894,640
test\huashang\000299.png,huashang,1,0.6611015200614929,640
test\huashang\000300.png,huashang,1,0.7523891925811768,640
test\huashang\000301.png,huashang,1,0.809222936630249,640
test\huashang\000302.png,huashang,1,0.6288880705833435,640
test\huashang\000303.png,huashang,1,0.6768885850906372,640
test\huashang\000304.png,huashang,1,0.5564141869544983,640
test\huashang\000305.png,huashang,1,0.6907790899276733,640
test\huashang\000306.png,huashang,1,0.5545211434364319,640
test\huashang\000307.png,huashang,1,0.6596903800964355,640
test\huashang\000308.png,huashang,1,0.6855529546737671,640
test\huashang\000309.png,huashang,1,0.7641445398330688,640
test\huashang\000310.png,huashang,1,0.6042531132698059,640
test\huashang\000311.png,huashang,1,0.6217214465141296,640
test\huashang\000312.png,huashang,1,0.5469274520874023,640
test\huashang\000313.png,huashang,1,0.7057228684425354,640
test\huashang\000314.png,huashang,1,0.5502538681030273,640
test\huashang\000315.png,huashang,1,0.5999687314033508,640
test\huashang\000316.png,huashang,1,0.6369946599006653,640
test\huashang\000317.png,huashang,1,0.6763625741004944,640
test\huashang\000318.png,huashang,1,0.6820968985557556,640
test\huashang\000319.png,huashang,1,0.6214426159858704,640
test\huashang\000320.png,huashang,1,0.7230687737464905,640
test\huashang\000321.png,huashang,1,0.637347400188446,640
test\huashang\000322.png,huashang,1,0.5624136328697205,640
test\huashang\000323.png,huashang,1,0.6215402483940125,640
test\huashang\000324.png,huashang,1,0.653317928314209,640
test\huashang\000325.png,huashang,1,0.54457688331604,640
test\huashang\000326.png,huashang,1,0.5702387094497681,640
test\huashang\000327.png,huashang,1,0.6421270966529846,640
test\huashang\000328.png,huashang,1,0.6181300282478333,640
test\huashang\000329.png,huashang,1,0.6587725877761841,640
test\liangying\000000.png,liangying,1,0.8133911490440369,1024
test\liangying\000001.png,liangying,1,0.6995916962623596,1024
test\liangying\000002.png,liangying,1,0.7274603843688965,1024
test\liangying\000003.png,liangying,1,0.5167984962463379,1024
test\liangying\000004.png,liangying,1,0.804241955280304,1024
test\liangying\000005.png,liangying,1,0.8116823434829712,1024
test\liangying\000006.png,liangying,1,0.6266986727714539,1024
test\liangying\000007.png,liangying,1,0.829646646976471,1024
test\liangying\000008.png,liangying,1,0.6570502519607544,1024
test\liangying\000009.png,liangying,1,0.654947817325592,1024
test\liangying\000010.png,liangying,1,0.7967820763587952,1024
test\liangying\000011.png,liangying,1,0.8487638831138611,1024
test\liangying\000012.png,liangying,1,0.675031304359436,1024
test\liangying\000013.png,liangying,1,0.6937073469161987,1024
test\liangying\000014.png,liangying,1,0.8277434706687927,1024
test\liangying\000015.png,liangying,1,0.7750127911567688,1024
test\liangying\000016.png,liangying,1,0.8287009000778198,1024
test\liangying\000017.png,liangying,1,0.7451211214065552,1024
test\liangying\000018.png,liangying,1,0.8152598142623901,1024
test\liangying\000019.png,liangying,1,0.5991756916046143,1024
test\liangying\000020.png,liangying,1,0.6864815950393677,1024
test\liangying\000021.png,liangying,1,0.6358010768890381,1024
test\liangying\000022.png,liangying,1,0.7167320251464844,1024
test\liangying\000023.png,liangying,1,0.6286957263946533,1024
test\liangying\000024.png,liangying,1,0.698652982711792,1024
test\liangying\000025.png,liangying,1,0.7479773163795471,1024
test\liangying\000026.png,liangying,1,0.787720263004303,1024
test\liangying\000027.png,liangying,1,0.7181015610694885,1024
test\liangying\000028.png,liangying,1,0.7668322920799255,1024
test\liangying\000029.png,liangying,1,0.7559432983398438,1024
test\liangying\000030.png,liangying,1,0.7470411658287048,1024
test\liangying\000031.png,liangying,1,0.6339642405509949,1024
test\liangying\000032.png,liangying,1,0.736960768699646,1024
test\liangying\000033.png,liangying,1,0.7203822731971741,1024
test\liangying\000034.png,liangying,1,0.7505015730857849,1024
test\liangying\000035.png,liangying,1,0.7417423129081726,1024
test\liangying\000036.png,liangying,1,0.5661464929580688,1024
test\liangying\000037.png,liangying,1,0.6431667804718018,1024
test\liangying\000038.png,liangying,1,0.725614607334137,1024
test\liangying\000039.png,liangying,1,0.6069760918617249,1024
test\liangying\000040.png,liangying,1,0.783875584602356,1024
test\liangying\000041.png,liangying,1,0.6445616483688354,1024
test\liangying\000042.png,liangying,1,0.7865450978279114,1024
test\liangying\000043.png,liangying,1,0.7691083550453186,1024
test\liangying\000044.png,liangying,1,0.7419877648353577,1024
test\liangying\000045.png,liangying,1,0.6505693197250366,1024
test\liangying\000046.png,liangying,1,0.6129752397537231,1024
test\liangying\000047.png,liangying,1,0.7071593999862671,1024
test\liangying\000048.png,liangying,1,0.6500723361968994,1024
test\liangying\000049.png,liangying,1,0.6103073954582214,1024
test\liangying\000050.png,liangying,1,0.6681037545204163,1024
test\liangying\000051.png,liangying,1,0.609385073184967,1024
test\liangying\000052.png,liangying,1,0.6576024889945984,1024
test\liangying\000053.png,liangying,1,0.8072525858879089,1024
test\liangying\000054.png,liangying,1,0.6898964047431946,1024
test\liangying\000055.png,liangying,1,0.7318312525749207,1024
test\liangying\000056.png,liangying,1,0.7871853709220886,1024
test\liangying\000057.png,liangying,1,0.7424817085266113,1024
test\pengshang\000000.png,pengshang,1,0.7516964673995972,384
test\pengshang\000001.png,pengshang,1,0.7208917737007141,1024
test\pengshang\000002.png,pengshang,1,0.7574669718742371,1024
test\pengshang\000003.png,pengshang,1,0.711958110332489,1024
test\pengshang\000004.png,pengshang,1,0.7728328704833984,1024
test\pengshang\000005.png,pengshang,1,0.7477585077285767,1024
test\pengshang\000006.png,pengshang,1,0.5971053838729858,1024
test\pengshang\000007.png,pengshang,1,0.6461058855056763,1024
test\pengshang\000008.png,pengshang,1,0.6444000005722046,1024
test\pengshang\000009.png,pengshang,1,0.7097808122634888,1024
test\pengshang\000010.png,pengshang,1,0.6252762079238892,1024
test\pengshang\000011.png,pengshang,1,0.6731764078140259,1024
test\pengshang\000012.png,pengshang,1,0.6040104031562805,1024
test\pengshang\000013.png,pengshang,1,0.7761497497558594,1024
test\pengshang\000014.png,pengshang,1,0.754264771938324,1024
test\shuiyin\000000.png,shuiyin,1,0.8092357516288757,1024
test\shuiyin\000001.png,shuiyin,1,0.7891699075698853,1024
test\shuiyin\000002.png,shuiyin,1,0.8104637265205383,1024
test\shuiyin\000003.png,shuiyin,1,0.8052113056182861,1024
test\shuiyin\000004.png,shuiyin,1,0.7940558195114136,1024
test\shuiyin\000005.png,shuiyin,1,0.7956838607788086,1024
test\shuiyin\000006.png,shuiyin,1,0.7783461809158325,1024
test\shuiyin\000007.png,shuiyin,1,0.7777093648910522,1024
test\shuiyin\000008.png,shuiyin,1,0.8090312480926514,1024
test\shuiyin\000009.png,shuiyin,1,0.7853772044181824,1024
test\shuiyin\000010.png,shuiyin,1,0.7806593179702759,1024
test\shuiyin\000011.png,shuiyin,1,0.812762439250946,1024
test\shuiyin\000012.png,shuiyin,1,0.7877060174942017,1024
test\shuiyin\000013.png,shuiyin,1,0.7861009836196899,1024
test\shuiyin\000014.png,shuiyin,1,0.7967406511306763,1024
test\shuiyin\000015.png,shuiyin,1,0.7875435948371887,1024
test\shuiyin\000016.png,shuiyin,1,0.8334197402000427,1024
test\shuiyin\000017.png,shuiyin,1,0.8306792378425598,1024
test\shuiyin\000018.png,shuiyin,1,0.7912235856056213,1024
test\shuiyin\000019.png,shuiyin,1,0.7948303818702698,1024
test\shuiyin\000020.png,shuiyin,1,0.8070284128189087,1024
test\shuiyin\000021.png,shuiyin,1,0.7693231105804443,1024
test\shuiyin\000022.png,shuiyin,1,0.777538537979126,1024
test\shuiyin\000023.png,shuiyin,1,0.8364378213882446,1024
test\shuiyin\000024.png,shuiyin,1,0.8224887847900391,1024
test\shuiyin\000025.png,shuiyin,1,0.7973421812057495,1024
test\shuiyin\000026.png,shuiyin,1,0.7889519333839417,1024
test\shuiyin\000027.png,shuiyin,1,0.7678995132446289,1024
test\shuiyin\000028.png,shuiyin,1,0.826427161693573,1024
test\shuiyin\000029.png,shuiyin,1,0.7924027442932129,1024
test\shuiyin\000030.png,shuiyin,1,0.8013424873352051,1024
test\shuiyin\000031.png,shuiyin,1,0.7662598490715027,1024
test\shuiyin\000032.png,shuiyin,1,0.7622463703155518,1024
test\shuiyin\000033.png,shuiyin,1,0.7827287912368774,1024
test\shuiyin\000034.png,shuiyin,1,0.7869775295257568,1024
test\shuiyin\000035.png,shuiyin,1,0.7714316248893738,1024
test\shuiyin\000036.png,shuiyin,1,0.7996825575828552,1024
test\shuiyin\000037.png,shuiyin,1,0.806449830532074,1024
test\shuiyin\000038.png,shuiyin,1,0.8001710176467896,1024
test\shuiyin\000039.png,shuiyin,1,0.7868620157241821,1024
test\shuiyin\000040.png,shuiyin,1,0.7967536449432373,1024
test\shuiyin\000041.png,shuiyin,1,0.8290255665779114,1024
test\shuiyin\000042.png,shuiyin,1,0.8388811349868774,1024
test\shuiyin\000043.png,shuiyin,1,0.775042712688446,1024
test\shuiyin\000044.png,shuiyin,1,0.7958018183708191,1024
test\shuiyin\000045.png,shuiyin,1,0.7899740934371948,1024
test\shuiyin\000046.png,shuiyin,1,0.7675360441207886,1024
test\shuiyin\000047.png,shuiyin,1,0.7806304693222046,1024
test\shuiyin\000048.png,shuiyin,1,0.7652803659439087,1024
test\shuiyin\000049.png,shuiyin,1,0.7949092984199524,1024
test\shuiyin\000050.png,shuiyin,1,0.8056454658508301,1024
test\shuiyin\000051.png,shuiyin,1,0.8211974501609802,1024
test\shuiyin\000052.png,shuiyin,1,0.7848340272903442,1024
test\shuiyin\000053.png,shuiyin,1,0.8105278015136719,1024
test\shuiyin\000054.png,shuiyin,1,0.7655070424079895,1024
test\shuiyin\000055.png,shuiyin,1,0.7928309440612793,1024
test\shuiyin\000056.png,shuiyin,1,0.802774965763092,1024
test\shuiyin\000057.png,shuiyin,1,0.762112021446228,1024
test\shuiyin\000058.png,shuiyin,1,0.7787789106369019,1024
test\shuiyin\000059.png,shuiyin,1,0.7849332094192505,1024
test\shuiyin\000060.png,shuiyin,1,0.8245667219161987,1024
test\shuiyin\000061.png,shuiyin,1,0.8141177892684937,1024
test\shuiyin\000062.png,shuiyin,1,0.8226234912872314,1024
test\shuiyin\000063.png,shuiyin,1,0.870729923248291,1024
test\shuiyin\000064.png,shuiyin,1,0.7952864766120911,1024
test\shuiyin\000065.png,shuiyin,1,0.8220118284225464,1024
test\shuiyin\000066.png,shuiyin,1,0.7819899916648865,1024
test\shuiyin\000067.png,shuiyin,1,0.8242039680480957,1024
test\shuiyin\000068.png,shuiyin,1,0.8144901394844055,1024
test\shuiyin\000069.png,shuiyin,1,0.7714481949806213,1024
test\shuiyin\000070.png,shuiyin,1,0.7971792221069336,1024
test\shuiyin\000071.png,shuiyin,1,0.7899007797241211,1024
test\shuiyin\000072.png,shuiyin,1,0.8323342204093933,1024
test\shuiyin\000073.png,shuiyin,1,0.7352229356765747,1024
test\shuiyin\000074.png,shuiyin,1,0.7735901474952698,1024
test\shuiyin\000075.png,shuiyin,1,0.7909064888954163,1024
test\shuiyin\000076.png,shuiyin,1,0.8072221875190735,1024
test\shuiyin\000077.png,shuiyin,1,0.7878045439720154,1024
test\shuiyin\000078.png,shuiyin,1,0.8374007344245911,1024
test\shuiyin\000079.png,shuiyin,1,0.8148159384727478,1024
test\shuiyin\000080.png,shuiyin,1,0.7707789540290833,1024
test\shuiyin\000081.png,shuiyin,1,0.7420375347137451,1024
test\shuiyin\000082.png,shuiyin,1,0.7564491629600525,1024
test\shuiyin\000083.png,shuiyin,1,0.7758486866950989,1024
test\shuiyin\000084.png,shuiyin,1,0.8124666213989258,1024
test\shuiyin\000085.png,shuiyin,1,0.8266316652297974,1024
test\shuiyin\000086.png,shuiyin,1,0.744473934173584,1024
test\shuiyin\000087.png,shuiyin,1,0.7979200482368469,1024
test\shuiyin\000088.png,shuiyin,1,0.8254822492599487,1024
test\shuiyin\000089.png,shuiyin,1,0.8236784338951111,1024
test\shuiyin\000090.png,shuiyin,1,0.7738907337188721,1024
test\shuiyin\000091.png,shuiyin,1,0.8333950638771057,1024
test\yashang\000000.png,yashang,1,0.851188600063324,1024
test\yashang\000001.png,yashang,1,0.8304882049560547,1024
test\yashang\000002.png,yashang,1,0.8687987327575684,1024
test\yashang\000003.png,yashang,1,0.7565878033638,1024
test\yashang\000004.png,yashang,1,0.9031984806060791,1024
test\yashang\000005.png,yashang,1,0.845314621925354,1024
test\yashang\000006.png,yashang,1,0.8859266042709351,1024
test\yashang\000007.png,yashang,1,0.895987331867218,1024
test\yashang\000008.png,yashang,1,0.8315140604972839,1024
test\yashang\000009.png,yashang,1,0.9022947549819946,1024
test\yashang\000010.png,yashang,1,0.8304838538169861,1024
test\yashang\000011.png,yashang,1,0.8673705458641052,1024
test\yashang\000012.png,yashang,1,0.8170392513275146,1024
test\yashang\000013.png,yashang,1,0.9086561799049377,1024
test\yashang\000014.png,yashang,1,0.8526350259780884,1024
test\yashang\000015.png,yashang,1,0.849927544593811,1024
test\yashang\000016.png,yashang,1,0.8529725074768066,1024
test\yashang\000017.png,yashang,1,0.8101065158843994,1024
test\yashang\000018.png,yashang,1,0.8305613398551941,1024
test\yashang\000019.png,yashang,1,0.8517876863479614,1024
test\yashang\000020.png,yashang,1,0.8293992877006531,1024
test\yashang\000021.png,yashang,1,0.851708173751831,960
test\yashang\000022.png,yashang,1,0.7753505110740662,640
test\yashang\000023.png,yashang,1,0.49213141202926636,384
test\yashang\000024.png,yashang,1,0.8637445569038391,384
test\yashang\000025.png,yashang,1,0.7587019205093384,384
test\yashang\000026.png,yashang,1,0.712636411190033,384
test\yashang\000027.png,yashang,1,0.6494401097297668,384
test\yashang\000028.png,yashang,1,0.8753475546836853,1024
test\yashang\000029.png,yashang,1,0.8001865148544312,1024
test\yashang\000030.png,yashang,1,0.7803415656089783,1024
test\yashang\000031.png,yashang,1,0.7877475023269653,1024
test\yashang\000032.png,yashang,1,0.8220629096031189,1024
test\yashang\000033.png,yashang,1,0.8466766476631165,1024
test\yashang\000034.png,yashang,1,0.8184302449226379,1024
test\yashang\000035.png,yashang,1,0.8394462466239929,1024
test\yashang\000036.png,yashang,1,0.8302252292633057,1024
test\yashang\000037.png,yashang,1,0.7286733388900757,1024
test\yashang\000038.png,yashang,1,0.7950178384780884,1024
test\yashang\000039.png,yashang,1,0.8118153214454651,1024
test\yashang\000040.png,yashang,1,0.8707463145256042,1024
test\yashang\000041.png,yashang,1,0.6804927587509155,1024
test\yashang\000042.png,yashang,1,0.9661898612976074,1024
test\yashang\000043.png,yashang,1,0.841082751750946,1024
test\yashang\000044.png,yashang,1,0.8506631851196289,1024
test\yashang\000045.png,yashang,1,0.7587897777557373,1024
test\yashang\000046.png,yashang,1,0.7920138835906982,1024
test\yashang\000047.png,yashang,1,0.7436148524284363,1024
test\yashang\000048.png,yashang,1,0.8147473931312561,1024
test\yashang\000049.png,yashang,1,0.783209502696991,1024
test\yashang\000050.png,yashang,1,0.8665501475334167,1024
test\yashang\000051.png,yashang,1,0.8348576426506042,1024
test\yashang\000052.png,yashang,1,0.8088420629501343,1024
test\yashang\000053.png,yashang,1,0.8756210207939148,1024
test\yashang\000054.png,yashang,1,0.8433244228363037,1024
test\yashang\000055.png,yashang,1,0.7521442174911499,1024
test\yashang\000056.png,yashang,1,0.8274134397506714,1024
test\yashang\000057.png,yashang,1,0.8417708873748779,1024
test\yashang\000058.png,yashang,1,0.7970603108406067,1024
test\yashang\000059.png,yashang,1,0.718931257724762,1024
test\yashang\000060.png,yashang,1,0.8369496464729309,1024
test\yashang\000061.png,yashang,1,0.7595191597938538,1024
test\yashang\000062.png,yashang,1,0.7682849764823914,1024
test\yashang\000063.png,yashang,1,0.805573046207428,1024
test\yashang\000064.png,yashang,1,0.8612209558486938,1024
test\yashang\000065.png,yashang,1,0.7936961054801941,1024
test\yashang\000066.png,yashang,1,0.715030312538147,1024
test\yashang\000067.png,yashang,1,0.8324296474456787,1024
test\yashang\000068.png,yashang,1,0.8391013741493225,1024
test\yashang\000069.png,yashang,1,0.8274669051170349,1024
test\yashang\000070.png,yashang,1,0.8178115487098694,1024
test\yashang\000071.png,yashang,1,0.7217921614646912,1024
test\yashang\000072.png,yashang,1,0.7520701289176941,1024
test\yashang\000073.png,yashang,1,0.8398373126983643,1024
test\yashang\000074.png,yashang,1,0.8349717855453491,1024
test\yashang\000075.png,yashang,1,0.7785805463790894,1024
test\yashang\000076.png,yashang,1,0.8756024241447449,1024
test\yashang\000077.png,yashang,1,0.7785950899124146,1024
test\yashang\000078.png,yashang,1,0.8201560974121094,1024
test\yashang\000079.png,yashang,1,0.6591241955757141,1024
test\yashang\000080.png,yashang,1,0.7002001404762268,1024
test\yashang\000081.png,yashang,1,0.8340790867805481,1024
test\yashang\000082.png,yashang,1,0.8316736817359924,1024
test\yashang\000083.png,yashang,1,0.7320334315299988,1024
test\yashang\000084.png,yashang,1,0.8299130201339722,1024
test\yashang\000085.png,yashang,1,0.7779111266136169,1024
test\yashang\000086.png,yashang,1,0.7023998498916626,1024
test\yashang\000087.png,yashang,1,0.8255152106285095,1024
test\yashang\000088.png,yashang,1,0.8512400984764099,1024
test\yashang\000089.png,yashang,1,0.8254085183143616,1024
test\yashang\000090.png,yashang,1,0.7705164551734924,1024
test\yashang\000091.png,yashang,1,0.8002309799194336,1024
test\yashang\000092.png,yashang,1,0.7442046999931335,1024
test\yashang\000093.png,yashang,1,0.7770770788192749,448
test\yashang\000094.png,yashang,1,0.7780292630195618,448
test\yashang\000095.png,yashang,1,0.7464367151260376,1024
test\yashang\000096.png,yashang,1,0.7085803151130676,1024
test\yashang\000097.png,yashang,1,0.8281218409538269,1024
test\yashang\000098.png,yashang,1,0.7298005819320679,1024
test\yashang\000099.png,yashang,1,0.7541017532348633,384
test\yashang\000100.png,yashang,1,0.72629714012146,384
test\yashang\000101.png,yashang,1,0.5408037304878235,384
test\yashang\000102.png,yashang,1,0.5825166702270508,384
test\yashang\000103.png,yashang,1,0.5852457880973816,384
test\yashang\000104.png,yashang,1,0.6337976455688477,384
test\yashang\000105.png,yashang,1,0.6241336464881897,384
test\yashang\000106.png,yashang,1,0.47494757175445557,384
test\yashang\000107.png,yashang,1,0.8422108292579651,640
test\yashang\000108.png,yashang,1,0.8477391600608826,640
test\yashang\000109.png,yashang,1,0.8512693643569946,640
test\yashang\000110.png,yashang,1,0.6731942892074585,640
test\yashang\000111.png,yashang,1,0.7845073938369751,384
test\yashang\000112.png,yashang,1,0.829839289188385,384
test\yashang\000113.png,yashang,1,0.7512711882591248,384
test\yashang\000114.png,yashang,1,0.9008927941322327,1024
test\yashang\000115.png,yashang,1,0.7923349142074585,1024
test\yashang\000116.png,yashang,1,0.8752112984657288,1024
test\yashang\000117.png,yashang,1,0.6601428985595703,1024
test\yashang\000118.png,yashang,1,0.8207387924194336,1024
test\yashang\000119.png,yashang,1,0.8323051333427429,1024
test\yashang\000120.png,yashang,1,0.8264203667640686,1024
test\yashang\000121.png,yashang,1,0.8920778036117554,1024
test\yashang\000122.png,yashang,1,0.8466729521751404,1024
test\yashang\000123.png,yashang,1,0.8560903668403625,1024
test\yashang\000124.png,yashang,1,0.8500049114227295,1024
test\yashang\000125.png,yashang,1,0.883444607257843,448
test\yashang\000126.png,yashang,1,0.7633493542671204,448
test\yashang\000127.png,yashang,1,0.7887969613075256,448
test\yashang\000128.png,yashang,1,0.8774822354316711,1024
test\yashang\000129.png,yashang,1,0.7461361885070801,1024
test\yashang\000130.png,yashang,1,0.870481550693512,1024
test\yashang\000131.png,yashang,1,0.8451827764511108,1024
test\yashang\000132.png,yashang,1,0.8870126008987427,1024
test\yashang\000133.png,yashang,1,0.7404064536094666,896
test\yashang\000134.png,yashang,1,0.6770406365394592,896
test\yashang\000135.png,yashang,1,0.7916972637176514,896
test\yashang\000136.png,yashang,1,0.8042609095573425,896
test\yashang\000137.png,yashang,1,0.7918026447296143,896
test\yashang\000138.png,yashang,1,0.72652268409729,896
test\yashang\000139.png,yashang,1,0.8506113886833191,896
test\yashang\000140.png,yashang,1,0.8240618705749512,896
test\yashang\000141.png,yashang,1,0.8147701025009155,896
test\yashang\000142.png,yashang,1,0.7932305932044983,896
test\yashang\000143.png,yashang,1,0.7992959022521973,896
test\yashang\000144.png,yashang,1,0.7807067036628723,896
test\yashang\000145.png,yashang,1,0.6555799245834351,896
test\yashang\000146.png,yashang,1,0.7745105624198914,896
test\yashang\000147.png,yashang,1,0.6795468330383301,896
test\yashang\000148.png,yashang,1,0.6536939144134521,896
test\yashang\000149.png,yashang,1,0.8059114813804626,896
test\yashang\000150.png,yashang,1,0.7863526344299316,896
test\yashang\000151.png,yashang,1,0.5802854299545288,896
test\yashang\000152.png,yashang,1,0.8515806198120117,896
test\yashang\000153.png,yashang,1,0.7486907839775085,896
test\yashang\000154.png,yashang,1,0.8921292424201965,896
test\yashang\000155.png,yashang,1,0.8276093006134033,896
test\yashang\000156.png,yashang,1,0.6471242904663086,896
test\yashang\000157.png,yashang,1,0.7309083342552185,896
test\yashang\000158.png,yashang,1,0.6611993312835693,896
test\yashang\000159.png,yashang,1,0.8090444803237915,896
test\yashang\000160.png,yashang,1,0.8614172339439392,896
test\yashang\000161.png,yashang,1,0.8346155881881714,896
test\yashang\000162.png,yashang,1,0.6781781911849976,896
test\yashang\000163.png,yashang,1,0.5324968695640564,896
test\yashang\000164.png,yashang,1,0.8365527391433716,896
test\yashang\000165.png,yashang,1,0.5729450583457947,896
test\yashang\000166.png,yashang,1,0.6678533554077148,896
test\yashang\000167.png,yashang,1,0.8340723514556885,640
test\yashang\000168.png,yashang,1,0.7978976368904114,640
test\yashang\000169.png,yashang,1,0.5521007180213928,384
test\yashang\000170.png,yashang,1,0.6875249743461609,384
test\yashang\000171.png,yashang,1,0.8882660865783691,384
test\yashang\000172.png,yashang,1,0.7459708452224731,384
test\yashang\000173.png,yashang,1,0.7975577712059021,384
test\yashang\000174.png,yashang,1,0.5335162281990051,384
test\yashang\000175.png,yashang,1,0.7699295878410339,384
test\yashang\000176.png,yashang,1,0.677717387676239,384
test\yashang\000177.png,yashang,1,0.8836081624031067,384
test\yashang\000178.png,yashang,1,0.8704568147659302,384
test\yashang\000179.png,yashang,1,0.8186476826667786,384
test\yashang\000180.png,yashang,1,0.6155813932418823,384
test\yashang\000181.png,yashang,1,0.504252016544342,384
test\yashang\000182.png,yashang,1,0.5232049226760864,384
test\yashang\000183.png,yashang,1,0.5761932134628296,384
test\yashang\000184.png,yashang,1,0.7812293171882629,384
test\yashang\000185.png,yashang,1,0.7512576580047607,384
test\yashang\000186.png,yashang,1,0.7888398766517639,384
test\yashang\000187.png,yashang,1,0.6236491203308105,384
test\yashang\000188.png,yashang,1,0.5973615646362305,384
test\yashang\000189.png,yashang,1,0.5760370492935181,384
test\yashang\000190.png,yashang,1,0.8216079473495483,384
test\yashang\000191.png,yashang,1,0.8414513468742371,384
test\yashang\000192.png,yashang,1,0.6109601259231567,384
test\yashang\000193.png,yashang,1,0.8047499656677246,384
test\yashang\000194.png,yashang,1,0.4972761571407318,384
test\yashang\000195.png,yashang,1,0.6917842626571655,384
test\yashang\000196.png,yashang,1,0.5888584852218628,384
test\yashang\000197.png,yashang,1,0.7375236749649048,384
test\yashang\000198.png,yashang,1,0.8769258260726929,384
test\yashang\000199.png,yashang,1,0.7559953331947327,384
test\yashang\000200.png,yashang,1,0.5702929496765137,384
test\yashang\000201.png,yashang,1,0.7649043798446655,384
test\yashang\000202.png,yashang,1,0.7810158729553223,384
test\yashang\000203.png,yashang,1,0.8235851526260376,384
test\yashang\000204.png,yashang,1,0.5368597507476807,384
test\yashang\000205.png,yashang,1,0.6733192205429077,384
test\yashang\000206.png,yashang,1,0.8632959723472595,768
test\yashang\000207.png,yashang,1,0.7662402391433716,640
test\yashang\000208.png,yashang,1,0.8129420280456543,384
test\yashang\000209.png,yashang,1,0.513805627822876,384
test\yashang\000210.png,yashang,1,0.6651380062103271,384
test\yashang\000211.png,yashang,1,0.5649900436401367,384
test\yashang\000212.png,yashang,1,0.6460288763046265,640
test\yashang\000213.png,yashang,1,0.7617592215538025,640
test\yashang\000214.png,yashang,1,0.8159648776054382,640
test\yashang\000215.png,yashang,1,0.8766846060752869,640
test\yashang\000216.png,yashang,1,0.6398813724517822,896
test\yashang\000217.png,yashang,1,0.7719859480857849,896
test\yashang\000218.png,yashang,1,0.7423706650733948,896
test\yashang\000219.png,yashang,1,0.7404270172119141,896
test\yashang\000220.png,yashang,1,0.7238913178443909,960
test\yashang\000221.png,yashang,1,0.8262993693351746,960
test\yashang\000222.png,yashang,1,0.6905897259712219,640
test\yashang\000223.png,yashang,1,0.7630395889282227,960
test\yashang\000224.png,yashang,1,0.7894010543823242,960
test\yise\000000.png,yise,1,0.7761899828910828,1024
test\yise\000001.png,yise,1,0.787559449672699,1024
test\yise\000002.png,yise,1,0.6947507262229919,1024
test\yise\000003.png,yise,1,0.6411538124084473,1024
test\yise\000004.png,yise,1,0.6394133567810059,1024
test\yise\000005.png,yise,1,0.8113760352134705,1024
test\yise\000006.png,yise,1,0.7885386347770691,1024
test\yise\000007.png,yise,1,0.729415237903595,1024
test\yise\000008.png,yise,1,0.7417466044425964,1024
test\yise\000009.png,yise,1,0.7811470627784729,1024
test\yise\000010.png,yise,1,0.6789997220039368,1024
test\yise\000011.png,yise,1,0.7218942046165466,1024
test\yise\000012.png,yise,1,0.7200546264648438,1024
test\yise\000013.png,yise,1,0.8303979635238647,1024
test\yise\000014.png,yise,1,0.9047309160232544,1024
test\yise\000015.png,yise,1,0.7248181700706482,1024
test\yise\000016.png,yise,1,0.7786486148834229,1024
test\yise\000017.png,yise,1,0.6985979676246643,1024
test\yise\000018.png,yise,1,0.84144127368927,1024
test\yise\000019.png,yise,1,0.7993083000183105,1024
test\yise\000020.png,yise,1,0.8678059577941895,1024
test\yise\000021.png,yise,1,0.7835738062858582,1024
test\yise\000022.png,yise,1,0.6034896373748779,1024
test\yise\000023.png,yise,1,0.7442309856414795,1024
test\yise\000024.png,yise,1,0.8125355243682861,1024
test\yise\000025.png,yise,1,0.6666667461395264,1024
test\yise\000026.png,yise,1,0.6888407468795776,1024
test\yise\000027.png,yise,1,0.7842874526977539,1024
test\yise\000028.png,yise,1,0.8069009184837341,1024
test\yise\000029.png,yise,1,0.6999140977859497,1024
test\yise\000030.png,yise,1,0.8296105861663818,1024
test\yise\000031.png,yise,1,0.7827675938606262,1024
test\yise\000032.png,yise,1,0.7513313293457031,1024
test\yise\000033.png,yise,1,0.748481810092926,1024
test\yise\000034.png,yise,1,0.7298226356506348,1024
test\yise\000035.png,yise,1,0.7632301449775696,1024
test\yise\000036.png,yise,1,0.6760843992233276,1024
test\yise\000037.png,yise,1,0.7858166694641113,1024
test\yise\000038.png,yise,1,0.8067543506622314,1024
test\yise\000039.png,yise,1,0.7799584269523621,1024
test\yise\000040.png,yise,1,0.5522190928459167,1024
test\yise\000041.png,yise,1,0.8631923198699951,1024
test\yise\000042.png,yise,1,0.8048416376113892,1024
test\yise\000043.png,yise,1,0.7613555192947388,1024
test\yise\000044.png,yise,1,0.8549922704696655,1024
test\yise\000045.png,yise,1,0.789908766746521,1024
test\yise\000046.png,yise,1,0.8456043004989624,1024
test\yise\000047.png,yise,1,0.8063144087791443,1024
test\yise\000048.png,yise,1,0.7246580719947815,1024
test\yise\000049.png,yise,1,0.7421190738677979,1024
test\yise\000050.png,yise,1,0.6572220921516418,1024
test\yise\000051.png,yise,1,0.6608495116233826,1024
test\yise\000052.png,yise,1,0.7932271361351013,1024
test\yise\000053.png,yise,1,0.6939516067504883,1024
